Date,gift,id,pooled_group,article_consumed,quantity,X1_unit_weight_grams,index,source,total_weight_grams
23/07/2018,0,1032,0,maondo-with peel,5,429,2,fieldnotes. ,2145
23/07/2018,0,1102,0,palm nuts,10,9,8,"Davies, R. M. (2012). Physical and mechanical properties of palm fruit, kernel and nut. Journal of Agricultural Technology, 8(7), 2147-2156.. ",90
24/07/2018,0,3041,0,orange,1,131,45,USDA with peel. ,131
25/07/2018,0,3077,0,palm nuts,10,9,8,"Davies, R. M. (2012). Physical and mechanical properties of palm fruit, kernel and nut. Journal of Agricultural Technology, 8(7), 2147-2156.. ",90
26/07/2018,0,2513,0,honey,0.5,1420,91,"According to  U.S. Department of Agriculture, Agricultural Research Service. FoodData Central, 1L of raw wild honey sold in the US equals 1,42 kg. https://www.aqua-calc.com/calculate/food-volume-to-weight. For ""HONEY, WILD and RAW, UPC: 07789044033"", ""ORGANIC WILD and RAW HONEY, UPC: 07789043705"" and ""WILD and RAW HONEY, UPC: 07789044034"". ",710
26/07/2018,0,1121,0,ediki-with centre,1,963,55,fieldnotes. ,963
26/07/2018,0,2038,0,fish,1,404,76,fieldnotes. we took the median of all the raw fish in our samples,404
26/07/2018,0,1124,0,honey,1,1420,91,"According to  U.S. Department of Agriculture, Agricultural Research Service. FoodData Central, 1L of raw wild honey sold in the US equals 1,42 kg. https://www.aqua-calc.com/calculate/food-volume-to-weight. For ""HONEY, WILD and RAW, UPC: 07789044033"", ""ORGANIC WILD and RAW HONEY, UPC: 07789043705"" and ""WILD and RAW HONEY, UPC: 07789044034"". ",1420
28/07/2018,0,1121,0,mobe,3,1380,1,average from all mobe returned to camp. ,4140
29/07/2018,0,1006,0,honey,1,1420,91,"According to  U.S. Department of Agriculture, Agricultural Research Service. FoodData Central, 1L of raw wild honey sold in the US equals 1,42 kg. https://www.aqua-calc.com/calculate/food-volume-to-weight. For ""HONEY, WILD and RAW, UPC: 07789044033"", ""ORGANIC WILD and RAW HONEY, UPC: 07789043705"" and ""WILD and RAW HONEY, UPC: 07789044034"". ",1420
29/07/2018,0,2513,0,maondo-with peel,2,429,2,fieldnotes. ,858
29/07/2018,0,2039,0,banana,5,127,38,"usda, NDB Number:9040, mean of average weight for 4 sizes of bananas 
https://fdc.nal.usda.gov/fdc-app.html#/food-details/173944/measures. ",635
30/07/2018,0,2038,0,honey,1.5,1420,91,"According to  U.S. Department of Agriculture, Agricultural Research Service. FoodData Central, 1L of raw wild honey sold in the US equals 1,42 kg. https://www.aqua-calc.com/calculate/food-volume-to-weight. For ""HONEY, WILD and RAW, UPC: 07789044033"", ""ORGANIC WILD and RAW HONEY, UPC: 07789043705"" and ""WILD and RAW HONEY, UPC: 07789044034"". ",2130
01/08/2018,0,1104,0,mobe,1,1380,1,average from all mobe returned to camp. ,1380
02/08/2018,0,1006,0,palm wine,0.5,1000,10,fieldnotes. We took same weight as water,500
02/08/2018,0,1104,0,mobe,1,1380,1,average from all mobe returned to camp. ,1380
02/08/2018,0,2039,0,banana,5,127,38,"usda, NDB Number:9040, mean of average weight for 4 sizes of bananas 
https://fdc.nal.usda.gov/fdc-app.html#/food-details/173944/measures. ",635
02/08/2018,0,1007,0,mobe,1,500,1,NA. ,500
03/08/2018,0,3040,0,maondo-with peel,3,429,2,fieldnotes. ,1287
04/08/2018,0,1032,0,palm wine,0.5,1000,10,fieldnotes. We took same weight as water,500
04/08/2018,0,1124,0,honey,1,1420,91,"According to  U.S. Department of Agriculture, Agricultural Research Service. FoodData Central, 1L of raw wild honey sold in the US equals 1,42 kg. https://www.aqua-calc.com/calculate/food-volume-to-weight. For ""HONEY, WILD and RAW, UPC: 07789044033"", ""ORGANIC WILD and RAW HONEY, UPC: 07789043705"" and ""WILD and RAW HONEY, UPC: 07789044034"". ",1420
04/08/2018,1,2899,0,banana,6,127,38,"usda, NDB Number:9040, mean of average weight for 4 sizes of bananas 
https://fdc.nal.usda.gov/fdc-app.html#/food-details/173944/measures. ",762
04/08/2018,0,3077,0,ediki-with centre,1,250,55,NA. ,250
05/08/2018,0,3040,0,honey,0.25,1420,91,"According to  U.S. Department of Agriculture, Agricultural Research Service. FoodData Central, 1L of raw wild honey sold in the US equals 1,42 kg. https://www.aqua-calc.com/calculate/food-volume-to-weight. For ""HONEY, WILD and RAW, UPC: 07789044033"", ""ORGANIC WILD and RAW HONEY, UPC: 07789043705"" and ""WILD and RAW HONEY, UPC: 07789044034"". ",355
05/08/2018,0,1122,0,honey,1,1420,91,"According to  U.S. Department of Agriculture, Agricultural Research Service. FoodData Central, 1L of raw wild honey sold in the US equals 1,42 kg. https://www.aqua-calc.com/calculate/food-volume-to-weight. For ""HONEY, WILD and RAW, UPC: 07789044033"", ""ORGANIC WILD and RAW HONEY, UPC: 07789043705"" and ""WILD and RAW HONEY, UPC: 07789044034"". ",1420
05/08/2018,0,1032,0,maondo-with peel,1,429,2,fieldnotes. ,429
05/08/2018,0,1028,0,a large portion of blue duiker smoked,1,2512,64,"fieldnotes. We can use: ""Kingdon 2015 gives a weight per individual between 3.5 and 9kg. We took the mean of 6.25kg."" Then 1/3 of an individual is 2,1kg.",2512
06/08/2018,0,1007,0,fish,0.33,404,76,fieldnotes. we took the median of all the raw fish in our samples,133.32
06/08/2018,0,2544,0,fish,0.33,404,76,fieldnotes. we took the median of all the raw fish in our samples,133.32
06/08/2018,0,3118,0,fish,0.33,404,76,fieldnotes. we took the median of all the raw fish in our samples,133.32
06/08/2018,0,1103,0,blue duiker intestins,1,775,70,estimates as average of 1.3kg of intenstines measured in food returns and 0.25kg reported in food recall. ,775
06/08/2018,0,2030,0,maondo-with peel,1,429,2,fieldnotes. ,429
06/08/2018,0,1103,0,papaya-with peel,1,420,11,fieldnotes. ,420
07/08/2018,0,1124,0,honey,1,1420,91,"According to  U.S. Department of Agriculture, Agricultural Research Service. FoodData Central, 1L of raw wild honey sold in the US equals 1,42 kg. https://www.aqua-calc.com/calculate/food-volume-to-weight. For ""HONEY, WILD and RAW, UPC: 07789044033"", ""ORGANIC WILD and RAW HONEY, UPC: 07789043705"" and ""WILD and RAW HONEY, UPC: 07789044034"". ",1420
07/08/2018,0,1028,0,maondo-with peel,1,429,2,fieldnotes. ,429
07/08/2018,0,1028,0,mobe,1,1380,1,average from all mobe returned to camp. ,1380
07/08/2018,0,1115,0,orange,1,131,45,USDA with peel. ,131
09/08/2018,0,2523,0,ediki-with centre,3,963,55,fieldnotes. ,2889
09/08/2018,0,2544,0,ediki-with centre,4,963,55,fieldnotes. ,3852
09/08/2018,0,1032,0,maondo-with peel,7,429,2,fieldnotes. ,3003
10/08/2018,0,1124,0,ediki-with centre,1,963,55,fieldnotes. ,963
10/08/2018,0,2539,0,ediki-with centre,1,963,55,fieldnotes. ,963
10/08/2018,0,1016,0,ediki-with centre,1,963,55,fieldnotes. ,963
10/08/2018,0,1016,0,mobe,1,1380,1,average from all mobe returned to camp. ,1380
10/08/2018,0,1006,0,palm wine,1,1000,10,fieldnotes. We took same weight as water,1000
10/08/2018,0,3118,0,maondo-with peel,10,429,2,fieldnotes. ,4290
11/08/2018,0,1016,0,mobe,1,1380,1,average from all mobe returned to camp. ,1380
11/08/2018,0,1124,0,honey,4,1420,91,"According to  U.S. Department of Agriculture, Agricultural Research Service. FoodData Central, 1L of raw wild honey sold in the US equals 1,42 kg. https://www.aqua-calc.com/calculate/food-volume-to-weight. For ""HONEY, WILD and RAW, UPC: 07789044033"", ""ORGANIC WILD and RAW HONEY, UPC: 07789043705"" and ""WILD and RAW HONEY, UPC: 07789044034"". ",5680
11/08/2018,0,2030,0,maondo-with peel,4,429,2,fieldnotes. ,1716
11/08/2018,0,1103,0,maondo-with peel,7,429,2,fieldnotes. ,3003
11/08/2018,0,2544,0,ediki-with centre,1,300,55,NA. ,300
11/08/2018,0,1119,0,honey,1,750,91,NA. ,750
11/08/2018,0,1102,0,mobe,1,1000,1,NA. ,1000
11/08/2018,0,1115,0,mobe,1,2000,1,NA. ,2000
12/08/2018,0,1116,0,ediki-with centre,1,963,55,fieldnotes. ,963
12/08/2018,0,2030,0,maondo-with peel,1,429,2,fieldnotes. ,429
12/08/2018,0,3040,0,honey,2.5,1420,91,"According to  U.S. Department of Agriculture, Agricultural Research Service. FoodData Central, 1L of raw wild honey sold in the US equals 1,42 kg. https://www.aqua-calc.com/calculate/food-volume-to-weight. For ""HONEY, WILD and RAW, UPC: 07789044033"", ""ORGANIC WILD and RAW HONEY, UPC: 07789043705"" and ""WILD and RAW HONEY, UPC: 07789044034"". ",3550
14/08/2018,0,2523,0,ediki-with centre,1,963,55,fieldnotes. ,963
14/08/2018,0,3118,0,ediki-with centre,1,963,55,fieldnotes. ,963
14/08/2018,1,3115,0,orange,3,131,45,USDA with peel. ,393
14/08/2018,0,1010,0,ediki-with centre,1,500,55,NA. ,500
15/08/2018,0,2055,0,honey,1,1420,91,"According to  U.S. Department of Agriculture, Agricultural Research Service. FoodData Central, 1L of raw wild honey sold in the US equals 1,42 kg. https://www.aqua-calc.com/calculate/food-volume-to-weight. For ""HONEY, WILD and RAW, UPC: 07789044033"", ""ORGANIC WILD and RAW HONEY, UPC: 07789043705"" and ""WILD and RAW HONEY, UPC: 07789044034"". ",1420
15/08/2018,0,1119,0,honey,2,1420,91,"According to  U.S. Department of Agriculture, Agricultural Research Service. FoodData Central, 1L of raw wild honey sold in the US equals 1,42 kg. https://www.aqua-calc.com/calculate/food-volume-to-weight. For ""HONEY, WILD and RAW, UPC: 07789044033"", ""ORGANIC WILD and RAW HONEY, UPC: 07789043705"" and ""WILD and RAW HONEY, UPC: 07789044034"". ",2840
15/08/2018,0,3077,0,maondo-with peel,2,429,2,fieldnotes. ,858
15/08/2018,0,2055,0,honey,3,1420,91,"According to  U.S. Department of Agriculture, Agricultural Research Service. FoodData Central, 1L of raw wild honey sold in the US equals 1,42 kg. https://www.aqua-calc.com/calculate/food-volume-to-weight. For ""HONEY, WILD and RAW, UPC: 07789044033"", ""ORGANIC WILD and RAW HONEY, UPC: 07789043705"" and ""WILD and RAW HONEY, UPC: 07789044034"". ",4260
15/08/2018,0,1035,0,maondo-with peel,5,429,2,fieldnotes. ,2145
15/08/2018,0,3117,0,maondo-with peel,5,429,2,fieldnotes. ,2145
15/08/2018,0,1101,0,maondo-with peel,15,429,2,fieldnotes. ,6435
16/08/2018,0,2523,0,ediki-with centre,1,963,55,fieldnotes. ,963
16/08/2018,0,3119,0,orange,1,131,45,USDA with peel. ,131
16/08/2018,0,1007,0,orange,2,131,45,USDA with peel. ,262
16/08/2018,0,3118,0,orange,2,131,45,USDA with peel. ,262
16/08/2018,0,1016,0,orange,3,131,45,USDA with peel. ,393
16/08/2018,0,2539,0,ediki-with centre,1,400,55,NA. ,400
17/08/2018,0,1104,0,palm wine,2,1000,10,fieldnotes. We took same weight as water,2000
17/08/2018,0,3118,0,maondo-with peel,20,429,2,fieldnotes. ,8580
18/08/2018,0,1007,0,maondo-with peel,1,429,2,fieldnotes. ,429
18/08/2018,0,3118,0,maondo-with peel,1,429,2,fieldnotes. ,429
20/08/2018,0,1101,0,blue duiker head,1,1376,65,average of two heads measured in food returns. ,1376
20/08/2018,0,1122,0,blue duiker head,1,1376,65,average of two heads measured in food returns. ,1376
20/08/2018,0,2030,0,blue duiker head,1,1376,65,average of two heads measured in food returns. ,1376
20/08/2018,0,3040,0,blue duiker head,1,1376,65,average of two heads measured in food returns. ,1376
20/08/2018,0,1124,0,blue duiker intestins,1,775,70,estimates as average of 1.3kg of intenstines measured in food returns and 0.25kg reported in food recall. ,775
20/08/2018,0,1124,0,blue duiker intestins,1,250,70,NA. ,250
20/08/2018,0,3040,0,brushed-tailed porcupine head,1,813,74,"Kingdon 1995 gives an average weight of 3,25kg per individual. We take 1/4 of the average weight.. 74 = brushed-tailed porcupine without quills",813
21/08/2018,0,1121,0,palm wine,1.5,1000,10,fieldnotes. We took same weight as water,1500
21/08/2018,0,2030,0,maondo-with peel,6,429,2,fieldnotes. ,2574
21/08/2018,0,1119,0,honey,8.5,1420,91,"According to  U.S. Department of Agriculture, Agricultural Research Service. FoodData Central, 1L of raw wild honey sold in the US equals 1,42 kg. https://www.aqua-calc.com/calculate/food-volume-to-weight. For ""HONEY, WILD and RAW, UPC: 07789044033"", ""ORGANIC WILD and RAW HONEY, UPC: 07789043705"" and ""WILD and RAW HONEY, UPC: 07789044034"". ",12070
21/08/2018,0,1035,0,maondo-with peel,14,429,2,fieldnotes. ,6006
22/08/2018,0,1030,0,ediki-with centre,1,963,55,fieldnotes. ,963
22/08/2018,0,1122,0,palm wine,2.5,1000,10,fieldnotes. We took same weight as water,2500
22/08/2018,0,1122,0,palm wine,3.5,1000,10,fieldnotes. We took same weight as water,3500
23/08/2018,0,1101,0,honey,8.5,1420,91,"According to  U.S. Department of Agriculture, Agricultural Research Service. FoodData Central, 1L of raw wild honey sold in the US equals 1,42 kg. https://www.aqua-calc.com/calculate/food-volume-to-weight. For ""HONEY, WILD and RAW, UPC: 07789044033"", ""ORGANIC WILD and RAW HONEY, UPC: 07789043705"" and ""WILD and RAW HONEY, UPC: 07789044034"". ",12070
24/08/2018,0,1120,0,palm wine,0.5,1000,10,fieldnotes. We took same weight as water,500
24/08/2018,0,2539,0,ediki-with centre,1,963,55,fieldnotes. ,963
24/08/2018,0,2513,0,maondo-with peel,1,429,2,fieldnotes. ,429
24/08/2018,0,1122,0,maondo-with peel,3,429,2,fieldnotes. ,1287
24/08/2018,0,2039,0,mela,3,100,35,"fieldnotes. ""minimum return""",300
24/08/2018,0,2030,0,maondo-with peel,7,429,2,fieldnotes. ,3003
24/08/2018,0,1122,0,maondo-with peel,12,429,2,fieldnotes. ,5148
25/08/2018,0,1035,0,palm wine,3,1000,10,fieldnotes. We took same weight as water,3000
25/08/2018,0,2055,0,honey,3.5,1420,91,"According to  U.S. Department of Agriculture, Agricultural Research Service. FoodData Central, 1L of raw wild honey sold in the US equals 1,42 kg. https://www.aqua-calc.com/calculate/food-volume-to-weight. For ""HONEY, WILD and RAW, UPC: 07789044033"", ""ORGANIC WILD and RAW HONEY, UPC: 07789043705"" and ""WILD and RAW HONEY, UPC: 07789044034"". ",4970
26/08/2018,0,1124,0,palm wine,1,1000,10,fieldnotes. We took same weight as water,1000
26/08/2018,0,2522,0,mela,2,100,35,"fieldnotes. ""minimum return""",200
26/08/2018,0,2039,0,mela,6,100,35,"fieldnotes. ""minimum return""",600
26/08/2018,0,2523,0,maondo-with peel,14,429,2,fieldnotes. ,6006
27/08/2018,0,1124,0,palm wine,1.5,1000,10,fieldnotes. We took same weight as water,1500
27/08/2018,0,2039,0,banana,4,127,38,"usda, NDB Number:9040, mean of average weight for 4 sizes of bananas 
https://fdc.nal.usda.gov/fdc-app.html#/food-details/173944/measures. ",508
27/08/2018,0,1119,0,maondo-with peel,9,429,2,fieldnotes. ,3861
28/08/2018,0,1104,0,papaya-with peel,1,420,11,fieldnotes. ,420
28/08/2018,0,2544,0,ediki-with centre,2,963,55,fieldnotes. ,1926
28/08/2018,0,2544,0,maondo-with peel,3,429,2,fieldnotes. ,1287
28/08/2018,0,1028,0,papaya-with peel,3,420,11,fieldnotes. ,1260
28/08/2018,0,1119,0,honey,5.5,1420,91,"According to  U.S. Department of Agriculture, Agricultural Research Service. FoodData Central, 1L of raw wild honey sold in the US equals 1,42 kg. https://www.aqua-calc.com/calculate/food-volume-to-weight. For ""HONEY, WILD and RAW, UPC: 07789044033"", ""ORGANIC WILD and RAW HONEY, UPC: 07789043705"" and ""WILD and RAW HONEY, UPC: 07789044034"". ",7810
28/08/2018,0,1007,0,maondo-with peel,17,429,2,fieldnotes. ,7293
29/08/2018,0,1010,0,orange,3,131,45,USDA with peel. ,393
29/08/2018,0,1121,0,papaya-with peel,6,420,11,fieldnotes. ,2520
31/08/2018,0,2039,0,banana,1,127,38,"usda, NDB Number:9040, mean of average weight for 4 sizes of bananas 
https://fdc.nal.usda.gov/fdc-app.html#/food-details/173944/measures. ",127
31/08/2018,0,1016,0,ediki-with centre,1,963,55,fieldnotes. ,963
31/08/2018,0,3061,0,papaya-with peel,1,420,11,fieldnotes. ,420
31/08/2018,0,3061,0,ediki-with centre,2,963,55,fieldnotes. ,1926
31/08/2018,0,2039,0,cassava tubers,4,408,22,"usda, NDB Number:11134 . ",1632
31/08/2018,0,1119,0,honey,5.5,1420,91,"According to  U.S. Department of Agriculture, Agricultural Research Service. FoodData Central, 1L of raw wild honey sold in the US equals 1,42 kg. https://www.aqua-calc.com/calculate/food-volume-to-weight. For ""HONEY, WILD and RAW, UPC: 07789044033"", ""ORGANIC WILD and RAW HONEY, UPC: 07789043705"" and ""WILD and RAW HONEY, UPC: 07789044034"". ",7810
31/08/2018,0,3142,0,caterpillars,1,500,75,NA. ,500
01/09/2018,0,2055,0,maondo-with peel,5,429,2,fieldnotes. ,2145
01/09/2018,0,1016,0,maondo-with peel,10,429,2,fieldnotes. ,4290
01/09/2018,0,2031,0,caterpillars,1,500,75,NA. ,500
02/09/2018,0,1103,0,fish,1,404,76,fieldnotes. we took the median of all the raw fish in our samples,404
02/09/2018,0,1103,0,mobe,1,1380,1,average from all mobe returned to camp. ,1380
02/09/2018,0,3117,0,maondo-with peel,9,429,2,fieldnotes. ,3861
01/08/2018,0,1032,1,palm wine,0.5,1000,10,fieldnotes. We took same weight as water,500
01/08/2018,0,1006,1,palm wine,0.5,1000,10,fieldnotes. We took same weight as water,500
01/09/2018,0,1035,1,maondo-with peel,43,429,2,fieldnotes. ,18447
01/09/2018,0,2523,1,maondo-with peel,43,429,2,fieldnotes. ,18447
01/09/2018,0,3077,1,maondo-with peel,43,429,2,fieldnotes. ,18447
01/09/2018,0,3041,2,caterpillars,1,1000,75,NA. ,1000
01/09/2018,0,3077,2,caterpillars,1,1000,75,NA. ,1000
01/09/2018,0,3117,2,caterpillars,1,1000,75,NA. ,1000
01/09/2018,0,1023,3,caterpillars,1,500,75,NA. ,500
01/09/2018,0,1106,3,caterpillars,1,500,75,NA. ,500
02/08/2018,0,1032,1,palm wine,1,1000,10,fieldnotes. We took same weight as water,1000
02/08/2018,0,1006,1,palm wine,1,1000,10,fieldnotes. We took same weight as water,1000
02/08/2018,0,1007,2,maondo-with peel,24,429,2,fieldnotes. ,10296
02/08/2018,0,2544,2,maondo-with peel,24,429,2,fieldnotes. ,10296
02/08/2018,0,1010,2,maondo-with peel,24,429,2,fieldnotes. ,10296
02/08/2018,0,3077,2,maondo-with peel,24,429,2,fieldnotes. ,10296
02/08/2018,0,1011,2,maondo-with peel,24,429,2,fieldnotes. ,10296
02/08/2018,0,3117,2,maondo-with peel,24,429,2,fieldnotes. ,10296
02/08/2018,0,1016,2,maondo-with peel,24,429,2,fieldnotes. ,10296
02/08/2018,0,3118,2,maondo-with peel,24,429,2,fieldnotes. ,10296
02/08/2018,0,1035,2,maondo-with peel,24,429,2,fieldnotes. ,10296
02/08/2018,0,3119,2,maondo-with peel,24,429,2,fieldnotes. ,10296
02/08/2018,0,2513,2,maondo-with peel,24,429,2,fieldnotes. ,10296
02/08/2018,0,1008,2,maondo-with peel,24,429,2,fieldnotes. ,10296
02/08/2018,0,2523,2,maondo-with peel,24,429,2,fieldnotes. ,10296
02/08/2018,0,1104,3,maondo-with peel,18,429,2,fieldnotes. ,7722
02/08/2018,0,1009,3,maondo-with peel,18,429,2,fieldnotes. ,7722
02/08/2018,0,1121,3,maondo-with peel,18,429,2,fieldnotes. ,7722
02/09/2018,0,3117,1,maondo-with peel,34,429,2,fieldnotes. ,14586
02/09/2018,0,1023,1,maondo-with peel,34,429,2,fieldnotes. ,14586
03/08/2018,0,1011,1,maondo-with peel,9,429,2,fieldnotes. ,3861
03/08/2018,0,1031,1,maondo-with peel,9,429,2,fieldnotes. ,3861
03/08/2018,0,1009,1,maondo-with peel,9,429,2,fieldnotes. ,3861
03/08/2018,0,2523,1,maondo-with peel,9,429,2,fieldnotes. ,3861
03/08/2018,0,3119,1,maondo-with peel,9,429,2,fieldnotes. ,3861
03/08/2018,0,1008,1,maondo-with peel,9,429,2,fieldnotes. ,3861
03/08/2018,0,1121,2,maondo-with peel,7,429,2,fieldnotes. ,3003
03/08/2018,0,1122,2,maondo-with peel,7,429,2,fieldnotes. ,3003
03/08/2018,0,1032,3,palm wine,1.5,1000,10,fieldnotes. We took same weight as water,1500
03/08/2018,0,1006,3,palm wine,1.5,1000,10,fieldnotes. We took same weight as water,1500
03/08/2018,0,3041,4,palm wine,0.5,1000,10,fieldnotes. We took same weight as water,500
03/08/2018,0,3076,4,palm wine,0.5,1000,10,fieldnotes. We took same weight as water,500
04/08/2018,0,1032,1,palm wine,1,1000,10,fieldnotes. We took same weight as water,1000
04/08/2018,0,1006,1,palm wine,1,1000,10,fieldnotes. We took same weight as water,1000
04/08/2018,0,1007,2,maondo-with peel,72,429,2,fieldnotes. ,30888
04/08/2018,0,1010,2,maondo-with peel,72,429,2,fieldnotes. ,30888
04/08/2018,0,1016,2,maondo-with peel,72,429,2,fieldnotes. ,30888
04/08/2018,0,2513,2,maondo-with peel,72,429,2,fieldnotes. ,30888
04/08/2018,0,2539,2,maondo-with peel,72,429,2,fieldnotes. ,30888
04/08/2018,0,2544,2,maondo-with peel,72,429,2,fieldnotes. ,30888
04/08/2018,0,3118,2,maondo-with peel,72,429,2,fieldnotes. ,30888
04/08/2018,0,3119,2,maondo-with peel,72,429,2,fieldnotes. ,30888
05/08/2018,0,1102,1,maondo-with peel,5,429,2,fieldnotes. ,2145
05/08/2018,0,1104,1,maondo-with peel,5,429,2,fieldnotes. ,2145
05/08/2018,0,1007,2,maondo-with peel,13,429,2,fieldnotes. ,5577
05/08/2018,0,1010,2,maondo-with peel,13,429,2,fieldnotes. ,5577
05/08/2018,0,1011,2,maondo-with peel,13,429,2,fieldnotes. ,5577
05/08/2018,0,1016,2,maondo-with peel,13,429,2,fieldnotes. ,5577
05/08/2018,0,1031,2,maondo-with peel,13,429,2,fieldnotes. ,5577
05/08/2018,0,1009,2,maondo-with peel,13,429,2,fieldnotes. ,5577
05/08/2018,0,2513,2,maondo-with peel,13,429,2,fieldnotes. ,5577
05/08/2018,0,2539,2,maondo-with peel,13,429,2,fieldnotes. ,5577
05/08/2018,0,3119,2,maondo-with peel,13,429,2,fieldnotes. ,5577
05/08/2018,0,1007,3,ediki-with centre,5,963,55,fieldnotes. ,4815
05/08/2018,0,1010,3,ediki-with centre,5,963,55,fieldnotes. ,4815
05/08/2018,0,2539,3,ediki-with centre,5,963,55,fieldnotes. ,4815
05/08/2018,0,2544,3,ediki-with centre,5,963,55,fieldnotes. ,4815
05/08/2018,0,3118,3,ediki-with centre,5,963,55,fieldnotes. ,4815
05/08/2018,0,1007,4,maondo-with peel,29,429,2,fieldnotes. ,12441
05/08/2018,0,1010,4,maondo-with peel,29,429,2,fieldnotes. ,12441
05/08/2018,0,1016,4,maondo-with peel,29,429,2,fieldnotes. ,12441
05/08/2018,0,1030,4,maondo-with peel,29,429,2,fieldnotes. ,12441
05/08/2018,0,1031,4,maondo-with peel,29,429,2,fieldnotes. ,12441
05/08/2018,0,1032,4,maondo-with peel,29,429,2,fieldnotes. ,12441
05/08/2018,0,1101,4,maondo-with peel,29,429,2,fieldnotes. ,12441
05/08/2018,0,1009,4,maondo-with peel,29,429,2,fieldnotes. ,12441
05/08/2018,0,1124,4,maondo-with peel,29,429,2,fieldnotes. ,12441
05/08/2018,0,2513,4,maondo-with peel,29,429,2,fieldnotes. ,12441
05/08/2018,0,2523,4,maondo-with peel,29,429,2,fieldnotes. ,12441
05/08/2018,0,2539,4,maondo-with peel,29,429,2,fieldnotes. ,12441
05/08/2018,0,2544,4,maondo-with peel,29,429,2,fieldnotes. ,12441
05/08/2018,0,3118,4,maondo-with peel,29,429,2,fieldnotes. ,12441
05/08/2018,0,3119,4,maondo-with peel,29,429,2,fieldnotes. ,12441
05/08/2018,0,1006,4,maondo-with peel,29,429,2,fieldnotes. ,12441
05/08/2018,0,1008,4,maondo-with peel,29,429,2,fieldnotes. ,12441
06/08/2018,0,1032,1,palm nuts,5,9,8,"Davies, R. M. (2012). Physical and mechanical properties of palm fruit, kernel and nut. Journal of Agricultural Technology, 8(7), 2147-2156.. ",45
06/08/2018,0,1122,1,palm nuts,5,9,8,"Davies, R. M. (2012). Physical and mechanical properties of palm fruit, kernel and nut. Journal of Agricultural Technology, 8(7), 2147-2156.. ",45
06/08/2018,0,1032,2,ediki-with centre,1,963,55,fieldnotes. ,963
06/08/2018,0,1122,2,ediki-with centre,1,963,55,fieldnotes. ,963
06/08/2018,0,1007,3,maondo-with peel,10,429,2,fieldnotes. ,4290
06/08/2018,0,2544,3,maondo-with peel,10,429,2,fieldnotes. ,4290
06/08/2018,0,3118,3,maondo-with peel,10,429,2,fieldnotes. ,4290
06/08/2018,0,2055,4,mobe,1,1380,1,average from all mobe returned to camp. ,1380
06/08/2018,0,2513,4,mobe,1,1380,1,average from all mobe returned to camp. ,1380
06/08/2018,0,2523,4,mobe,1,1380,1,average from all mobe returned to camp. ,1380
06/08/2018,0,1006,4,mobe,1,1380,1,average from all mobe returned to camp. ,1380
06/08/2018,0,2055,5,ediki-with centre,4,963,55,fieldnotes. ,3852
06/08/2018,0,2513,5,ediki-with centre,4,963,55,fieldnotes. ,3852
06/08/2018,0,1006,5,ediki-with centre,4,963,55,fieldnotes. ,3852
06/08/2018,0,2055,6,honey,1,1420,91,"According to  U.S. Department of Agriculture, Agricultural Research Service. FoodData Central, 1L of raw wild honey sold in the US equals 1,42 kg. https://www.aqua-calc.com/calculate/food-volume-to-weight. For ""HONEY, WILD and RAW, UPC: 07789044033"", ""ORGANIC WILD and RAW HONEY, UPC: 07789043705"" and ""WILD and RAW HONEY, UPC: 07789044034"". ",1420
06/08/2018,0,2513,6,honey,1,1420,91,"According to  U.S. Department of Agriculture, Agricultural Research Service. FoodData Central, 1L of raw wild honey sold in the US equals 1,42 kg. https://www.aqua-calc.com/calculate/food-volume-to-weight. For ""HONEY, WILD and RAW, UPC: 07789044033"", ""ORGANIC WILD and RAW HONEY, UPC: 07789043705"" and ""WILD and RAW HONEY, UPC: 07789044034"". ",1420
06/08/2018,0,2523,6,honey,1,1420,91,"According to  U.S. Department of Agriculture, Agricultural Research Service. FoodData Central, 1L of raw wild honey sold in the US equals 1,42 kg. https://www.aqua-calc.com/calculate/food-volume-to-weight. For ""HONEY, WILD and RAW, UPC: 07789044033"", ""ORGANIC WILD and RAW HONEY, UPC: 07789043705"" and ""WILD and RAW HONEY, UPC: 07789044034"". ",1420
06/08/2018,0,1006,6,honey,1,1420,91,"According to  U.S. Department of Agriculture, Agricultural Research Service. FoodData Central, 1L of raw wild honey sold in the US equals 1,42 kg. https://www.aqua-calc.com/calculate/food-volume-to-weight. For ""HONEY, WILD and RAW, UPC: 07789044033"", ""ORGANIC WILD and RAW HONEY, UPC: 07789043705"" and ""WILD and RAW HONEY, UPC: 07789044034"". ",1420
06/08/2018,0,1116,7,honey,0.5,1420,91,"According to  U.S. Department of Agriculture, Agricultural Research Service. FoodData Central, 1L of raw wild honey sold in the US equals 1,42 kg. https://www.aqua-calc.com/calculate/food-volume-to-weight. For ""HONEY, WILD and RAW, UPC: 07789044033"", ""ORGANIC WILD and RAW HONEY, UPC: 07789043705"" and ""WILD and RAW HONEY, UPC: 07789044034"". ",710
06/08/2018,0,1124,7,honey,0.5,1420,91,"According to  U.S. Department of Agriculture, Agricultural Research Service. FoodData Central, 1L of raw wild honey sold in the US equals 1,42 kg. https://www.aqua-calc.com/calculate/food-volume-to-weight. For ""HONEY, WILD and RAW, UPC: 07789044033"", ""ORGANIC WILD and RAW HONEY, UPC: 07789043705"" and ""WILD and RAW HONEY, UPC: 07789044034"". ",710
07/08/2018,0,2513,1,maondo-with peel,11,429,2,fieldnotes. ,4719
07/08/2018,0,2544,1,maondo-with peel,11,429,2,fieldnotes. ,4719
07/08/2018,0,1116,2,honey,2.5,1420,91,"According to  U.S. Department of Agriculture, Agricultural Research Service. FoodData Central, 1L of raw wild honey sold in the US equals 1,42 kg. https://www.aqua-calc.com/calculate/food-volume-to-weight. For ""HONEY, WILD and RAW, UPC: 07789044033"", ""ORGANIC WILD and RAW HONEY, UPC: 07789043705"" and ""WILD and RAW HONEY, UPC: 07789044034"". ",3550
07/08/2018,0,1124,2,honey,2.5,1420,91,"According to  U.S. Department of Agriculture, Agricultural Research Service. FoodData Central, 1L of raw wild honey sold in the US equals 1,42 kg. https://www.aqua-calc.com/calculate/food-volume-to-weight. For ""HONEY, WILD and RAW, UPC: 07789044033"", ""ORGANIC WILD and RAW HONEY, UPC: 07789043705"" and ""WILD and RAW HONEY, UPC: 07789044034"". ",3550
07/08/2018,0,2055,2,honey,2.5,1420,91,"According to  U.S. Department of Agriculture, Agricultural Research Service. FoodData Central, 1L of raw wild honey sold in the US equals 1,42 kg. https://www.aqua-calc.com/calculate/food-volume-to-weight. For ""HONEY, WILD and RAW, UPC: 07789044033"", ""ORGANIC WILD and RAW HONEY, UPC: 07789043705"" and ""WILD and RAW HONEY, UPC: 07789044034"". ",3550
07/08/2018,0,1106,2,honey,2.5,1420,91,"According to  U.S. Department of Agriculture, Agricultural Research Service. FoodData Central, 1L of raw wild honey sold in the US equals 1,42 kg. https://www.aqua-calc.com/calculate/food-volume-to-weight. For ""HONEY, WILD and RAW, UPC: 07789044033"", ""ORGANIC WILD and RAW HONEY, UPC: 07789043705"" and ""WILD and RAW HONEY, UPC: 07789044034"". ",3550
07/08/2018,0,1030,3,honey,1.5,1420,91,"According to  U.S. Department of Agriculture, Agricultural Research Service. FoodData Central, 1L of raw wild honey sold in the US equals 1,42 kg. https://www.aqua-calc.com/calculate/food-volume-to-weight. For ""HONEY, WILD and RAW, UPC: 07789044033"", ""ORGANIC WILD and RAW HONEY, UPC: 07789043705"" and ""WILD and RAW HONEY, UPC: 07789044034"". ",2130
07/08/2018,0,1119,3,honey,1.5,1420,91,"According to  U.S. Department of Agriculture, Agricultural Research Service. FoodData Central, 1L of raw wild honey sold in the US equals 1,42 kg. https://www.aqua-calc.com/calculate/food-volume-to-weight. For ""HONEY, WILD and RAW, UPC: 07789044033"", ""ORGANIC WILD and RAW HONEY, UPC: 07789043705"" and ""WILD and RAW HONEY, UPC: 07789044034"". ",2130
07/08/2018,0,1120,3,honey,1.5,1420,91,"According to  U.S. Department of Agriculture, Agricultural Research Service. FoodData Central, 1L of raw wild honey sold in the US equals 1,42 kg. https://www.aqua-calc.com/calculate/food-volume-to-weight. For ""HONEY, WILD and RAW, UPC: 07789044033"", ""ORGANIC WILD and RAW HONEY, UPC: 07789043705"" and ""WILD and RAW HONEY, UPC: 07789044034"". ",2130
07/08/2018,0,1032,4,palm wine,1,1000,10,fieldnotes. We took same weight as water,1000
07/08/2018,0,1006,4,palm wine,1,1000,10,fieldnotes. We took same weight as water,1000
08/08/2018,0,1121,1,palm wine,2,1000,10,fieldnotes. We took same weight as water,2000
08/08/2018,0,3117,1,palm wine,2,1000,10,fieldnotes. We took same weight as water,2000
08/08/2018,0,1030,2,palm wine,1,1000,10,fieldnotes. We took same weight as water,1000
08/08/2018,0,1119,2,palm wine,1,1000,10,fieldnotes. We took same weight as water,1000
08/08/2018,0,1119,3,palm wine,1,1000,10,fieldnotes. We took same weight as water,1000
08/08/2018,0,1120,3,palm wine,1,1000,10,fieldnotes. We took same weight as water,1000
08/08/2018,0,1121,4,palm wine,4,1000,10,fieldnotes. We took same weight as water,4000
08/08/2018,0,3117,4,palm wine,4,1000,10,fieldnotes. We took same weight as water,4000
09/08/2018,0,1119,1,palm wine,1.5,1000,10,fieldnotes. We took same weight as water,1500
09/08/2018,0,1120,1,palm wine,1.5,1000,10,fieldnotes. We took same weight as water,1500
09/08/2018,0,1031,2,palm wine,1.5,1000,10,fieldnotes. We took same weight as water,1500
09/08/2018,0,1120,2,palm wine,1.5,1000,10,fieldnotes. We took same weight as water,1500
10/08/2018,0,1119,1,palm wine,1.5,1000,10,fieldnotes. We took same weight as water,1500
10/08/2018,0,1120,1,palm wine,1.5,1000,10,fieldnotes. We took same weight as water,1500
11/08/2018,0,1032,1,palm wine,1.5,1000,10,fieldnotes. We took same weight as water,1500
11/08/2018,0,1006,1,palm wine,1.5,1000,10,fieldnotes. We took same weight as water,1500
11/08/2018,0,1007,2,maondo-with peel,7,429,2,fieldnotes. ,3003
11/08/2018,0,1032,2,maondo-with peel,7,429,2,fieldnotes. ,3003
11/08/2018,0,2513,2,maondo-with peel,7,429,2,fieldnotes. ,3003
11/08/2018,0,2523,2,maondo-with peel,7,429,2,fieldnotes. ,3003
11/08/2018,0,2544,2,maondo-with peel,7,429,2,fieldnotes. ,3003
11/08/2018,0,3118,2,maondo-with peel,7,429,2,fieldnotes. ,3003
11/08/2018,0,1007,3,ediki-with centre,1,963,55,fieldnotes. ,963
11/08/2018,0,2523,3,ediki-with centre,1,963,55,fieldnotes. ,963
11/08/2018,0,1006,3,ediki-with centre,1,963,55,fieldnotes. ,963
11/08/2018,0,1007,4,palm wine,5.5,1000,10,fieldnotes. We took same weight as water,5500
11/08/2018,0,3118,4,palm wine,5.5,1000,10,fieldnotes. We took same weight as water,5500
11/08/2018,0,1116,5,maondo-with peel,3,429,2,fieldnotes. ,1287
11/08/2018,0,1124,5,maondo-with peel,3,429,2,fieldnotes. ,1287
12/08/2018,0,1032,1,honey,0.5,1420,91,"According to  U.S. Department of Agriculture, Agricultural Research Service. FoodData Central, 1L of raw wild honey sold in the US equals 1,42 kg. https://www.aqua-calc.com/calculate/food-volume-to-weight. For ""HONEY, WILD and RAW, UPC: 07789044033"", ""ORGANIC WILD and RAW HONEY, UPC: 07789043705"" and ""WILD and RAW HONEY, UPC: 07789044034"". ",710
12/08/2018,0,1122,1,honey,0.5,1420,91,"According to  U.S. Department of Agriculture, Agricultural Research Service. FoodData Central, 1L of raw wild honey sold in the US equals 1,42 kg. https://www.aqua-calc.com/calculate/food-volume-to-weight. For ""HONEY, WILD and RAW, UPC: 07789044033"", ""ORGANIC WILD and RAW HONEY, UPC: 07789043705"" and ""WILD and RAW HONEY, UPC: 07789044034"". ",710
13/08/2018,0,1016,1,palm wine,1.5,1000,10,fieldnotes. We took same weight as water,1500
13/08/2018,0,1121,1,palm wine,1.5,1000,10,fieldnotes. We took same weight as water,1500
13/08/2018,0,1016,2,maondo-with peel,4,429,2,fieldnotes. ,1716
13/08/2018,0,1031,2,maondo-with peel,4,429,2,fieldnotes. ,1716
13/08/2018,0,3119,2,maondo-with peel,4,429,2,fieldnotes. ,1716
13/08/2018,0,1008,2,maondo-with peel,4,429,2,fieldnotes. ,1716
13/08/2018,0,1007,3,maondo-with peel,37,429,2,fieldnotes. ,15873
13/08/2018,0,1032,3,maondo-with peel,37,429,2,fieldnotes. ,15873
13/08/2018,0,2544,3,maondo-with peel,37,429,2,fieldnotes. ,15873
13/08/2018,0,3118,3,maondo-with peel,37,429,2,fieldnotes. ,15873
13/08/2018,0,3040,4,honey,2.5,1420,91,"According to  U.S. Department of Agriculture, Agricultural Research Service. FoodData Central, 1L of raw wild honey sold in the US equals 1,42 kg. https://www.aqua-calc.com/calculate/food-volume-to-weight. For ""HONEY, WILD and RAW, UPC: 07789044033"", ""ORGANIC WILD and RAW HONEY, UPC: 07789043705"" and ""WILD and RAW HONEY, UPC: 07789044034"". ",3550
13/08/2018,0,3041,4,honey,2.5,1420,91,"According to  U.S. Department of Agriculture, Agricultural Research Service. FoodData Central, 1L of raw wild honey sold in the US equals 1,42 kg. https://www.aqua-calc.com/calculate/food-volume-to-weight. For ""HONEY, WILD and RAW, UPC: 07789044033"", ""ORGANIC WILD and RAW HONEY, UPC: 07789043705"" and ""WILD and RAW HONEY, UPC: 07789044034"". ",3550
13/08/2018,0,2039,5,mela,9,100,35,"fieldnotes. ""minimum return""",900
13/08/2018,0,2522,5,mela,9,100,35,"fieldnotes. ""minimum return""",900
14/08/2018,0,1007,1,maondo-with peel,10,429,2,fieldnotes. ,4290
14/08/2018,0,2523,1,maondo-with peel,10,429,2,fieldnotes. ,4290
14/08/2018,0,1007,2,maondo-with peel,23,429,2,fieldnotes. ,9867
14/08/2018,0,1010,2,maondo-with peel,23,429,2,fieldnotes. ,9867
14/08/2018,0,1011,2,maondo-with peel,23,429,2,fieldnotes. ,9867
14/08/2018,0,2513,2,maondo-with peel,23,429,2,fieldnotes. ,9867
14/08/2018,0,2523,2,maondo-with peel,23,429,2,fieldnotes. ,9867
14/08/2018,0,2539,2,maondo-with peel,23,429,2,fieldnotes. ,9867
14/08/2018,0,2544,2,maondo-with peel,23,429,2,fieldnotes. ,9867
14/08/2018,0,1036,2,maondo-with peel,23,429,2,fieldnotes. ,9867
14/08/2018,0,3118,2,maondo-with peel,23,429,2,fieldnotes. ,9867
15/08/2018,0,1116,1,honey,2,1420,91,"According to  U.S. Department of Agriculture, Agricultural Research Service. FoodData Central, 1L of raw wild honey sold in the US equals 1,42 kg. https://www.aqua-calc.com/calculate/food-volume-to-weight. For ""HONEY, WILD and RAW, UPC: 07789044033"", ""ORGANIC WILD and RAW HONEY, UPC: 07789043705"" and ""WILD and RAW HONEY, UPC: 07789044034"". ",2840
15/08/2018,0,1124,1,honey,2,1420,91,"According to  U.S. Department of Agriculture, Agricultural Research Service. FoodData Central, 1L of raw wild honey sold in the US equals 1,42 kg. https://www.aqua-calc.com/calculate/food-volume-to-weight. For ""HONEY, WILD and RAW, UPC: 07789044033"", ""ORGANIC WILD and RAW HONEY, UPC: 07789043705"" and ""WILD and RAW HONEY, UPC: 07789044034"". ",2840
16/08/2018,0,1116,1,ediki-with centre,3,963,55,fieldnotes. ,2889
16/08/2018,0,1124,1,ediki-with centre,3,963,55,fieldnotes. ,2889
16/08/2018,0,2522,1,ediki-with centre,3,963,55,fieldnotes. ,2889
16/08/2018,0,1101,2,honey,2.5,1420,91,"According to  U.S. Department of Agriculture, Agricultural Research Service. FoodData Central, 1L of raw wild honey sold in the US equals 1,42 kg. https://www.aqua-calc.com/calculate/food-volume-to-weight. For ""HONEY, WILD and RAW, UPC: 07789044033"", ""ORGANIC WILD and RAW HONEY, UPC: 07789043705"" and ""WILD and RAW HONEY, UPC: 07789044034"". ",3550
16/08/2018,0,1006,2,honey,2.5,1420,91,"According to  U.S. Department of Agriculture, Agricultural Research Service. FoodData Central, 1L of raw wild honey sold in the US equals 1,42 kg. https://www.aqua-calc.com/calculate/food-volume-to-weight. For ""HONEY, WILD and RAW, UPC: 07789044033"", ""ORGANIC WILD and RAW HONEY, UPC: 07789043705"" and ""WILD and RAW HONEY, UPC: 07789044034"". ",3550
17/08/2018,0,1028,1,palm wine,3,1000,10,fieldnotes. We took same weight as water,3000
17/08/2018,0,1121,1,palm wine,3,1000,10,fieldnotes. We took same weight as water,3000
17/08/2018,0,1023,1,palm wine,3,1000,10,fieldnotes. We took same weight as water,3000
18/08/2018,0,1032,1,palm wine,3,1000,10,fieldnotes. We took same weight as water,3000
18/08/2018,0,1006,1,palm wine,3,1000,10,fieldnotes. We took same weight as water,3000
18/08/2018,0,1007,2,maondo-with peel,15,429,2,fieldnotes. ,6435
18/08/2018,0,2523,2,maondo-with peel,15,429,2,fieldnotes. ,6435
18/08/2018,0,1007,3,palm wine,4.5,1000,10,fieldnotes. We took same weight as water,4500
18/08/2018,0,2523,3,palm wine,4.5,1000,10,fieldnotes. We took same weight as water,4500
18/08/2018,0,3118,3,palm wine,4.5,1000,10,fieldnotes. We took same weight as water,4500
18/08/2018,0,1028,4,mobe,1,1380,1,average from all mobe returned to camp. ,1380
18/08/2018,0,1035,4,mobe,1,1380,1,average from all mobe returned to camp. ,1380
18/08/2018,0,1121,4,mobe,1,1380,1,average from all mobe returned to camp. ,1380
18/08/2018,0,2522,4,mobe,1,1380,1,average from all mobe returned to camp. ,1380
18/08/2018,0,1023,4,mobe,1,1380,1,average from all mobe returned to camp. ,1380
19/08/2018,0,1007,1,ediki-with centre,3,963,55,fieldnotes. ,2889
19/08/2018,0,2523,1,ediki-with centre,3,963,55,fieldnotes. ,2889
19/08/2018,0,1007,2,palm wine,6.5,1000,10,fieldnotes. We took same weight as water,6500
19/08/2018,0,2523,2,palm wine,6.5,1000,10,fieldnotes. We took same weight as water,6500
19/08/2018,0,3118,2,palm wine,6.5,1000,10,fieldnotes. We took same weight as water,6500
20/08/2018,0,1103,1,blue duiker head,1,1376,65,average of two heads measured in food returns. ,1376
20/08/2018,0,1119,1,blue duiker head,1,1376,65,average of two heads measured in food returns. ,1376
23/07/2018,0,1007,1,maondo-with peel,4,429,2,fieldnotes. ,1716
23/07/2018,0,1010,1,maondo-with peel,4,429,2,fieldnotes. ,1716
23/07/2018,0,1016,1,maondo-with peel,4,429,2,fieldnotes. ,1716
23/07/2018,0,1032,1,maondo-with peel,4,429,2,fieldnotes. ,1716
23/07/2018,0,3077,1,maondo-with peel,4,429,2,fieldnotes. ,1716
23/07/2018,0,1008,1,maondo-with peel,4,429,2,fieldnotes. ,1716
23/07/2018,0,1007,2,ediki-with centre,7,963,55,fieldnotes. ,6741
23/07/2018,0,1010,2,ediki-with centre,7,963,55,fieldnotes. ,6741
23/07/2018,0,1011,2,ediki-with centre,7,963,55,fieldnotes. ,6741
23/07/2018,0,1016,2,ediki-with centre,7,963,55,fieldnotes. ,6741
23/07/2018,0,1009,2,ediki-with centre,7,963,55,fieldnotes. ,6741
23/07/2018,0,1008,2,ediki-with centre,7,963,55,fieldnotes. ,6741
24/07/2018,0,1007,1,maondo-with peel,31,429,2,fieldnotes. ,13299
24/07/2018,0,1011,1,maondo-with peel,31,429,2,fieldnotes. ,13299
24/07/2018,0,1016,1,maondo-with peel,31,429,2,fieldnotes. ,13299
24/07/2018,0,1009,1,maondo-with peel,31,429,2,fieldnotes. ,13299
24/07/2018,0,2513,1,maondo-with peel,31,429,2,fieldnotes. ,13299
24/07/2018,0,2544,1,maondo-with peel,31,429,2,fieldnotes. ,13299
24/07/2018,0,3117,1,maondo-with peel,31,429,2,fieldnotes. ,13299
24/07/2018,0,1008,1,maondo-with peel,31,429,2,fieldnotes. ,13299
24/07/2018,0,1119,2,payo,5,57,32,"fieldnotes. ""minimum return""",285
24/07/2018,0,1120,2,payo,5,57,32,"fieldnotes. ""minimum return""",285
24/07/2018,0,1103,3,mobe,1,1380,1,average from all mobe returned to camp. ,1380
24/07/2018,0,1104,3,mobe,1,1380,1,average from all mobe returned to camp. ,1380
24/07/2018,0,1031,4,corn,8,100,42,"fieldnotes. ""minimum return""",800
24/07/2018,0,1116,4,corn,8,100,42,"fieldnotes. ""minimum return""",800
24/07/2018,0,1124,4,corn,8,100,42,"fieldnotes. ""minimum return""",800
24/07/2018,0,1031,5,honey,0.5,1420,91,"According to  U.S. Department of Agriculture, Agricultural Research Service. FoodData Central, 1L of raw wild honey sold in the US equals 1,42 kg. https://www.aqua-calc.com/calculate/food-volume-to-weight. For ""HONEY, WILD and RAW, UPC: 07789044033"", ""ORGANIC WILD and RAW HONEY, UPC: 07789043705"" and ""WILD and RAW HONEY, UPC: 07789044034"". ",710
24/07/2018,0,1116,5,honey,0.5,1420,91,"According to  U.S. Department of Agriculture, Agricultural Research Service. FoodData Central, 1L of raw wild honey sold in the US equals 1,42 kg. https://www.aqua-calc.com/calculate/food-volume-to-weight. For ""HONEY, WILD and RAW, UPC: 07789044033"", ""ORGANIC WILD and RAW HONEY, UPC: 07789043705"" and ""WILD and RAW HONEY, UPC: 07789044034"". ",710
24/07/2018,0,1124,5,honey,0.5,1420,91,"According to  U.S. Department of Agriculture, Agricultural Research Service. FoodData Central, 1L of raw wild honey sold in the US equals 1,42 kg. https://www.aqua-calc.com/calculate/food-volume-to-weight. For ""HONEY, WILD and RAW, UPC: 07789044033"", ""ORGANIC WILD and RAW HONEY, UPC: 07789043705"" and ""WILD and RAW HONEY, UPC: 07789044034"". ",710
25/08/2018,0,1007,1,palm wine,1.5,1000,10,fieldnotes. We took same weight as water,1500
25/08/2018,0,2523,1,palm wine,1.5,1000,10,fieldnotes. We took same weight as water,1500
26/07/2018,0,1010,1,palm wine,0.5,1000,10,fieldnotes. We took same weight as water,500
26/07/2018,0,1032,1,palm wine,0.5,1000,10,fieldnotes. We took same weight as water,500
26/07/2018,0,1006,1,palm wine,0.5,1000,10,fieldnotes. We took same weight as water,500
26/07/2018,0,2038,2,banana,4,127,38,"usda, NDB Number:9040, mean of average weight for 4 sizes of bananas 
https://fdc.nal.usda.gov/fdc-app.html#/food-details/173944/measures. ",508
26/07/2018,0,2039,2,banana,4,127,38,"usda, NDB Number:9040, mean of average weight for 4 sizes of bananas 
https://fdc.nal.usda.gov/fdc-app.html#/food-details/173944/measures. ",508
26/08/2018,0,1007,1,palm wine,2.5,1000,10,fieldnotes. We took same weight as water,2500
26/08/2018,0,2523,1,palm wine,2.5,1000,10,fieldnotes. We took same weight as water,2500
26/08/2018,0,1103,2,honey,8,1420,91,"According to  U.S. Department of Agriculture, Agricultural Research Service. FoodData Central, 1L of raw wild honey sold in the US equals 1,42 kg. https://www.aqua-calc.com/calculate/food-volume-to-weight. For ""HONEY, WILD and RAW, UPC: 07789044033"", ""ORGANIC WILD and RAW HONEY, UPC: 07789043705"" and ""WILD and RAW HONEY, UPC: 07789044034"". ",11360
26/08/2018,0,1119,2,honey,8,1420,91,"According to  U.S. Department of Agriculture, Agricultural Research Service. FoodData Central, 1L of raw wild honey sold in the US equals 1,42 kg. https://www.aqua-calc.com/calculate/food-volume-to-weight. For ""HONEY, WILD and RAW, UPC: 07789044033"", ""ORGANIC WILD and RAW HONEY, UPC: 07789043705"" and ""WILD and RAW HONEY, UPC: 07789044034"". ",11360
26/08/2018,0,1016,3,caterpillars,1,500,75,NA. ,500
26/08/2018,0,1028,3,caterpillars,1,500,75,NA. ,500
26/08/2018,0,1102,3,caterpillars,1,500,75,NA. ,500
27/07/2018,0,1007,1,palm wine,0.5,1000,10,fieldnotes. We took same weight as water,500
27/07/2018,0,1010,1,palm wine,0.5,1000,10,fieldnotes. We took same weight as water,500
27/07/2018,0,1032,1,palm wine,0.5,1000,10,fieldnotes. We took same weight as water,500
27/07/2018,0,1116,2,banana,2,127,38,"usda, NDB Number:9040, mean of average weight for 4 sizes of bananas 
https://fdc.nal.usda.gov/fdc-app.html#/food-details/173944/measures. ",254
27/07/2018,0,1124,2,banana,2,127,38,"usda, NDB Number:9040, mean of average weight for 4 sizes of bananas 
https://fdc.nal.usda.gov/fdc-app.html#/food-details/173944/measures. ",254
27/07/2018,0,1116,3,fish,3,404,76,fieldnotes. we took the median of all the raw fish in our samples,1212
27/07/2018,0,1124,3,fish,3,404,76,fieldnotes. we took the median of all the raw fish in our samples,1212
27/07/2018,0,1116,4,matokodi,3,200,48,"fieldnotes. ""minimum return""",600
27/07/2018,0,1124,4,matokodi,3,200,48,"fieldnotes. ""minimum return""",600
27/08/2018,0,1007,1,honey,1,1420,91,"According to  U.S. Department of Agriculture, Agricultural Research Service. FoodData Central, 1L of raw wild honey sold in the US equals 1,42 kg. https://www.aqua-calc.com/calculate/food-volume-to-weight. For ""HONEY, WILD and RAW, UPC: 07789044033"", ""ORGANIC WILD and RAW HONEY, UPC: 07789043705"" and ""WILD and RAW HONEY, UPC: 07789044034"". ",1420
27/08/2018,0,2513,1,honey,1,1420,91,"According to  U.S. Department of Agriculture, Agricultural Research Service. FoodData Central, 1L of raw wild honey sold in the US equals 1,42 kg. https://www.aqua-calc.com/calculate/food-volume-to-weight. For ""HONEY, WILD and RAW, UPC: 07789044033"", ""ORGANIC WILD and RAW HONEY, UPC: 07789043705"" and ""WILD and RAW HONEY, UPC: 07789044034"". ",1420
28/07/2018,0,1032,1,palm wine,0.5,1000,10,fieldnotes. We took same weight as water,500
28/07/2018,0,1006,1,palm wine,0.5,1000,10,fieldnotes. We took same weight as water,500
28/07/2018,0,1031,2,papaya-with peel,1,420,11,fieldnotes. ,420
28/07/2018,0,1009,2,papaya-with peel,1,420,11,fieldnotes. ,420
28/07/2018,0,1007,3,maondo-with peel,29,429,2,fieldnotes. ,12441
28/07/2018,0,1010,3,maondo-with peel,29,429,2,fieldnotes. ,12441
28/07/2018,0,1011,3,maondo-with peel,29,429,2,fieldnotes. ,12441
28/07/2018,0,1016,3,maondo-with peel,29,429,2,fieldnotes. ,12441
28/07/2018,0,1031,3,maondo-with peel,29,429,2,fieldnotes. ,12441
28/07/2018,0,1009,3,maondo-with peel,29,429,2,fieldnotes. ,12441
28/07/2018,0,2513,3,maondo-with peel,29,429,2,fieldnotes. ,12441
28/07/2018,0,2523,3,maondo-with peel,29,429,2,fieldnotes. ,12441
28/07/2018,0,3117,3,maondo-with peel,29,429,2,fieldnotes. ,12441
28/07/2018,0,1008,3,maondo-with peel,29,429,2,fieldnotes. ,12441
28/07/2018,0,1103,4,kaso-without peel or husk,10,12,NA,fieldnotes. ,120
28/07/2018,0,1104,4,kaso-without peel or husk,10,12,NA,fieldnotes. ,120
28/07/2018,0,1103,5,blue duiker intestins,2,775,70,estimates as average of 1.3kg of intenstines measured in food returns and 0.25kg reported in food recall. ,1550
28/07/2018,0,1104,5,blue duiker intestins,2,775,70,estimates as average of 1.3kg of intenstines measured in food returns and 0.25kg reported in food recall. ,1550
29/07/2018,0,1104,1,honey,2,1420,91,"According to  U.S. Department of Agriculture, Agricultural Research Service. FoodData Central, 1L of raw wild honey sold in the US equals 1,42 kg. https://www.aqua-calc.com/calculate/food-volume-to-weight. For ""HONEY, WILD and RAW, UPC: 07789044033"", ""ORGANIC WILD and RAW HONEY, UPC: 07789043705"" and ""WILD and RAW HONEY, UPC: 07789044034"". ",2840
29/07/2018,0,1121,1,honey,2,1420,91,"According to  U.S. Department of Agriculture, Agricultural Research Service. FoodData Central, 1L of raw wild honey sold in the US equals 1,42 kg. https://www.aqua-calc.com/calculate/food-volume-to-weight. For ""HONEY, WILD and RAW, UPC: 07789044033"", ""ORGANIC WILD and RAW HONEY, UPC: 07789043705"" and ""WILD and RAW HONEY, UPC: 07789044034"". ",2840
29/07/2018,0,1122,1,honey,2,1420,91,"According to  U.S. Department of Agriculture, Agricultural Research Service. FoodData Central, 1L of raw wild honey sold in the US equals 1,42 kg. https://www.aqua-calc.com/calculate/food-volume-to-weight. For ""HONEY, WILD and RAW, UPC: 07789044033"", ""ORGANIC WILD and RAW HONEY, UPC: 07789043705"" and ""WILD and RAW HONEY, UPC: 07789044034"". ",2840
29/07/2018,0,1104,2,honey,0.5,1420,91,"According to  U.S. Department of Agriculture, Agricultural Research Service. FoodData Central, 1L of raw wild honey sold in the US equals 1,42 kg. https://www.aqua-calc.com/calculate/food-volume-to-weight. For ""HONEY, WILD and RAW, UPC: 07789044033"", ""ORGANIC WILD and RAW HONEY, UPC: 07789043705"" and ""WILD and RAW HONEY, UPC: 07789044034"". ",710
29/07/2018,0,1121,2,honey,0.5,1420,91,"According to  U.S. Department of Agriculture, Agricultural Research Service. FoodData Central, 1L of raw wild honey sold in the US equals 1,42 kg. https://www.aqua-calc.com/calculate/food-volume-to-weight. For ""HONEY, WILD and RAW, UPC: 07789044033"", ""ORGANIC WILD and RAW HONEY, UPC: 07789043705"" and ""WILD and RAW HONEY, UPC: 07789044034"". ",710
29/07/2018,0,1122,2,honey,0.5,1420,91,"According to  U.S. Department of Agriculture, Agricultural Research Service. FoodData Central, 1L of raw wild honey sold in the US equals 1,42 kg. https://www.aqua-calc.com/calculate/food-volume-to-weight. For ""HONEY, WILD and RAW, UPC: 07789044033"", ""ORGANIC WILD and RAW HONEY, UPC: 07789043705"" and ""WILD and RAW HONEY, UPC: 07789044034"". ",710
29/07/2018,0,3040,3,maondo-with peel,18,429,2,fieldnotes. ,7722
29/07/2018,0,3041,3,maondo-with peel,18,429,2,fieldnotes. ,7722
29/07/2018,0,3077,3,maondo-with peel,18,429,2,fieldnotes. ,7722
29/08/2018,0,2523,1,maondo-with peel,24,429,2,fieldnotes. ,10296
29/08/2018,0,2544,1,maondo-with peel,24,429,2,fieldnotes. ,10296
29/08/2018,0,1007,2,maondo-with peel,53,429,2,fieldnotes. ,22737
29/08/2018,0,1035,2,maondo-with peel,53,429,2,fieldnotes. ,22737
30/07/2018,0,1011,1,maondo-with peel,2,429,2,fieldnotes. ,858
30/07/2018,0,1031,1,maondo-with peel,2,429,2,fieldnotes. ,858
30/07/2018,0,1009,1,maondo-with peel,2,429,2,fieldnotes. ,858
30/07/2018,0,2539,1,maondo-with peel,2,429,2,fieldnotes. ,858
30/07/2018,0,1008,1,maondo-with peel,2,429,2,fieldnotes. ,858
30/07/2018,0,1116,2,mobe,1,1380,1,average from all mobe returned to camp. ,1380
30/07/2018,0,1124,2,mobe,1,1380,1,average from all mobe returned to camp. ,1380
30/07/2018,0,1116,3,matokodi,2,200,48,"fieldnotes. ""minimum return""",400
30/07/2018,0,1124,3,matokodi,2,200,48,"fieldnotes. ""minimum return""",400
30/07/2018,0,1104,4,corn,6,100,42,"fieldnotes. ""minimum return""",600
30/07/2018,0,3076,4,corn,6,100,42,"fieldnotes. ""minimum return""",600
30/07/2018,0,3077,4,corn,6,100,42,"fieldnotes. ""minimum return""",600
30/08/2018,0,2038,1,caterpillars,1,500,75,NA. ,500
30/08/2018,0,2039,1,caterpillars,1,500,75,NA. ,500
31/07/2018,0,1016,1,ediki-with centre,6,963,55,fieldnotes. ,5778
31/07/2018,0,1035,1,ediki-with centre,6,963,55,fieldnotes. ,5778
31/07/2018,0,3077,1,ediki-with centre,6,963,55,fieldnotes. ,5778
31/07/2018,0,3117,1,ediki-with centre,6,963,55,fieldnotes. ,5778
31/08/2018,0,1101,1,honey,1.5,1420,91,"According to  U.S. Department of Agriculture, Agricultural Research Service. FoodData Central, 1L of raw wild honey sold in the US equals 1,42 kg. https://www.aqua-calc.com/calculate/food-volume-to-weight. For ""HONEY, WILD and RAW, UPC: 07789044033"", ""ORGANIC WILD and RAW HONEY, UPC: 07789043705"" and ""WILD and RAW HONEY, UPC: 07789044034"". ",2130
31/08/2018,0,1122,1,honey,1.5,1420,91,"According to  U.S. Department of Agriculture, Agricultural Research Service. FoodData Central, 1L of raw wild honey sold in the US equals 1,42 kg. https://www.aqua-calc.com/calculate/food-volume-to-weight. For ""HONEY, WILD and RAW, UPC: 07789044033"", ""ORGANIC WILD and RAW HONEY, UPC: 07789043705"" and ""WILD and RAW HONEY, UPC: 07789044034"". ",2130
31/08/2018,0,2055,1,honey,1.5,1420,91,"According to  U.S. Department of Agriculture, Agricultural Research Service. FoodData Central, 1L of raw wild honey sold in the US equals 1,42 kg. https://www.aqua-calc.com/calculate/food-volume-to-weight. For ""HONEY, WILD and RAW, UPC: 07789044033"", ""ORGANIC WILD and RAW HONEY, UPC: 07789043705"" and ""WILD and RAW HONEY, UPC: 07789044034"". ",2130
31/08/2018,0,1006,1,honey,1.5,1420,91,"According to  U.S. Department of Agriculture, Agricultural Research Service. FoodData Central, 1L of raw wild honey sold in the US equals 1,42 kg. https://www.aqua-calc.com/calculate/food-volume-to-weight. For ""HONEY, WILD and RAW, UPC: 07789044033"", ""ORGANIC WILD and RAW HONEY, UPC: 07789043705"" and ""WILD and RAW HONEY, UPC: 07789044034"". ",2130
31/08/2018,0,2522,2,caterpillars,1,1000,75,NA. ,1000
31/08/2018,0,1023,2,caterpillars,1,1000,75,NA. ,1000
31/08/2018,0,1106,2,caterpillars,1,1000,75,NA. ,1000
31/08/2018,0,1101,3,honey,2.5,1420,91,"According to  U.S. Department of Agriculture, Agricultural Research Service. FoodData Central, 1L of raw wild honey sold in the US equals 1,42 kg. https://www.aqua-calc.com/calculate/food-volume-to-weight. For ""HONEY, WILD and RAW, UPC: 07789044033"", ""ORGANIC WILD and RAW HONEY, UPC: 07789043705"" and ""WILD and RAW HONEY, UPC: 07789044034"". ",3550
31/08/2018,0,1122,3,honey,2.5,1420,91,"According to  U.S. Department of Agriculture, Agricultural Research Service. FoodData Central, 1L of raw wild honey sold in the US equals 1,42 kg. https://www.aqua-calc.com/calculate/food-volume-to-weight. For ""HONEY, WILD and RAW, UPC: 07789044033"", ""ORGANIC WILD and RAW HONEY, UPC: 07789043705"" and ""WILD and RAW HONEY, UPC: 07789044034"". ",3550
31/08/2018,0,2055,3,honey,2.5,1420,91,"According to  U.S. Department of Agriculture, Agricultural Research Service. FoodData Central, 1L of raw wild honey sold in the US equals 1,42 kg. https://www.aqua-calc.com/calculate/food-volume-to-weight. For ""HONEY, WILD and RAW, UPC: 07789044033"", ""ORGANIC WILD and RAW HONEY, UPC: 07789043705"" and ""WILD and RAW HONEY, UPC: 07789044034"". ",3550
31/08/2018,0,1006,3,honey,2.5,1420,91,"According to  U.S. Department of Agriculture, Agricultural Research Service. FoodData Central, 1L of raw wild honey sold in the US equals 1,42 kg. https://www.aqua-calc.com/calculate/food-volume-to-weight. For ""HONEY, WILD and RAW, UPC: 07789044033"", ""ORGANIC WILD and RAW HONEY, UPC: 07789043705"" and ""WILD and RAW HONEY, UPC: 07789044034"". ",3550