group_id,id,total.minutes,date_arrive,id_count,date
2018-07-23_1,1007_1008_1009_1010_1016_1031_3077,29.714285714285715,23/07/2018,7,2018-07-23
2018-07-23_10,1007_1008_1009_1010_1011_1016,35.166666666666664,23/07/2018,6,2018-07-23
2018-07-23_1101,1101,14.0,23/07/2018,1,2018-07-23
2018-07-23_1102,1102,35.0,23/07/2018,1,2018-07-23
2018-07-23_1119,1119,67.0,23/07/2018,1,2018-07-23
2018-07-23_2,1006_1032,38.0,23/07/2018,2,2018-07-23
2018-07-23_3,1009_1030_1032_3077,19.8,23/07/2018,4,2018-07-23
2018-07-23_3040,3040,84.0,23/07/2018,1,2018-07-23
2018-07-23_6,1006_1101_1102,269.3333333333333,23/07/2018,3,2018-07-23
2018-07-23_7,1030_1119,179.0,23/07/2018,2,2018-07-23
2018-07-23_8,1007_1008_1010_1016_1032_3077,56.666666666666664,23/07/2018,6,2018-07-23
2018-07-23_9,1104_1120,73.5,23/07/2018,2,2018-07-23
2018-07-24_1,1006_1032,11.0,24/07/2018,2,2018-07-24
2018-07-24_10,1007_1008_1009_1011_1016_2513_2523_2544,56.25,24/07/2018,8,2018-07-24
2018-07-24_1032,1032,28.0,24/07/2018,1,2018-07-24
2018-07-24_11,1103_1104,375.0,24/07/2018,2,2018-07-24
2018-07-24_1101,1101,37.0,24/07/2018,1,2018-07-24
2018-07-24_1103,1103,31.0,24/07/2018,1,2018-07-24
2018-07-24_1119,1119,47.0,24/07/2018,1,2018-07-24
2018-07-24_12,1101_1102,499.0,24/07/2018,2,2018-07-24
2018-07-24_13,1010_1011_1030,118.0,24/07/2018,3,2018-07-24
2018-07-24_16,1119_1120,25.0,24/07/2018,2,2018-07-24
2018-07-24_2,1116_1120,6.0,24/07/2018,2,2018-07-24
2018-07-24_3,1007_2513_2523,136.0,24/07/2018,3,2018-07-24
2018-07-24_3040,3040,92.0,24/07/2018,1,2018-07-24
2018-07-24_4,1009_1010_1011_1016_1030_1031,34.833333333333336,24/07/2018,6,2018-07-24
2018-07-24_5,1119_1120,483.0,24/07/2018,2,2018-07-24
2018-07-24_7,1006_1032,90.0,24/07/2018,2,2018-07-24
2018-07-24_8,3040_3041_3077,491.0,24/07/2018,3,2018-07-24
2018-07-24_9,1031_1116_1124,552.6666666666666,24/07/2018,3,2018-07-24
2018-07-25_1,1102_1104_3077,307.0,25/07/2018,3,2018-07-25
2018-07-25_10,1008_1010_1016,17.0,25/07/2018,3,2018-07-25
2018-07-25_1032,1032,23.0,25/07/2018,1,2018-07-25
2018-07-25_11,3077_3117,33.0,25/07/2018,2,2018-07-25
2018-07-25_1101,1101,334.0,25/07/2018,1,2018-07-25
2018-07-25_1119,1119,21.0,25/07/2018,1,2018-07-25
2018-07-25_14,1032_1101_1103_1119_1122_1124_3040_3117,209.5,25/07/2018,8,2018-07-25
2018-07-25_2,2513_2523,179.0,25/07/2018,2,2018-07-25
2018-07-25_3,1007_1010_1030,25.0,25/07/2018,3,2018-07-25
2018-07-25_5,1008_1011_1030,29.0,25/07/2018,3,2018-07-25
2018-07-25_6,1103_1119,104.0,25/07/2018,2,2018-07-25
2018-07-25_7,1006_1007_1010_1016_1032,97.8,25/07/2018,5,2018-07-25
2018-07-25_8,2513_2523,193.0,25/07/2018,2,2018-07-25
2018-07-25_9,1007_3117,26.0,25/07/2018,2,2018-07-25
2018-07-26_1,1006_1032,21.0,26/07/2018,2,2018-07-26
2018-07-26_10,1006_1032,64.0,26/07/2018,2,2018-07-26
2018-07-26_1009,1009,12.0,26/07/2018,1,2018-07-26
2018-07-26_1016,1016,9.0,26/07/2018,1,2018-07-26
2018-07-26_11,2038_2039,417.5,26/07/2018,2,2018-07-26
2018-07-26_1101,1101,181.0,26/07/2018,1,2018-07-26
2018-07-26_1103,1103,207.0,26/07/2018,1,2018-07-26
2018-07-26_1115,1115,57.0,26/07/2018,1,2018-07-26
2018-07-26_1121,1121,197.0,26/07/2018,1,2018-07-26
2018-07-26_12,1008_1010_1011_1030_1031,17.8,26/07/2018,5,2018-07-26
2018-07-26_13,1007_1016_2523,21.0,26/07/2018,3,2018-07-26
2018-07-26_14,1006_1010_1011_1032_2544,8.2,26/07/2018,5,2018-07-26
2018-07-26_15,1009_1010_3117,58.0,26/07/2018,3,2018-07-26
2018-07-26_16,1007_2544,9.0,26/07/2018,2,2018-07-26
2018-07-26_18,1006_1010_1032,63.0,26/07/2018,3,2018-07-26
2018-07-26_19,1124_2513,466.0,26/07/2018,2,2018-07-26
2018-07-26_2,1007_3117,1.0,26/07/2018,2,2018-07-26
2018-07-26_3,1011_1102,28.0,26/07/2018,2,2018-07-26
2018-07-26_3040,3040,127.0,26/07/2018,1,2018-07-26
2018-07-26_4,1030_1119,52.0,26/07/2018,2,2018-07-26
2018-07-26_5,1007_2523,77.0,26/07/2018,2,2018-07-26
2018-07-26_6,1104_1116_1120_3076,299.75,26/07/2018,4,2018-07-26
2018-07-26_7,1103_2038,84.0,26/07/2018,2,2018-07-26
2018-07-26_8,1010_1011_1030_1031_1032,18.0,26/07/2018,5,2018-07-26
2018-07-26_9,1016_3077_3117,44.333333333333336,26/07/2018,3,2018-07-26
2018-07-27_1,1006_1032,72.0,27/07/2018,2,2018-07-27
2018-07-27_10,1007_1010_1032,19.0,27/07/2018,3,2018-07-27
2018-07-27_11,1010_1016_2513,227.0,27/07/2018,3,2018-07-27
2018-07-27_1101,1101,154.5,27/07/2018,1,2018-07-27
2018-07-27_1116,1116,487.0,27/07/2018,1,2018-07-27
2018-07-27_1120,1120,61.0,27/07/2018,1,2018-07-27
2018-07-27_1124,1124,456.0,27/07/2018,1,2018-07-27
2018-07-27_14,1101_3040,182.0,27/07/2018,2,2018-07-27
2018-07-27_4,3040_3041_3077,97.0,27/07/2018,3,2018-07-27
2018-07-27_5,2038_2039_2523,480.6666666666667,27/07/2018,3,2018-07-27
2018-07-27_6,1006_1122,295.0,27/07/2018,2,2018-07-27
2018-07-27_8,1102_1115_1121_3076_3117,385.8,27/07/2018,5,2018-07-27
2018-07-27_9,1120_3077,247.0,27/07/2018,2,2018-07-27
2018-07-28_1,1006_1010_1011,29.0,28/07/2018,3,2018-07-28
2018-07-28_10,1115_1120_3041_3076,186.0,28/07/2018,4,2018-07-28
2018-07-28_11,1116_1124,239.0,28/07/2018,2,2018-07-28
2018-07-28_1101,1101,117.0,28/07/2018,1,2018-07-28
2018-07-28_1102,1102,165.0,28/07/2018,1,2018-07-28
2018-07-28_12,1007_1008_1009_1010_1011_1016_1031_2513_2523_3117,38.3,28/07/2018,10,2018-07-28
2018-07-28_14,1101_1102,55.5,28/07/2018,2,2018-07-28
2018-07-28_2,1121_1122_3077,446.0,28/07/2018,3,2018-07-28
2018-07-28_2038,2038,255.0,28/07/2018,1,2018-07-28
2018-07-28_3,1006_1032,22.0,28/07/2018,2,2018-07-28
2018-07-28_3040,3040,152.0,28/07/2018,1,2018-07-28
2018-07-28_4,1016_3117,197.0,28/07/2018,2,2018-07-28
2018-07-28_5,1006_1010_1030_1032,4.5,28/07/2018,4,2018-07-28
2018-07-28_7,1007_2513_2523,122.0,28/07/2018,3,2018-07-28
2018-07-28_8,1009_1031,6.0,28/07/2018,2,2018-07-28
2018-07-28_9,1006_1032,108.0,28/07/2018,2,2018-07-28
2018-07-29_10,1007_2523,102.0,29/07/2018,2,2018-07-29
2018-07-29_11,1104_1121_1122,343.6666666666667,29/07/2018,3,2018-07-29
2018-07-29_1103,1103,85.0,29/07/2018,1,2018-07-29
2018-07-29_13,3040_3041_3076_3077,252.75,29/07/2018,4,2018-07-29
2018-07-29_14,1007_1010_2523,41.0,29/07/2018,3,2018-07-29
2018-07-29_15,1006_1032_1103,89.0,29/07/2018,3,2018-07-29
2018-07-29_16,3040_3041_3077,85.33333333333333,29/07/2018,3,2018-07-29
2018-07-29_2,1101_1124,519.0,29/07/2018,2,2018-07-29
2018-07-29_2030,2030,88.0,29/07/2018,1,2018-07-29
2018-07-29_3,1010_1102,91.0,29/07/2018,2,2018-07-29
2018-07-29_5,1007_1008_2523,1.0,29/07/2018,3,2018-07-29
2018-07-29_6,1006_1032,3.0,29/07/2018,2,2018-07-29
2018-07-29_7,2038_2039_2513,546.3333333333334,29/07/2018,3,2018-07-29
2018-07-29_8,3040_3041_3077,10.0,29/07/2018,3,2018-07-29
2018-07-29_9,1006_1032_1116_1120,144.5,29/07/2018,4,2018-07-29
2018-07-30_1,1121_3117,23.0,30/07/2018,2,2018-07-30
2018-07-30_10,1032_1122,401.5,30/07/2018,2,2018-07-30
2018-07-30_11,1102_1115_1120_1121,309.0,30/07/2018,4,2018-07-30
2018-07-30_1101,1101,163.0,30/07/2018,1,2018-07-30
2018-07-30_12,2038_2039,366.5,30/07/2018,2,2018-07-30
2018-07-30_13,1008_1009_1010_1011_1031_2539,40.833333333333336,30/07/2018,6,2018-07-30
2018-07-30_14,1010_1011_1101_2539,26.75,30/07/2018,4,2018-07-30
2018-07-30_15,1032_1101,63.0,30/07/2018,2,2018-07-30
2018-07-30_2038,2038,114.0,30/07/2018,1,2018-07-30
2018-07-30_3,1104_3076_3077,673.0,30/07/2018,3,2018-07-30
2018-07-30_4,1007_2523,24.0,30/07/2018,2,2018-07-30
2018-07-30_7,1030_1116_1124,556.3333333333334,30/07/2018,3,2018-07-30
2018-07-30_9,2030_2031,523.5,30/07/2018,2,2018-07-30
2018-07-31_10,1006_1032,43.0,31/07/2018,2,2018-07-31
2018-07-31_11,1016_1035_3077_3117,31.0,31/07/2018,4,2018-07-31
2018-07-31_1103,1103,109.0,31/07/2018,1,2018-07-31
2018-07-31_1124,1124,13.0,31/07/2018,1,2018-07-31
2018-07-31_12,3077_3117,98.0,31/07/2018,2,2018-07-31
2018-07-31_13,1016_1035_1116_1120_1121_3041,91.0,31/07/2018,6,2018-07-31
2018-07-31_2,1006_1032,104.0,31/07/2018,2,2018-07-31
2018-07-31_2038,2038,63.0,31/07/2018,1,2018-07-31
2018-07-31_2523,2523,69.0,31/07/2018,1,2018-07-31
2018-07-31_3,1007_2523,25.0,31/07/2018,2,2018-07-31
2018-07-31_3076,3076,2.0,31/07/2018,1,2018-07-31
2018-07-31_4,1010_1102_2030_2031,307.0,31/07/2018,4,2018-07-31
2018-07-31_5,1010_2539_2544,22.0,31/07/2018,3,2018-07-31
2018-07-31_6,1008_1016_3117,31.0,31/07/2018,3,2018-07-31
2018-07-31_8,1102_1121,238.5,31/07/2018,2,2018-07-31
2018-08-01_10,1010_1030_2539,16.0,01/08/2018,3,2018-08-01
2018-08-01_11,1116_1124,326.0,01/08/2018,2,2018-08-01
2018-08-01_1101,1101,153.0,01/08/2018,1,2018-08-01
2018-08-01_1103,1103,35.0,01/08/2018,1,2018-08-01
2018-08-01_1122,1122,240.0,01/08/2018,1,2018-08-01
2018-08-01_1124,1124,74.5,01/08/2018,1,2018-08-01
2018-08-01_12,1008_1010_1011_1030_1031_2523_2539,2.0,01/08/2018,7,2018-08-01
2018-08-01_14,1010_1030_2523_2539,1.0,01/08/2018,4,2018-08-01
2018-08-01_15,1008_1031,23.0,01/08/2018,2,2018-08-01
2018-08-01_17,1115_1120,53.0,01/08/2018,2,2018-08-01
2018-08-01_18,1006_1032,19.0,01/08/2018,2,2018-08-01
2018-08-01_2,1006_1032,21.0,01/08/2018,2,2018-08-01
2018-08-01_2030,2030,421.0,01/08/2018,1,2018-08-01
2018-08-01_3,1010_2539,22.0,01/08/2018,2,2018-08-01
2018-08-01_3040,3040,359.0,01/08/2018,1,2018-08-01
2018-08-01_4,1007_2523,25.0,01/08/2018,2,2018-08-01
2018-08-01_5,1016_1035_1102_1121_3117,437.0,01/08/2018,5,2018-08-01
2018-08-01_6,1006_1032,16.0,01/08/2018,2,2018-08-01
2018-08-01_8,1006_1009_1103_1104,391.0,01/08/2018,4,2018-08-01
2018-08-01_9,2038_2039_2513,561.6666666666666,01/08/2018,3,2018-08-01
2018-08-02_1,1006_1032,17.0,02/08/2018,2,2018-08-02
2018-08-02_10,2030_3142,463.5,02/08/2018,2,2018-08-02
2018-08-02_1006,1006,16.0,02/08/2018,1,2018-08-02
2018-08-02_11,3040_3041,334.5,02/08/2018,2,2018-08-02
2018-08-02_1101,1101,76.0,02/08/2018,1,2018-08-02
2018-08-02_1124,1124,95.5,02/08/2018,1,2018-08-02
2018-08-02_12,1007_1008_1010_1011_1016_1035_2513_2523_2544_3077_3117_3118_3119,51.30769230769231,02/08/2018,13,2018-08-02
2018-08-02_14,1008_1011_1016_1031_1035_1102_3117_3119,24.11111111111111,02/08/2018,8,2018-08-02
2018-08-02_3,1121_3041_3077,58.0,02/08/2018,3,2018-08-02
2018-08-02_3040,3040,65.0,02/08/2018,1,2018-08-02
2018-08-02_4,1035_3117,27.0,02/08/2018,2,2018-08-02
2018-08-02_5,1116_1124_2038_2039,475.0,02/08/2018,4,2018-08-02
2018-08-02_7,1006_1101,78.0,02/08/2018,2,2018-08-02
2018-08-02_8,1009_1103_1104_1121_1122,410.2,02/08/2018,5,2018-08-02
2018-08-02_9,1030_1031_1115_1120_3076,280.2,02/08/2018,5,2018-08-02
2018-08-03_1,1010_1101,82.0,03/08/2018,2,2018-08-03
2018-08-03_11,1116_1124_2523,347.0,03/08/2018,3,2018-08-03
2018-08-03_1101,1101,118.5,03/08/2018,1,2018-08-03
2018-08-03_1103,1103,243.0,03/08/2018,1,2018-08-03
2018-08-03_1124,1124,32.0,03/08/2018,1,2018-08-03
2018-08-03_12,2538_2542,6.0,03/08/2018,2,2018-08-03
2018-08-03_13,1011_2513,99.0,03/08/2018,2,2018-08-03
2018-08-03_14,3041_3076,390.0,03/08/2018,2,2018-08-03
2018-08-03_15,1006_1030_1032,153.66666666666666,03/08/2018,3,2018-08-03
2018-08-03_16,2538_2542_3142,96.0,03/08/2018,3,2018-08-03
2018-08-03_18,2038_2039,359.0,03/08/2018,2,2018-08-03
2018-08-03_2,3040_3077_3117,94.33333333333333,03/08/2018,3,2018-08-03
2018-08-03_20,1009_1016_1031_3117_3119,13.0,03/08/2018,5,2018-08-03
2018-08-03_2038,2038,81.0,03/08/2018,1,2018-08-03
2018-08-03_24,1006_1032,9.5,03/08/2018,2,2018-08-03
2018-08-03_3,1006_2544,1.5,03/08/2018,2,2018-08-03
2018-08-03_3040,3040,213.5,03/08/2018,1,2018-08-03
2018-08-03_5,1007_1008_1016_1035_2030_2031_2513_2523_2539_2544_3119,113.0909090909091,03/08/2018,11,2018-08-03
2018-08-03_6,1006_1032,102.0,03/08/2018,2,2018-08-03
2018-08-03_7,1007_1010_2539_2544_3118,145.6,03/08/2018,5,2018-08-03
2018-08-03_8,1035_1102_1104_1120_1121_1122_3077_3117,296.0,03/08/2018,8,2018-08-03
2018-08-03_9,1008_1009_1011_1031_2523_3119,9.0,03/08/2018,6,2018-08-03
2018-08-04_1,1006_1032,18.0,04/08/2018,2,2018-08-04
2018-08-04_10,2030_2031_2539,271.0,04/08/2018,3,2018-08-04
2018-08-04_1032,1032,15.0,04/08/2018,1,2018-08-04
2018-08-04_11,1010_1121_2544_3041_3117_3118,15.333333333333334,04/08/2018,6,2018-08-04
2018-08-04_1101,1101,182.5,04/08/2018,1,2018-08-04
2018-08-04_1103,1103,162.0,04/08/2018,1,2018-08-04
2018-08-04_1124,1124,4.0,04/08/2018,1,2018-08-04
2018-08-04_12,1030_1032,2.0,04/08/2018,2,2018-08-04
2018-08-04_14,1101_1119_1124_2030,100.5,04/08/2018,4,2018-08-04
2018-08-04_2,1102_1104,462.5,04/08/2018,2,2018-08-04
2018-08-04_2030,2030,191.0,04/08/2018,1,2018-08-04
2018-08-04_3,1007_1010_1016_2513_2523_2539_2544_3118_3119,133.44444444444446,04/08/2018,9,2018-08-04
2018-08-04_5,2038_2039,614.5,04/08/2018,2,2018-08-04
2018-08-04_6,1116_1124,535.0,04/08/2018,2,2018-08-04
2018-08-04_7,1121_3041_3077_3117,268.25,04/08/2018,4,2018-08-04
2018-08-04_8,1032_1120,261.0,04/08/2018,2,2018-08-04
2018-08-04_9,1010_1011_1016_2513_2523_2539_2544_3118_3119,14.0,04/08/2018,9,2018-08-04
2018-08-05_10,1007_1009_1010_1011_1016_1031_2513_2539_3119,2.0,05/08/2018,9,2018-08-05
2018-08-05_11,1006_1032,12.0,05/08/2018,2,2018-08-05
2018-08-05_1101,1101,139.0,05/08/2018,1,2018-08-05
2018-08-05_1106,1106,541.0,05/08/2018,1,2018-08-05
2018-08-05_1119,1119,58.0,05/08/2018,1,2018-08-05
2018-08-05_1124,1124,29.0,05/08/2018,1,2018-08-05
2018-08-05_12,1030_3077,74.0,05/08/2018,2,2018-08-05
2018-08-05_13,1101_1119_1124,60.666666666666664,05/08/2018,3,2018-08-05
2018-08-05_14,2542_3142,143.0,05/08/2018,2,2018-08-05
2018-08-05_15,1032_2513,24.0,05/08/2018,2,2018-08-05
2018-08-05_16,1007_1010_2539_2544_3118,15.0,05/08/2018,5,2018-08-05
2018-08-05_17,1006_1007_1008_1009_1010_1011_1016_1030_1031_1032_1101_1124_2513_2523_2539_2544_3118_3119,27.88888888888889,05/08/2018,18,2018-08-05
2018-08-05_2038,2038,108.0,05/08/2018,1,2018-08-05
2018-08-05_2039,2039,187.0,05/08/2018,1,2018-08-05
2018-08-05_2513,2513,27.0,05/08/2018,1,2018-08-05
2018-08-05_3,1102_1104,538.0,05/08/2018,2,2018-08-05
2018-08-05_5,1030_1119,113.0,05/08/2018,2,2018-08-05
2018-08-05_6,1007_1010_1032_2539_2544_3118,80.0,05/08/2018,6,2018-08-05
2018-08-05_7,2030_2031_2538,432.0,05/08/2018,3,2018-08-05
2018-08-05_8,1016_3077_3119,42.0,05/08/2018,3,2018-08-05
2018-08-05_9,1121_1122_3117,382.0,05/08/2018,3,2018-08-05
2018-08-06_1,3077_3117,89.0,06/08/2018,2,2018-08-06
2018-08-06_10,1030_1119,189.0,06/08/2018,2,2018-08-06
2018-08-06_1032,1032,13.0,06/08/2018,1,2018-08-06
2018-08-06_11,1028_2522_3117,226.66666666666666,06/08/2018,3,2018-08-06
2018-08-06_1101,1101,142.0,06/08/2018,1,2018-08-06
2018-08-06_1119,1119,5.0,06/08/2018,1,2018-08-06
2018-08-06_1122,1122,157.0,06/08/2018,1,2018-08-06
2018-08-06_1124,1124,54.0,06/08/2018,1,2018-08-06
2018-08-06_12,1116_1124,440.5,06/08/2018,2,2018-08-06
2018-08-06_13,1006_2055_2513_2523,365.25,06/08/2018,4,2018-08-06
2018-08-06_14,1010_2539,75.0,06/08/2018,2,2018-08-06
2018-08-06_15,1032_1122,6.0,06/08/2018,2,2018-08-06
2018-08-06_16,1016_3119,23.0,06/08/2018,2,2018-08-06
2018-08-06_17,1008_1016_3119,15.0,06/08/2018,3,2018-08-06
2018-08-06_18,2038_2039,293.0,06/08/2018,2,2018-08-06
2018-08-06_19,1010_2539,3.0,06/08/2018,2,2018-08-06
2018-08-06_2,1007_2523,31.0,06/08/2018,2,2018-08-06
2018-08-06_20,1010_1032_2539_2544_3118,92.8,06/08/2018,5,2018-08-06
2018-08-06_2030,2030,202.0,06/08/2018,1,2018-08-06
2018-08-06_2031,2031,151.0,06/08/2018,1,2018-08-06
2018-08-06_21,1101_1102,190.0,06/08/2018,2,2018-08-06
2018-08-06_22,1031_1119_1120,158.0,06/08/2018,3,2018-08-06
2018-08-06_23,1016_1035_3077,166.66666666666666,06/08/2018,3,2018-08-06
2018-08-06_24,1122_2030,62.0,06/08/2018,2,2018-08-06
2018-08-06_25,1016_1028_1032_1035_1101_1119_1121_1122_1124_2055_2522_2544_3077_3117_3118,174.4,06/08/2018,15,2018-08-06
2018-08-06_3,1030_1119,48.0,06/08/2018,2,2018-08-06
2018-08-06_3076,3076,104.0,06/08/2018,1,2018-08-06
2018-08-06_4,1006_1032,62.0,06/08/2018,2,2018-08-06
2018-08-06_5,2055_2513,9.0,06/08/2018,2,2018-08-06
2018-08-06_7,1120_1121,192.5,06/08/2018,2,2018-08-06
2018-08-06_8,1102_3077,145.0,06/08/2018,2,2018-08-06
2018-08-06_9,1007_2544_3118,122.0,06/08/2018,3,2018-08-06
2018-08-07_1,1006_1032,37.0,07/08/2018,2,2018-08-07
2018-08-07_10,1030_1119_1120,508.3333333333333,07/08/2018,3,2018-08-07
2018-08-07_11,1008_1011_1016_2539_3119,4.2,07/08/2018,5,2018-08-07
2018-08-07_1101,1101,60.0,07/08/2018,1,2018-08-07
2018-08-07_1103,1103,64.0,07/08/2018,1,2018-08-07
2018-08-07_1115,1115,351.0,07/08/2018,1,2018-08-07
2018-08-07_1124,1124,37.0,07/08/2018,1,2018-08-07
2018-08-07_12,1023_1106,351.0,07/08/2018,2,2018-08-07
2018-08-07_15,2513_2539_2544_2547,42.0,07/08/2018,4,2018-08-07
2018-08-07_16,1007_2523_3118,51.0,07/08/2018,3,2018-08-07
2018-08-07_17,3040_3041_3077,51.0,07/08/2018,3,2018-08-07
2018-08-07_18,1006_1032,1.0,07/08/2018,2,2018-08-07
2018-08-07_19,1006_1032_1119_1122_2055_2523,108.5,07/08/2018,6,2018-08-07
2018-08-07_2,1122_3040,185.0,07/08/2018,2,2018-08-07
2018-08-07_20,1011_2513_2539,45.666666666666664,07/08/2018,3,2018-08-07
2018-08-07_2030,2030,423.0,07/08/2018,1,2018-08-07
2018-08-07_3,1030_1119,32.0,07/08/2018,2,2018-08-07
2018-08-07_3076,3076,335.0,07/08/2018,1,2018-08-07
2018-08-07_3142,3142,211.0,07/08/2018,1,2018-08-07
2018-08-07_4,1035_3117,87.0,07/08/2018,2,2018-08-07
2018-08-07_7,1006_1010_1032_1102_1104,377.4,07/08/2018,5,2018-08-07
2018-08-07_8,1010_2522_2539_3077,53.75,07/08/2018,4,2018-08-07
2018-08-07_9,1028_1116_1124_2055,434.0,07/08/2018,4,2018-08-07
2018-08-08_1,1035_1120,40.0,08/08/2018,2,2018-08-08
2018-08-08_10,1007_1010_2539_3118,79.0,08/08/2018,4,2018-08-08
2018-08-08_11,2522_3117,29.0,08/08/2018,2,2018-08-08
2018-08-08_1101,1101,75.0,08/08/2018,1,2018-08-08
2018-08-08_1116,1116,17.0,08/08/2018,1,2018-08-08
2018-08-08_1124,1124,45.0,08/08/2018,1,2018-08-08
2018-08-08_12,2542_3142,24.0,08/08/2018,2,2018-08-08
2018-08-08_13,1119_1120,41.0,08/08/2018,2,2018-08-08
2018-08-08_14,1121_3117,9.0,08/08/2018,2,2018-08-08
2018-08-08_2038,2038,141.5,08/08/2018,1,2018-08-08
2018-08-08_3,1121_3117,32.0,08/08/2018,2,2018-08-08
2018-08-08_4,1030_1119,53.0,08/08/2018,2,2018-08-08
2018-08-08_5,1028_3117,74.0,08/08/2018,2,2018-08-08
2018-08-08_6,1031_1120,12.0,08/08/2018,2,2018-08-08
2018-08-08_7,1010_2539_3118,13.0,08/08/2018,3,2018-08-08
2018-08-08_8,2522_3117,168.0,08/08/2018,2,2018-08-08
2018-08-08_9,1121_1122,195.0,08/08/2018,2,2018-08-08
2018-08-09_1,1028_1121_3117,17.0,09/08/2018,3,2018-08-09
2018-08-09_1030,1030,41.0,09/08/2018,1,2018-08-09
2018-08-09_1032,1032,13.0,09/08/2018,1,2018-08-09
2018-08-09_11,1031_1120,174.0,09/08/2018,2,2018-08-09
2018-08-09_1119,1119,28.0,09/08/2018,1,2018-08-09
2018-08-09_1124,1124,138.5,09/08/2018,1,2018-08-09
2018-08-09_12,1008_1009_1016_3119,28.0,09/08/2018,4,2018-08-09
2018-08-09_13,1009_1011_2513_2544,25.333333333333332,09/08/2018,4,2018-08-09
2018-08-09_14,1007_1010_1032_2055_2523_2544_3118,49.125,09/08/2018,7,2018-08-09
2018-08-09_16,1010_1011_2513_2523_2538_2539_2542_2544_3118,34.7,09/08/2018,9,2018-08-09
2018-08-09_17,1031_1120,52.0,09/08/2018,2,2018-08-09
2018-08-09_18,1028_1121_3117,14.0,09/08/2018,3,2018-08-09
2018-08-09_19,1023_1028_1121_2522_3117,85.0,09/08/2018,5,2018-08-09
2018-08-09_2,1030_1120,46.0,09/08/2018,2,2018-08-09
2018-08-09_2030,2030,365.0,09/08/2018,1,2018-08-09
2018-08-09_2055,2055,15.0,09/08/2018,1,2018-08-09
2018-08-09_2523,2523,13.0,09/08/2018,1,2018-08-09
2018-08-09_3142,3142,427.0,09/08/2018,1,2018-08-09
2018-08-09_5,1007_1010_1032_2523_2539_2544_3118,133.0,09/08/2018,7,2018-08-09
2018-08-09_6,1030_1032,19.0,09/08/2018,2,2018-08-09
2018-08-09_7,1031_3117,68.0,09/08/2018,2,2018-08-09
2018-08-09_8,1006_1122_2055,245.0,09/08/2018,3,2018-08-09
2018-08-09_9,1028_1102_1116_1121_2031_2522_3117,455.85714285714283,09/08/2018,7,2018-08-09
2018-08-10_10,1010_2523_2539,36.0,10/08/2018,3,2018-08-10
2018-08-10_1006,1006,40.5,10/08/2018,1,2018-08-10
2018-08-10_1010,1010,10.0,10/08/2018,1,2018-08-10
2018-08-10_1101,1101,54.0,10/08/2018,1,2018-08-10
2018-08-10_1102,1102,18.0,10/08/2018,1,2018-08-10
2018-08-10_1103,1103,163.5,10/08/2018,1,2018-08-10
2018-08-10_1119,1119,41.0,10/08/2018,1,2018-08-10
2018-08-10_1120,1120,61.0,10/08/2018,1,2018-08-10
2018-08-10_1122,1122,128.0,10/08/2018,1,2018-08-10
2018-08-10_1124,1124,133.5,10/08/2018,1,2018-08-10
2018-08-10_12,1023_1106,232.0,10/08/2018,2,2018-08-10
2018-08-10_13,1035_3117,102.0,10/08/2018,2,2018-08-10
2018-08-10_14,1032_1122,243.0,10/08/2018,2,2018-08-10
2018-08-10_15,1007_2513_2523,34.333333333333336,10/08/2018,3,2018-08-10
2018-08-10_16,1007_2523_2544_3118,28.5,10/08/2018,4,2018-08-10
2018-08-10_17,1006_1101_3040,65.0,10/08/2018,3,2018-08-10
2018-08-10_18,1007_2513_2523_2544_3118,53.6,10/08/2018,5,2018-08-10
2018-08-10_19,1023_1121,27.0,10/08/2018,2,2018-08-10
2018-08-10_2030,2030,382.0,10/08/2018,1,2018-08-10
2018-08-10_2031,2031,62.0,10/08/2018,1,2018-08-10
2018-08-10_2038,2038,83.0,10/08/2018,1,2018-08-10
2018-08-10_2522,2522,86.5,10/08/2018,1,2018-08-10
2018-08-10_2539,2539,2.0,10/08/2018,1,2018-08-10
2018-08-10_3040,3040,54.5,10/08/2018,1,2018-08-10
2018-08-10_3077,3077,77.0,10/08/2018,1,2018-08-10
2018-08-10_4,1119_1120,306.0,10/08/2018,2,2018-08-10
2018-08-10_5,1023_3117,62.0,10/08/2018,2,2018-08-10
2018-08-10_7,1006_1032_1122_2523_3040,74.6,10/08/2018,5,2018-08-10
2018-08-10_8,1007_2513,135.5,10/08/2018,2,2018-08-10
2018-08-10_9,2544_3118,129.5,10/08/2018,2,2018-08-10
2018-08-11_1,1101_3040,397.0,11/08/2018,2,2018-08-11
2018-08-11_10,1116_1124,522.0,11/08/2018,2,2018-08-11
2018-08-11_11,1008_2539,9.0,11/08/2018,2,2018-08-11
2018-08-11_1103,1103,154.0,11/08/2018,1,2018-08-11
2018-08-11_1124,1124,298.0,11/08/2018,1,2018-08-11
2018-08-11_12,1031_1120,61.0,11/08/2018,2,2018-08-11
2018-08-11_13,1032_1122_2523,11.333333333333334,11/08/2018,3,2018-08-11
2018-08-11_14,1008_1009_1010_1031_1032_1120_2523_3041,10.625,11/08/2018,8,2018-08-11
2018-08-11_15,1006_1007_2523,47.0,11/08/2018,3,2018-08-11
2018-08-11_16,2544_3118,16.0,11/08/2018,2,2018-08-11
2018-08-11_17,1032_2055,21.0,11/08/2018,2,2018-08-11
2018-08-11_20,2038_2039,494.5,11/08/2018,2,2018-08-11
2018-08-11_2030,2030,448.0,11/08/2018,1,2018-08-11
2018-08-11_21,1007_3118,13.0,11/08/2018,2,2018-08-11
2018-08-11_3,1010_1102,89.0,11/08/2018,2,2018-08-11
2018-08-11_4,1030_1119,338.0,11/08/2018,2,2018-08-11
2018-08-11_5,1016_1023_1028_1035_1102_1106_1121_2522_3077_3119,464.0,11/08/2018,10,2018-08-11
2018-08-11_6,2031_3142,508.0,11/08/2018,2,2018-08-11
2018-08-11_7,1009_3117,1.5,11/08/2018,2,2018-08-11
2018-08-11_8,1104_1115,441.0,11/08/2018,2,2018-08-11
2018-08-11_9,1007_1011_1032_2513_2523_2544_3118,137.11111111111111,11/08/2018,7,2018-08-11
2018-08-12_1,1035_1102_1121,419.0,12/08/2018,3,2018-08-12
2018-08-12_10,1032_1122,125.0,12/08/2018,2,2018-08-12
2018-08-12_1032,1032,4.0,12/08/2018,1,2018-08-12
2018-08-12_11,2030_2031,371.5,12/08/2018,2,2018-08-12
2018-08-12_1103,1103,362.0,12/08/2018,1,2018-08-12
2018-08-12_1124,1124,236.0,12/08/2018,1,2018-08-12
2018-08-12_12,1115_1116_1120_2522,175.0,12/08/2018,4,2018-08-12
2018-08-12_14,1032_1122_3040,141.0,12/08/2018,3,2018-08-12
2018-08-12_16,1032_1122,17.0,12/08/2018,2,2018-08-12
2018-08-12_17,3077_3117,53.0,12/08/2018,2,2018-08-12
2018-08-12_2038,2038,292.0,12/08/2018,1,2018-08-12
2018-08-12_3,1122_3040_3041_3077_3117,235.0,12/08/2018,5,2018-08-12
2018-08-12_4,1030_1120,126.0,12/08/2018,2,2018-08-12
2018-08-12_5,1006_1032,23.5,12/08/2018,2,2018-08-12
2018-08-12_7,1101_1124,265.0,12/08/2018,2,2018-08-12
2018-08-12_9,1116_2039_2522,155.66666666666666,12/08/2018,3,2018-08-12
2018-08-13_1,1016_1121,9.0,13/08/2018,2,2018-08-13
2018-08-13_10,1101_1102,412.5,13/08/2018,2,2018-08-13
2018-08-13_1032,1032,61.0,13/08/2018,1,2018-08-13
2018-08-13_11,3040_3041,217.0,13/08/2018,2,2018-08-13
2018-08-13_1103,1103,242.5,13/08/2018,1,2018-08-13
2018-08-13_1116,1116,448.0,13/08/2018,1,2018-08-13
2018-08-13_1119,1119,203.5,13/08/2018,1,2018-08-13
2018-08-13_1120,1120,111.0,13/08/2018,1,2018-08-13
2018-08-13_1122,1122,118.5,13/08/2018,1,2018-08-13
2018-08-13_1124,1124,93.0,13/08/2018,1,2018-08-13
2018-08-13_12,1006_1032_1035_2055_3077_3117,45.0,13/08/2018,6,2018-08-13
2018-08-13_13,1008_1009_1016_1031_3119,33.4,13/08/2018,5,2018-08-13
2018-08-13_15,1006_1007_1122_2055_2513_2544,78.83333333333333,13/08/2018,6,2018-08-13
2018-08-13_18,1006_1122_2055_2523,69.0,13/08/2018,4,2018-08-13
2018-08-13_19,1010_2539,32.0,13/08/2018,2,2018-08-13
2018-08-13_2030,2030,408.0,13/08/2018,1,2018-08-13
2018-08-13_2031,2031,399.0,13/08/2018,1,2018-08-13
2018-08-13_2544,2544,37.0,13/08/2018,1,2018-08-13
2018-08-13_3,1031_1035,77.0,13/08/2018,2,2018-08-13
2018-08-13_3040,3040,47.0,13/08/2018,1,2018-08-13
2018-08-13_4,1006_1032,76.5,13/08/2018,2,2018-08-13
2018-08-13_5,3077_3117,29.0,13/08/2018,2,2018-08-13
2018-08-13_6,2038_2039_2522,557.6666666666666,13/08/2018,3,2018-08-13
2018-08-13_7,3077_3117,43.0,13/08/2018,2,2018-08-13
2018-08-13_8,1104_1115,343.0,13/08/2018,2,2018-08-13
2018-08-13_9,1023_1028_1106_1121,454.0,13/08/2018,4,2018-08-13
2018-08-14_1,1016_1035_1102_3077_3117_3119,500.8333333333333,14/08/2018,6,2018-08-14
2018-08-14_10,1006_1007_1032_2523_2544_3040_3118,90.0,14/08/2018,7,2018-08-14
2018-08-14_1008,1008,22.0,14/08/2018,1,2018-08-14
2018-08-14_11,1010_1036,65.0,14/08/2018,2,2018-08-14
2018-08-14_1101,1101,306.0,14/08/2018,1,2018-08-14
2018-08-14_1122,1122,353.5,14/08/2018,1,2018-08-14
2018-08-14_1124,1124,192.5,14/08/2018,1,2018-08-14
2018-08-14_12,2031_2538,72.0,14/08/2018,2,2018-08-14
2018-08-14_15,3040,108.0,14/08/2018,1,2018-08-14
2018-08-14_16,1007_1010_1011_1036_2513_2523_2539_2544_3118,65.44444444444444,14/08/2018,9,2018-08-14
2018-08-14_19,1007_1010_1030_1036_1119_1120,78.66666666666667,14/08/2018,6,2018-08-14
2018-08-14_2038,2038,1.0,14/08/2018,1,2018-08-14
2018-08-14_22,1119_1120,241.0,14/08/2018,2,2018-08-14
2018-08-14_3,1006_1032_3040,78.0,14/08/2018,3,2018-08-14
2018-08-14_5,1104_1115_1120,316.0,14/08/2018,3,2018-08-14
2018-08-14_6,1119_2030,323.5,14/08/2018,2,2018-08-14
2018-08-14_7,1116_2522,184.0,14/08/2018,2,2018-08-14
2018-08-14_8,1009_1031_2538,1.0,14/08/2018,3,2018-08-14
2018-08-14_9,1010_2539_2544_3118,3.0,14/08/2018,4,2018-08-14
2018-08-15_10,1119_1120,185.0,15/08/2018,2,2018-08-15
2018-08-15_1032,1032,5.0,15/08/2018,1,2018-08-15
2018-08-15_11,1006_1032,78.0,15/08/2018,2,2018-08-15
2018-08-15_1101,1101,78.0,15/08/2018,1,2018-08-15
2018-08-15_1120,1120,89.0,15/08/2018,1,2018-08-15
2018-08-15_1122,1122,44.0,15/08/2018,1,2018-08-15
2018-08-15_1124,1124,78.0,15/08/2018,1,2018-08-15
2018-08-15_12,1101_1102,386.0,15/08/2018,2,2018-08-15
2018-08-15_14,1023_1036_1106,166.0,15/08/2018,3,2018-08-15
2018-08-15_16,1006_1122_3040,78.0,15/08/2018,3,2018-08-15
2018-08-15_3,2030_2031_3041,482.0,15/08/2018,3,2018-08-15
2018-08-15_3040,3040,146.5,15/08/2018,1,2018-08-15
2018-08-15_5,2038_2039_2522,567.3333333333334,15/08/2018,3,2018-08-15
2018-08-15_6,1102_1121,47.5,15/08/2018,2,2018-08-15
2018-08-15_7,1116_1124,433.5,15/08/2018,2,2018-08-15
2018-08-15_8,1028_2055,509.0,15/08/2018,2,2018-08-15
2018-08-15_9,1006_1032_1122_3040,147.75,15/08/2018,4,2018-08-15
2018-08-16_1,1122_3040,93.0,16/08/2018,2,2018-08-16
2018-08-16_10,2030_2031_2538_2542,235.75,16/08/2018,4,2018-08-16
2018-08-16_1032,1032,34.0,16/08/2018,1,2018-08-16
2018-08-16_11,1016_1035_3077_3117,67.0,16/08/2018,4,2018-08-16
2018-08-16_1103,1103,101.0,16/08/2018,1,2018-08-16
2018-08-16_1121,1121,469.0,16/08/2018,1,2018-08-16
2018-08-16_12,1008_1009_1030_1031_2539_3119,91.33333333333333,16/08/2018,6,2018-08-16
2018-08-16_13,1032_2055,15.0,16/08/2018,2,2018-08-16
2018-08-16_15,1009_1103_1104,225.0,16/08/2018,3,2018-08-16
2018-08-16_16,1016_2038_3040_3041_3077_3117_3119,406.85714285714283,16/08/2018,7,2018-08-16
2018-08-16_17,1007_1032_2523_3118,121.5,16/08/2018,4,2018-08-16
2018-08-16_18,1010_2539,48.0,16/08/2018,2,2018-08-16
2018-08-16_2,1119_1120,597.0,16/08/2018,2,2018-08-16
2018-08-16_2030,2030,122.0,16/08/2018,1,2018-08-16
2018-08-16_2038,2038,116.0,16/08/2018,1,2018-08-16
2018-08-16_2039,2039,61.5,16/08/2018,1,2018-08-16
2018-08-16_2523,2523,3.0,16/08/2018,1,2018-08-16
2018-08-16_3142,3142,385.0,16/08/2018,1,2018-08-16
2018-08-16_4,1016_1115,83.0,16/08/2018,2,2018-08-16
2018-08-16_5,1023_2522,237.0,16/08/2018,2,2018-08-16
2018-08-16_6,1116_1124_2522,480.0,16/08/2018,3,2018-08-16
2018-08-16_7,1008_1009_1010_1016_1030_1031_2539_3119,31.25,16/08/2018,8,2018-08-16
2018-08-16_8,1028_1036_1106,291.3333333333333,16/08/2018,3,2018-08-16
2018-08-16_9,1006_1101_1102,427.0,16/08/2018,3,2018-08-16
2018-08-17_1006,1006,34.0,17/08/2018,1,2018-08-17
2018-08-17_11,1122_1124_3040,2368.6666666666665,20/08/2018,3,2018-08-17
2018-08-17_12,1016_1035_3077_3117_3119,245.4,17/08/2018,5,2018-08-17
2018-08-17_14,1023_1028_1121,1.0,17/08/2018,3,2018-08-17
2018-08-17_15,1023_1028_1121_2522,302.0,17/08/2018,4,2018-08-17
2018-08-17_16,2055_2513,7.0,17/08/2018,2,2018-08-17
2018-08-17_17,1116_1120_3041,64.0,17/08/2018,3,2018-08-17
2018-08-17_20,1010_3118_3119,43.0,17/08/2018,3,2018-08-17
2018-08-17_2038,2038,259.0,17/08/2018,1,2018-08-17
2018-08-17_2513,2513,17.0,17/08/2018,1,2018-08-17
2018-08-17_4,1009_1031,3.0,17/08/2018,2,2018-08-17
2018-08-17_5,2030_2031_2539,569.6666666666666,17/08/2018,3,2018-08-17
2018-08-17_6,2513_2522,49.0,17/08/2018,2,2018-08-17
2018-08-17_8,1007_1016_2544_3118_3119,19.0,17/08/2018,5,2018-08-17
2018-08-17_9,1035_3117_3119,34.0,17/08/2018,3,2018-08-17
2018-08-18_1,1006_1007_1032,44.0,18/08/2018,3,2018-08-18
2018-08-18_10,1008_1009_1030_1031_1032_1120_2523_3077,46.25,18/08/2018,8,2018-08-18
2018-08-18_11,1007_2523_3118,43.666666666666664,18/08/2018,3,2018-08-18
2018-08-18_1106,1106,451.0,18/08/2018,1,2018-08-18
2018-08-18_2,3041_3117,43.0,18/08/2018,2,2018-08-18
2018-08-18_2522,2522,2.0,18/08/2018,1,2018-08-18
2018-08-18_2523,2523,33.0,18/08/2018,1,2018-08-18
2018-08-18_3,1032_1120,15.5,18/08/2018,2,2018-08-18
2018-08-18_4,1101_1103_1119_2030_2038_2055_2513,1913.5714285714287,20/08/2018,7,2018-08-18
2018-08-18_7,1010_1016_1102_1116_2031_2539_2544_3041_3117_3119,458.4,18/08/2018,10,2018-08-18
2018-08-18_8,1006_1007_1032_2523_3118,86.2,18/08/2018,5,2018-08-18
2018-08-18_9,1007_2039_2523,158.0,18/08/2018,3,2018-08-18
2018-08-19_1,1007_2523_3118,65.0,19/08/2018,3,2018-08-19
2018-08-19_1008,1008,32.0,19/08/2018,1,2018-08-19
2018-08-19_11,1031_1115_1120,203.33333333333334,19/08/2018,3,2018-08-19
2018-08-19_1102,1102,16.0,19/08/2018,1,2018-08-19
2018-08-19_12,1007_2523,197.0,19/08/2018,2,2018-08-19
2018-08-19_13,1028_1121_3041,245.0,19/08/2018,3,2018-08-19
2018-08-19_14,1023_3117,88.0,19/08/2018,2,2018-08-19
2018-08-19_2,1116_1120,147.0,19/08/2018,2,2018-08-19
2018-08-19_2031,2031,322.0,19/08/2018,1,2018-08-19
2018-08-19_2522,2522,12.0,19/08/2018,1,2018-08-19
2018-08-19_3,3041_3117,64.0,19/08/2018,2,2018-08-19
2018-08-19_3077,3077,51.0,19/08/2018,1,2018-08-19
2018-08-19_5,2039_2522,288.5,19/08/2018,2,2018-08-19
2018-08-19_7,1102_1104,42.5,19/08/2018,2,2018-08-19
2018-08-19_8,1009_1010_1011_1016_1030_1031_2539_2544_3118_3119,196.3,19/08/2018,10,2018-08-19
2018-08-20_1,1032_1120,137.5,20/08/2018,2,2018-08-20
2018-08-20_1102,1102,287.5,20/08/2018,1,2018-08-20
2018-08-20_1121,1121,28.0,20/08/2018,1,2018-08-20
2018-08-20_2,1010_2539,14.0,20/08/2018,2,2018-08-20
2018-08-20_2039,2039,193.0,20/08/2018,1,2018-08-20
2018-08-20_2522,2522,24.0,20/08/2018,1,2018-08-20
2018-08-20_3,1007_1010_1030_2031_2523_2539_2544_3118,199.5,20/08/2018,8,2018-08-20
2018-08-20_3117,3117,67.0,20/08/2018,1,2018-08-20
2018-08-20_3142,3142,486.0,20/08/2018,1,2018-08-20
2018-08-20_4,1016_1035_3077_3119,299.0,20/08/2018,4,2018-08-20
2018-08-20_5,1116_1121_2522_3041,536.75,20/08/2018,4,2018-08-20
2018-08-20_6,1023_1028_1106,522.0,20/08/2018,3,2018-08-20
2018-08-20_7,2544_3118,62.0,20/08/2018,2,2018-08-20
2018-08-20_9,1006_1007_2523_2544_3118,205.0,20/08/2018,5,2018-08-20
2018-08-21_1,2513_2522,18.0,21/08/2018,2,2018-08-21
2018-08-21_10,1006_1032_1122_2055,278.5,21/08/2018,4,2018-08-21
2018-08-21_11,1035_2522_3117,224.0,21/08/2018,3,2018-08-21
2018-08-21_1101,1101,19.0,21/08/2018,1,2018-08-21
2018-08-21_1102,1102,26.0,21/08/2018,1,2018-08-21
2018-08-21_1119,1119,19.0,21/08/2018,1,2018-08-21
2018-08-21_1124,1124,9.0,21/08/2018,1,2018-08-21
2018-08-21_12,1011_2513,75.0,21/08/2018,2,2018-08-21
2018-08-21_2030,2030,145.5,21/08/2018,1,2018-08-21
2018-08-21_2031,2031,248.0,21/08/2018,1,2018-08-21
2018-08-21_3,3040_3041_3077,272.0,21/08/2018,3,2018-08-21
2018-08-21_3040,3040,141.0,21/08/2018,1,2018-08-21
2018-08-21_4,1030_1119_1120,277.0,21/08/2018,3,2018-08-21
2018-08-21_5,1104_1115_1121,317.6666666666667,21/08/2018,3,2018-08-21
2018-08-21_6,2038_2039,517.5,21/08/2018,2,2018-08-21
2018-08-21_7,1101_1102,403.5,21/08/2018,2,2018-08-21
2018-08-21_8,1116_1124,477.0,21/08/2018,2,2018-08-21
2018-08-21_9,1007_1008_1010_1016_2544_3118_3119,297.0,21/08/2018,7,2018-08-21
2018-08-22_1,1028_2055,176.0,22/08/2018,2,2018-08-22
2018-08-22_10,1008_1009_1010_1030_1031_2538_3119,60.142857142857146,22/08/2018,7,2018-08-22
2018-08-22_11,1023_1121,2.0,22/08/2018,2,2018-08-22
2018-08-22_1101,1101,288.0,22/08/2018,1,2018-08-22
2018-08-22_1104,1104,11.0,22/08/2018,1,2018-08-22
2018-08-22_12,1006_1032_1122,23.0,22/08/2018,3,2018-08-22
2018-08-22_13,1023_3117,161.0,22/08/2018,2,2018-08-22
2018-08-22_14,2030_2031_2539,437.0,22/08/2018,3,2018-08-22
2018-08-22_2,1006_1032,14.0,22/08/2018,2,2018-08-22
2018-08-22_2544,2544,4.0,22/08/2018,1,2018-08-22
2018-08-22_3,1016_1023_1035_1102_1121_2522_3077_3117,463.0,22/08/2018,8,2018-08-22
2018-08-22_5,1032_1122,68.5,22/08/2018,2,2018-08-22
2018-08-22_6,1030_1031_1120,266.0,22/08/2018,3,2018-08-22
2018-08-22_7,1116_1124,401.5,22/08/2018,2,2018-08-22
2018-08-22_8,1008_1009_1010_1011_2538_2539_3119,6.0,22/08/2018,7,2018-08-22
2018-08-22_9,1032_1122,71.5,22/08/2018,2,2018-08-22
2018-08-23_1,1007_1010_1016_1030_1035_2030_2031_2513_2544_3118_3119,457.1818181818182,23/08/2018,11,2018-08-23
2018-08-23_10,3040_3041,63.0,23/08/2018,2,2018-08-23
2018-08-23_11,1023_3117,19.0,23/08/2018,2,2018-08-23
2018-08-23_12,1006_1028_1032_1122_2055_3040,78.16666666666667,23/08/2018,6,2018-08-23
2018-08-23_2,1023_1121,374.0,23/08/2018,2,2018-08-23
2018-08-23_3,1102_1104_1116_3077,46.75,23/08/2018,4,2018-08-23
2018-08-23_5,1116_1124,289.5,23/08/2018,2,2018-08-23
2018-08-23_6,1115_1120,69.0,23/08/2018,2,2018-08-23
2018-08-23_7,1006_1032_1122_2055,294.0,23/08/2018,4,2018-08-23
2018-08-23_8,1028_2039_2522,257.3333333333333,23/08/2018,3,2018-08-23
2018-08-23_9,1101_1102_3077,380.3333333333333,23/08/2018,3,2018-08-23
2018-08-24_1,1006_1032_1120_2523,69.25,24/08/2018,4,2018-08-24
2018-08-24_10,2038_2039,437.0,24/08/2018,2,2018-08-24
2018-08-24_11,1010_2539,1.0,24/08/2018,2,2018-08-24
2018-08-24_1101,1101,23.0,24/08/2018,1,2018-08-24
2018-08-24_1106,1106,167.0,24/08/2018,1,2018-08-24
2018-08-24_1120,1120,106.0,24/08/2018,1,2018-08-24
2018-08-24_1124,1124,51.0,24/08/2018,1,2018-08-24
2018-08-24_13,1008_1010_2539,5.0,24/08/2018,3,2018-08-24
2018-08-24_14,1102_1104_1115,255.0,24/08/2018,3,2018-08-24
2018-08-24_15,2030_2031,181.0,24/08/2018,2,2018-08-24
2018-08-24_16,1023_1106,172.5,24/08/2018,2,2018-08-24
2018-08-24_3,2513_2544,3.0,24/08/2018,2,2018-08-24
2018-08-24_3040,3040,208.5,24/08/2018,1,2018-08-24
2018-08-24_3041,3041,28.0,24/08/2018,1,2018-08-24
2018-08-24_5,1035_3077,125.0,24/08/2018,2,2018-08-24
2018-08-24_6,1028_1121,2.0,24/08/2018,2,2018-08-24
2018-08-24_7,1006_1007_1032_1121_1122,372.8,24/08/2018,5,2018-08-24
2018-08-24_8,1016_1028_2055_2513_2522,411.4,24/08/2018,5,2018-08-24
2018-08-24_9,1030_1116_1124_2544,419.0,24/08/2018,4,2018-08-24
2018-08-25_1,1007_1035_2523,15.0,25/08/2018,3,2018-08-25
2018-08-25_10,1032_1116_1124_3077,105.5,25/08/2018,4,2018-08-25
2018-08-25_11,1016_1031_3077,163.0,25/08/2018,3,2018-08-25
2018-08-25_1101,1101,59.0,25/08/2018,1,2018-08-25
2018-08-25_1103,1103,158.0,25/08/2018,1,2018-08-25
2018-08-25_1122,1122,214.0,25/08/2018,1,2018-08-25
2018-08-25_1124,1124,39.0,25/08/2018,1,2018-08-25
2018-08-25_14,1007_2523,58.0,25/08/2018,2,2018-08-25
2018-08-25_15,1023_3117,7.0,25/08/2018,2,2018-08-25
2018-08-25_16,1028_2055_2522,24.0,25/08/2018,3,2018-08-25
2018-08-25_2030,2030,389.0,25/08/2018,1,2018-08-25
2018-08-25_2031,2031,378.0,25/08/2018,1,2018-08-25
2018-08-25_2038,2038,155.0,25/08/2018,1,2018-08-25
2018-08-25_2544,2544,35.0,25/08/2018,1,2018-08-25
2018-08-25_3,2522_3117,23.0,25/08/2018,2,2018-08-25
2018-08-25_3142,3142,425.0,25/08/2018,1,2018-08-25
2018-08-25_4,1010_2539,5.0,25/08/2018,2,2018-08-25
2018-08-25_5,1016_1023_1028_2055_2513_2523,152.5,25/08/2018,6,2018-08-25
2018-08-25_6,1104_1115_1120,373.6666666666667,25/08/2018,3,2018-08-25
2018-08-25_7,1035_3040_3117,166.66666666666666,25/08/2018,3,2018-08-25
2018-08-25_8,1007_1009_1010_1016_2523_2539_2544,79.14285714285714,25/08/2018,7,2018-08-25
2018-08-25_9,2039_2522,262.5,25/08/2018,2,2018-08-25
2018-08-26_1,1007_1010_2523,73.0,26/08/2018,3,2018-08-26
2018-08-26_10,2538_2542_3142,75.33333333333333,26/08/2018,3,2018-08-26
2018-08-26_1010,1010,19.0,26/08/2018,1,2018-08-26
2018-08-26_11,1010_1011_2539,19.0,26/08/2018,3,2018-08-26
2018-08-26_1101,1101,23.0,26/08/2018,1,2018-08-26
2018-08-26_1124,1124,69.0,26/08/2018,1,2018-08-26
2018-08-26_12,1007_1032_1103_1119_1122_2513_2523,160.85714285714286,26/08/2018,7,2018-08-26
2018-08-26_13,1035_3077,184.0,26/08/2018,2,2018-08-26
2018-08-26_14,3040_3041,225.0,26/08/2018,2,2018-08-26
2018-08-26_15,1007_1008_1010_1011_1030_2538_2539_2542_2544,31.6,26/08/2018,9,2018-08-26
2018-08-26_2,1030_1120,51.0,26/08/2018,2,2018-08-26
2018-08-26_2544,2544,43.0,26/08/2018,1,2018-08-26
2018-08-26_3,1016_1028_1102,388.0,26/08/2018,3,2018-08-26
2018-08-26_3040,3040,168.0,26/08/2018,1,2018-08-26
2018-08-26_5,1104_1115_1116_1120,337.75,26/08/2018,4,2018-08-26
2018-08-26_6,2038_2039_2522,613.6666666666666,26/08/2018,3,2018-08-26
2018-08-26_7,1106,531.0,26/08/2018,1,2018-08-26
2018-08-26_8,1007_2513_2523,15.666666666666666,26/08/2018,3,2018-08-26
2018-08-26_9,2030_2031,400.5,26/08/2018,2,2018-08-26
2018-08-27_1,1016_1035_1121_3077_3117,314.6,27/08/2018,5,2018-08-27
2018-08-27_10,1035_3077,181.0,27/08/2018,2,2018-08-27
2018-08-27_11,1016_2522_3077_3117,115.0,27/08/2018,4,2018-08-27
2018-08-27_1101,1101,28.0,27/08/2018,1,2018-08-27
2018-08-27_1116,1116,300.0,27/08/2018,1,2018-08-27
2018-08-27_1119,1119,471.0,27/08/2018,1,2018-08-27
2018-08-27_1120,1120,468.0,27/08/2018,1,2018-08-27
2018-08-27_1124,1124,156.0,27/08/2018,1,2018-08-27
2018-08-27_2,1010_1116,28.0,27/08/2018,2,2018-08-27
2018-08-27_2544,2544,63.0,27/08/2018,1,2018-08-27
2018-08-27_4,2030_2031,136.5,27/08/2018,2,2018-08-27
2018-08-27_5,1007_2513,204.0,27/08/2018,2,2018-08-27
2018-08-27_6,1006_1032_1122_1124_2055,169.4,27/08/2018,5,2018-08-27
2018-08-27_7,3040_3041,136.0,27/08/2018,2,2018-08-27
2018-08-27_8,1010_1102,142.5,27/08/2018,2,2018-08-27
2018-08-27_9,1023_1028_1121,82.33333333333333,27/08/2018,3,2018-08-27
2018-08-28_1,1103_1104,597.0,28/08/2018,2,2018-08-28
2018-08-28_10,1032_2055,263.5,28/08/2018,2,2018-08-28
2018-08-28_11,2031_3041_3077,506.0,28/08/2018,3,2018-08-28
2018-08-28_1101,1101,251.0,28/08/2018,1,2018-08-28
2018-08-28_12,1007_1010_2523_2539_2544,28.2,28/08/2018,5,2018-08-28
2018-08-28_13,1007_1009_1010_1011_2538_2539_2542_2544,44.875,28/08/2018,8,2018-08-28
2018-08-28_14,1023_1106,221.0,28/08/2018,2,2018-08-28
2018-08-28_2,1023_1106,181.0,28/08/2018,2,2018-08-28
2018-08-28_2031,2031,47.0,28/08/2018,1,2018-08-28
2018-08-28_2038,2038,494.0,28/08/2018,1,2018-08-28
2018-08-28_2039,2039,494.0,28/08/2018,1,2018-08-28
2018-08-28_3,1030_1031_1119_1120,506.5,28/08/2018,4,2018-08-28
2018-08-28_3040,3040,142.0,28/08/2018,1,2018-08-28
2018-08-28_4,1006_1008_1121_1122,524.5,28/08/2018,4,2018-08-28
2018-08-28_5,1007_1010_2523_2539_2544,137.8,28/08/2018,5,2018-08-28
2018-08-28_6,1102_1115,544.0,28/08/2018,2,2018-08-28
2018-08-28_7,1016_1028_1035_2522_3117,450.2,28/08/2018,5,2018-08-28
2018-08-28_8,1116_1124,525.5,28/08/2018,2,2018-08-28
2018-08-28_9,2513_3061,275.0,28/08/2018,2,2018-08-28
2018-08-29_1,1010_1023_1028_1102_1104_1115_1116_1121_2522_3041,506.1,29/08/2018,10,2018-08-29
2018-08-29_10,1007_1008_1010_1011_1031_2523_2539_2544_3077,9.0,29/08/2018,9,2018-08-29
2018-08-29_1032,1032,17.0,29/08/2018,1,2018-08-29
2018-08-29_11,2522_3077,79.0,29/08/2018,2,2018-08-29
2018-08-29_1124,1124,66.0,29/08/2018,1,2018-08-29
2018-08-29_12,1119_1120,381.0,29/08/2018,2,2018-08-29
2018-08-29_2,1106_2039_3061_3142,316.5,29/08/2018,4,2018-08-29
2018-08-29_2030,2030,334.0,29/08/2018,1,2018-08-29
2018-08-29_2038,2038,21.0,29/08/2018,1,2018-08-29
2018-08-29_2055,2055,16.0,29/08/2018,1,2018-08-29
2018-08-29_3,1008_1009_1016_1030_1031_2031_2538_2539_3077_3117,92.9090909090909,29/08/2018,10,2018-08-29
2018-08-29_4,1006_1007_2513_2523_2544,118.2,29/08/2018,5,2018-08-29
2018-08-29_6,1006_1032_1122_1124_2038_2055_2513_2523_2544,240.33333333333334,29/08/2018,9,2018-08-29
2018-08-29_7,1007_1008_1009_1011_1030_1031_1035_2539,107.625,29/08/2018,8,2018-08-29
2018-08-29_8,1007_1030_2539_2544,18.0,29/08/2018,4,2018-08-29
2018-08-30_1,1007_1016_2523_2544_3077_3117,32.833333333333336,30/08/2018,6,2018-08-30
2018-08-30_10,3041_3077,132.5,30/08/2018,2,2018-08-30
2018-08-30_1016,1016,11.0,30/08/2018,1,2018-08-30
2018-08-30_11,1007_1032_2055_2513,72.0,30/08/2018,4,2018-08-30
2018-08-30_1103,1103,331.0,30/08/2018,1,2018-08-30
2018-08-30_1124,1124,63.666666666666664,30/08/2018,1,2018-08-30
2018-08-30_14,1030_1120,219.0,30/08/2018,2,2018-08-30
2018-08-30_2,1028_1121_2522,64.33333333333333,30/08/2018,3,2018-08-30
2018-08-30_2030,2030,207.0,30/08/2018,1,2018-08-30
2018-08-30_2055,2055,21.0,30/08/2018,1,2018-08-30
2018-08-30_3,1102_2031_2039,125.66666666666667,30/08/2018,3,2018-08-30
2018-08-30_3040,3040,55.0,30/08/2018,1,2018-08-30
2018-08-30_4,1007_1010_2544,31.0,30/08/2018,3,2018-08-30
2018-08-30_5,1007_1010_2513_2523_2544,82.8,30/08/2018,5,2018-08-30
2018-08-30_6,2038_2039,556.0,30/08/2018,2,2018-08-30
2018-08-30_8,2522_3077_3117,119.66666666666667,30/08/2018,3,2018-08-30
2018-08-30_9,1023_1106,192.0,30/08/2018,2,2018-08-30
2018-08-31_10,2030_2031,498.0,31/08/2018,2,2018-08-31
2018-08-31_11,1116_1124,272.0,31/08/2018,2,2018-08-31
2018-08-31_1103,1103,99.0,31/08/2018,1,2018-08-31
2018-08-31_12,1028_3117,437.5,31/08/2018,2,2018-08-31
2018-08-31_13,1104_1115,197.0,31/08/2018,2,2018-08-31
2018-08-31_2,1016_1030,55.0,31/08/2018,2,2018-08-31
2018-08-31_3,1007_2513_2523_2524_2544,113.4,31/08/2018,5,2018-08-31
2018-08-31_3142,3142,435.0,31/08/2018,1,2018-08-31
2018-08-31_4,1023_1106_2522,273.0,31/08/2018,3,2018-08-31
2018-08-31_5,1030_1031_1032_1119_1120,324.4,31/08/2018,5,2018-08-31
2018-08-31_6,1016_1035_1102_1121_3041_3077_3117,383.42857142857144,31/08/2018,7,2018-08-31
2018-08-31_7,2038_2039_3061,259.0,31/08/2018,3,2018-08-31
2018-08-31_8,1006_1101,228.0,31/08/2018,2,2018-08-31
2018-08-31_9,1122_2055,224.5,31/08/2018,2,2018-08-31
2018-09-01_1,1007_1010_1016_1023_1030_1031_1035_1106_2523_2544_3077_3117,181.30769230769232,01/09/2018,12,2018-09-01
2018-09-01_10,1010_2523_3061,123.0,01/09/2018,3,2018-09-01
2018-09-01_1016,1016,233.0,01/09/2018,1,2018-09-01
2018-09-01_1032,1032,24.0,01/09/2018,1,2018-09-01
2018-09-01_11,1104_1115_1120,166.66666666666666,01/09/2018,3,2018-09-01
2018-09-01_1115,1115,63.0,01/09/2018,1,2018-09-01
2018-09-01_1119,1119,186.0,01/09/2018,1,2018-09-01
2018-09-01_1120,1120,102.0,01/09/2018,1,2018-09-01
2018-09-01_1122,1122,19.0,01/09/2018,1,2018-09-01
2018-09-01_1124,1124,52.0,01/09/2018,1,2018-09-01
2018-09-01_12,1016_1035_2522_3077,97.75,01/09/2018,4,2018-09-01
2018-09-01_13,2038_2513,118.0,01/09/2018,2,2018-09-01
2018-09-01_14,1023_3117,138.0,01/09/2018,2,2018-09-01
2018-09-01_15,2031_2538_2539_2542,41.0,01/09/2018,4,2018-09-01
2018-09-01_16,1007_2544,56.0,01/09/2018,2,2018-09-01
2018-09-01_2,1028_1102_1116_1121_2039_2513_2522_3061,285.0,01/09/2018,8,2018-09-01
2018-09-01_2031,2031,412.0,01/09/2018,1,2018-09-01
2018-09-01_2513,2513,33.0,01/09/2018,1,2018-09-01
2018-09-01_2539,2539,325.0,01/09/2018,1,2018-09-01
2018-09-01_3,1101_1124,557.0,01/09/2018,2,2018-09-01
2018-09-01_4,3040_3041,83.5,01/09/2018,2,2018-09-01
2018-09-01_6,1008_1030_1035_3077,122.75,01/09/2018,4,2018-09-01
2018-09-01_7,1011_1031_2538_2542,44.25,01/09/2018,4,2018-09-01
2018-09-01_8,1122_3040_3041,118.33333333333333,01/09/2018,3,2018-09-01
2018-09-01_9,1007_2513_2544,64.66666666666667,01/09/2018,3,2018-09-01
2018-09-02_1,1007_1008_1010_1016_2523_2539,262.3333333333333,02/09/2018,6,2018-09-02
2018-09-02_1124,1124,52.0,02/09/2018,1,2018-09-02
2018-09-02_2,1030_1035_1102_1104_1115_1120_1121_3041_3077,472.1111111111111,02/09/2018,9,2018-09-02
2018-09-02_2030,2030,385.0,02/09/2018,1,2018-09-02
2018-09-02_2038,2038,367.0,02/09/2018,1,2018-09-02
2018-09-02_4,1023_1028_1106_1116_2031_2039_2522_2544_3061_3117,501.7,02/09/2018,10,2018-09-02
2018-09-02_5,1009_1031_2538_2542_3142,188.6,02/09/2018,5,2018-09-02
2018-09-02_6,1008_1010_1016_2513_2539,62.0,02/09/2018,5,2018-09-02
2018-09-02_8,1010_2513_2539,78.0,02/09/2018,3,2018-09-02
