group_id,kcal,type,date,group_size,forager_ids
2018-07-23_1006,197.19883476562498,foraging,2018-07-23,1,{'1006'}
2018-07-23_1007_1008_1010_1016_1032_3077,247.24999970000002,foraging,2018-07-23,6,"{'1010', '1032', '3077', '1008', '1007', '1016'}"
2018-07-23_1009,112.6850484375,foraging,2018-07-23,1,{'1009'}
2018-07-23_1032,84.364443859375,foraging,2018-07-23,1,{'1032'}
2018-07-23_1102,6742.603384592969,foraging,2018-07-23,1,{'1102'}
2018-07-23_1116,227.2465125,foraging,2018-07-23,1,{'1116'}
2018-07-23_1120,255.53774762775004,foraging,2018-07-23,1,{'1120'}
2018-07-23_2039,8536.999,foraging,2018-07-23,1,{'2039'}
2018-07-23_2544,84.513786328125,foraging,2018-07-23,1,{'2544'}
2018-07-23_3040,1211.364270703125,foraging,2018-07-23,1,{'3040'}
2018-07-24_1007_1008_1009_1011_1016_2513_2523_2544,921.5681807,foraging,2018-07-24,8,"{'2544', '2523', '1009', '1008', '1007', '1016', '1011', '2513'}"
2018-07-24_1007_2513_2523,777.5,foraging,2018-07-24,3,"{'2523', '1007', '2513'}"
2018-07-24_1016,1807.40175,foraging,2018-07-24,1,{'1016'}
2018-07-24_1031_1116_1124,1790.7383333333335,foraging,2018-07-24,3,"{'1124', '1031', '1116'}"
2018-07-24_1032,435.39741738281253,foraging,2018-07-24,1,{'1032'}
2018-07-24_1101_1102,7377.0,foraging,2018-07-24,2,"{'1101', '1102'}"
2018-07-24_1102,2975.0,foraging,2018-07-24,1,{'1102'}
2018-07-24_1103_1104,591.2600001,foraging,2018-07-24,2,"{'1104', '1103'}"
2018-07-24_1104,3198.07775,foraging,2018-07-24,1,{'1104'}
2018-07-24_1119,5269.285714,foraging,2018-07-24,1,{'1119'}
2018-07-24_1119_1120,4911.37,foraging,2018-07-24,2,"{'1120', '1119'}"
2018-07-24_1120,1075.6333333333334,foraging,2018-07-24,1,{'1120'}
2018-07-24_3040,901.3677165000001,foraging,2018-07-24,1,{'3040'}
2018-07-24_3040_3041_3077,1771.2,foraging,2018-07-24,3,"{'3040', '3041', '3077'}"
2018-07-24_3041,2496.041000026625,foraging,2018-07-24,1,{'3041'}
2018-07-24_3041_3077,3272.5,foraging,2018-07-24,2,"{'3041', '3077'}"
2018-07-25_1007_1010_1030,400.60787400000004,foraging,2018-07-25,3,"{'1007', '1010', '1030'}"
2018-07-25_1008_1011_1030,248.83233860937503,foraging,2018-07-25,3,"{'1008', '1030', '1011'}"
2018-07-25_1032,248.15241738281247,foraging,2018-07-25,1,{'1032'}
2018-07-25_1101,3408.6600000000003,foraging,2018-07-25,1,{'1101'}
2018-07-25_1102,12404.099999999999,foraging,2018-07-25,1,{'1102'}
2018-07-25_1102_1104_3077,29160.0,foraging,2018-07-25,3,"{'1104', '1102', '3077'}"
2018-07-25_1103,872.3925,foraging,2018-07-25,1,{'1103'}
2018-07-25_1104,1949.9,foraging,2018-07-25,1,{'1104'}
2018-07-25_1115,7125.9710000000005,foraging,2018-07-25,1,{'1115'}
2018-07-25_1116,4158.0,foraging,2018-07-25,1,{'1116'}
2018-07-25_1119,2381.518942166667,foraging,2018-07-25,1,{'1119'}
2018-07-25_1121,2227.487874,foraging,2018-07-25,1,{'1121'}
2018-07-25_1122,124.6275,foraging,2018-07-25,1,{'1122'}
2018-07-25_1124,299.106,foraging,2018-07-25,1,{'1124'}
2018-07-25_2000,550.0,foraging,2018-07-25,1,{'2000'}
2018-07-25_2007,548.361,foraging,2018-07-25,1,{'2007'}
2018-07-25_2513_2523,2106.845733333333,foraging,2018-07-25,2,"{'2523', '2513'}"
2018-07-25_3040_3117,2293.146,foraging,2018-07-25,2,"{'3040', '3117'}"
2018-07-25_3076,5678.09495,foraging,2018-07-25,1,{'3076'}
2018-07-25_3077,4323.3133062186125,foraging,2018-07-25,1,{'3077'}
2018-07-26_1006_1010_1011_1032_2544,400.60787400000004,foraging,2018-07-26,5,"{'2544', '1010', '1032', '1006', '1011'}"
2018-07-26_1007_2544,300.45590550000003,foraging,2018-07-26,2,"{'1007', '2544'}"
2018-07-26_1007_3117,85.0,foraging,2018-07-26,2,"{'1007', '3117'}"
2018-07-26_1009,0.0,foraging,2018-07-26,1,{'1009'}
2018-07-26_1016,100.15196850000001,foraging,2018-07-26,1,{'1016'}
2018-07-26_1101,4166.14,foraging,2018-07-26,1,{'1101'}
2018-07-26_1103,225.370096875,foraging,2018-07-26,1,{'1103'}
2018-07-26_1104,1071.1764955549374,foraging,2018-07-26,1,{'1104'}
2018-07-26_1115,4878.41240002835,foraging,2018-07-26,1,{'1115'}
2018-07-26_1116_1120,2649.165518,foraging,2018-07-26,2,"{'1120', '1116'}"
2018-07-26_1120,470.034,foraging,2018-07-26,1,{'1120'}
2018-07-26_1121,351.7652381666667,foraging,2018-07-26,1,{'1121'}
2018-07-26_1122,13700.142856399998,foraging,2018-07-26,1,{'1122'}
2018-07-26_1124,4665.0,foraging,2018-07-26,1,{'1124'}
2018-07-26_2038,747.765,foraging,2018-07-26,1,{'2038'}
2018-07-26_2038_2039,1407.9166666666667,foraging,2018-07-26,2,"{'2038', '2039'}"
2018-07-26_2039,496.84765625,foraging,2018-07-26,1,{'2039'}
2018-07-26_2513,661.26375,foraging,2018-07-26,1,{'2513'}
2018-07-26_2523,500.75984250000005,foraging,2018-07-26,1,{'2523'}
2018-07-26_3040,1195.955342625,foraging,2018-07-26,1,{'3040'}
2018-07-26_3076,875.1460350678749,foraging,2018-07-26,1,{'3076'}
2018-07-26_3117,2571.630500018225,foraging,2018-07-26,1,{'3117'}
2018-07-27_1006,1239.88563186395,foraging,2018-07-27,1,{'1006'}
2018-07-27_1007,0.0,foraging,2018-07-27,1,{'1007'}
2018-07-27_1008,0.0,foraging,2018-07-27,1,{'1008'}
2018-07-27_1009,0.0,foraging,2018-07-27,1,{'1009'}
2018-07-27_1010,0.0,foraging,2018-07-27,1,{'1010'}
2018-07-27_1030_1031,0.0,foraging,2018-07-27,2,"{'1031', '1030'}"
2018-07-27_1032,650.205358,foraging,2018-07-27,1,{'1032'}
2018-07-27_1101,623.1375,foraging,2018-07-27,1,{'1101'}
2018-07-27_1102,5807.75,foraging,2018-07-27,1,{'1102'}
2018-07-27_1115,2578.8,foraging,2018-07-27,1,{'1115'}
2018-07-27_1116_1124,1188.7398733333332,foraging,2018-07-27,2,"{'1124', '1116'}"
2018-07-27_1120,14754.0,foraging,2018-07-27,1,{'1120'}
2018-07-27_1120_3077,746.933828125,foraging,2018-07-27,2,"{'1120', '3077'}"
2018-07-27_1121,3500.6666666666665,foraging,2018-07-27,1,{'1121'}
2018-07-27_1122,497.6300935,foraging,2018-07-27,1,{'1122'}
2018-07-27_2020,1940.2500000000002,foraging,2018-07-27,1,{'2020'}
2018-07-27_2038_2039,2227.5,foraging,2018-07-27,2,"{'2038', '2039'}"
2018-07-27_2039,619.652200003645,foraging,2018-07-27,1,{'2039'}
2018-07-27_2521,162.52672275,foraging,2018-07-27,1,{'2521'}
2018-07-27_3040,922.2435,foraging,2018-07-27,1,{'3040'}
2018-07-27_3040_3041_3077,1351.2691375000002,foraging,2018-07-27,3,"{'3040', '3041', '3077'}"
2018-07-27_3075,2430.0,foraging,2018-07-27,1,{'3075'}
2018-07-27_3076,1924.895,foraging,2018-07-27,1,{'3076'}
2018-07-27_3117,2380.0,foraging,2018-07-27,1,{'3117'}
2018-07-28_1006,794.95625,foraging,2018-07-28,1,{'1006'}
2018-07-28_1006_1032,63.5999058,foraging,2018-07-28,2,"{'1032', '1006'}"
2018-07-28_1007_1008_1009_1010_1011_1016_1031_2513_2523_3117,314.68181780000003,foraging,2018-07-28,10,"{'2523', '1010', '1009', '1031', '3117', '1008', '1007', '1016', '1011', '2513'}"
2018-07-28_1007_2513_2523,168.6825,foraging,2018-07-28,3,"{'2523', '1007', '2513'}"
2018-07-28_1010,250.37992125000002,foraging,2018-07-28,1,{'1010'}
2018-07-28_1016_3117,111.57806666666666,foraging,2018-07-28,2,"{'1016', '3117'}"
2018-07-28_1030,140.856310546875,foraging,2018-07-28,1,{'1030'}
2018-07-28_1032,794.95625,foraging,2018-07-28,1,{'1032'}
2018-07-28_1102,313.4142494709167,foraging,2018-07-28,1,{'1102'}
2018-07-28_1103,3736.210866125,foraging,2018-07-28,1,{'1103'}
2018-07-28_1103_1104,9652.5,foraging,2018-07-28,2,"{'1104', '1103'}"
2018-07-28_1104,1184.46456062,foraging,2018-07-28,1,{'1104'}
2018-07-28_1115,217.51237575,foraging,2018-07-28,1,{'1115'}
2018-07-28_1116,24.5,foraging,2018-07-28,1,{'1116'}
2018-07-28_1120_3076,398.808,foraging,2018-07-28,2,"{'1120', '3076'}"
2018-07-28_1121,1298.8448930752083,foraging,2018-07-28,1,{'1121'}
2018-07-28_1121_1122,15552.0,foraging,2018-07-28,2,"{'1121', '1122'}"
2018-07-28_1122_3077,28382.399999999998,foraging,2018-07-28,2,"{'1122', '3077'}"
2018-07-28_2038,751.13976375,foraging,2018-07-28,1,{'2038'}
2018-07-28_2055,6842.0,foraging,2018-07-28,1,{'2055'}
2018-07-28_3004,5598.0,foraging,2018-07-28,1,{'3004'}
2018-07-28_3040,4202.34420675,foraging,2018-07-28,1,{'3040'}
2018-07-28_3076,33.3720000243,foraging,2018-07-28,1,{'3076'}
2018-07-28_3077,1145.8611666666666,foraging,2018-07-28,1,{'3077'}
2018-07-28_3117,56.19318175,foraging,2018-07-28,1,{'3117'}
2018-07-29_1007_1008_1122_2523,126.28440000000002,foraging,2018-07-29,4,"{'1008', '1007', '1122', '2523'}"
2018-07-29_1010,5796.214285399999,foraging,2018-07-29,1,{'1010'}
2018-07-29_1016,1050.0,foraging,2018-07-29,1,{'1016'}
2018-07-29_1016_3117,157.5,foraging,2018-07-29,2,"{'1016', '3117'}"
2018-07-29_1101,14100.66,foraging,2018-07-29,1,{'1101'}
2018-07-29_1102,485.571428925,foraging,2018-07-29,1,{'1102'}
2018-07-29_1104_1121_1122,3887.5,foraging,2018-07-29,3,"{'1104', '1121', '1122'}"
2018-07-29_1110,1614.72,foraging,2018-07-29,1,{'1110'}
2018-07-29_1116_1120,1666.0,foraging,2018-07-29,2,"{'1120', '1116'}"
2018-07-29_1120,1190.0,foraging,2018-07-29,1,{'1120'}
2018-07-29_1121,4210.469488125,foraging,2018-07-29,1,{'1121'}
2018-07-29_1122,596.2171875,foraging,2018-07-29,1,{'1122'}
2018-07-29_1124,18759.6,foraging,2018-07-29,1,{'1124'}
2018-07-29_2031,2401.9962260416664,foraging,2018-07-29,1,{'2031'}
2018-07-29_2039,2417.8125,foraging,2018-07-29,1,{'2039'}
2018-07-29_2539,250.37992125000002,foraging,2018-07-29,1,{'2539'}
2018-07-29_2544,496.84765625,foraging,2018-07-29,1,{'2544'}
2018-07-29_3040,500.75984250000005,foraging,2018-07-29,1,{'3040'}
2018-07-29_3040_3041,186.0,foraging,2018-07-29,2,"{'3040', '3041'}"
2018-07-29_3040_3041_3077,17227.348484666665,foraging,2018-07-29,3,"{'3040', '3041', '3077'}"
2018-07-29_3041,1824.5714299,foraging,2018-07-29,1,{'3041'}
2018-07-29_3077,1082.997845125,foraging,2018-07-29,1,{'3077'}
2018-07-29_3117,3488.07995275,foraging,2018-07-29,1,{'3117'}
2018-07-30_1007_1035_1103_2513_2523_2544,18761.914285714287,foraging,2018-07-30,6,"{'2544', '2523', '1035', '1007', '1103', '2513'}"
2018-07-30_1008_1009_1011_1031_2539,54.513005615675,foraging,2018-07-30,5,"{'2539', '1009', '1031', '1008', '1011'}"
2018-07-30_1010_1011_1101_2539,6237.0,foraging,2018-07-30,4,"{'1101', '1010', '2539', '1011'}"
2018-07-30_1028_2055,1574.6886666666667,foraging,2018-07-30,2,"{'1028', '2055'}"
2018-07-30_1032,794.95625,foraging,2018-07-30,1,{'1032'}
2018-07-30_1035,1370.2,foraging,2018-07-30,1,{'1035'}
2018-07-30_1102,1943.9333333333334,foraging,2018-07-30,1,{'1102'}
2018-07-30_1104,1429.7464566666665,foraging,2018-07-30,1,{'1104'}
2018-07-30_1106,2117.5,foraging,2018-07-30,1,{'1106'}
2018-07-30_1115,1079.9187878736334,foraging,2018-07-30,1,{'1115'}
2018-07-30_1115_1120,4879.0,foraging,2018-07-30,2,"{'1120', '1115'}"
2018-07-30_1116_1124,1375.878,foraging,2018-07-30,2,"{'1124', '1116'}"
2018-07-30_1120,1845.0,foraging,2018-07-30,1,{'1120'}
2018-07-30_1121,918.12275,foraging,2018-07-30,1,{'1121'}
2018-07-30_1122,823.6526355000001,foraging,2018-07-30,1,{'1122'}
2018-07-30_2030,2634.642857,foraging,2018-07-30,1,{'2030'}
2018-07-30_2031,1298.8658854166667,foraging,2018-07-30,1,{'2031'}
2018-07-30_2038,5960.833333333333,foraging,2018-07-30,1,{'2038'}
2018-07-30_2039,1476.0,foraging,2018-07-30,1,{'2039'}
2018-07-30_2500,21.97125,foraging,2018-07-30,1,{'2500'}
2018-07-30_3041,730.85,foraging,2018-07-30,1,{'3041'}
2018-07-30_3075,1605.5,foraging,2018-07-30,1,{'3075'}
2018-07-30_3076,864.62992125,foraging,2018-07-30,1,{'3076'}
2018-07-30_3077,1801.913976375,foraging,2018-07-30,1,{'3077'}
2018-07-30_3117,934.1999999999999,foraging,2018-07-30,1,{'3117'}
2018-07-31_1007,2950.7999999999997,foraging,2018-07-31,1,{'1007'}
2018-07-31_1010,227.14466455800004,foraging,2018-07-31,1,{'1010'}
2018-07-31_1016,49.0,foraging,2018-07-31,1,{'1016'}
2018-07-31_1016_3117,117.75172500000001,foraging,2018-07-31,2,"{'1016', '3117'}"
2018-07-31_1030_1035_3077_3117,196.0,foraging,2018-07-31,4,"{'1035', '1030', '3077', '3117'}"
2018-07-31_1035,1309.0,foraging,2018-07-31,1,{'1035'}
2018-07-31_1102,184.97990483333334,foraging,2018-07-31,1,{'1102'}
2018-07-31_1116,2737.0,foraging,2018-07-31,1,{'1116'}
2018-07-31_1120,3153.5,foraging,2018-07-31,1,{'1120'}
2018-07-31_1121,579.4616484125,foraging,2018-07-31,1,{'1121'}
2018-07-31_2004,1100.0,foraging,2018-07-31,1,{'2004'}
2018-07-31_2030_2031,6220.0,foraging,2018-07-31,2,"{'2031', '2030'}"
2018-07-31_2039,1365.0,foraging,2018-07-31,1,{'2039'}
2018-07-31_2523,3688.5,foraging,2018-07-31,1,{'2523'}
2018-07-31_2539,171.5,foraging,2018-07-31,1,{'2539'}
2018-07-31_3040,5205.267519976688,foraging,2018-07-31,1,{'3040'}
2018-07-31_3041,1010.4567691859376,foraging,2018-07-31,1,{'3041'}
2018-07-31_3077,329.10859375,foraging,2018-07-31,1,{'3077'}
2018-07-31_3078,4235.0,foraging,2018-07-31,1,{'3078'}
2018-07-31_3117,279.423828125,foraging,2018-07-31,1,{'3117'}
2018-07-31_3142,1695.9266591875,foraging,2018-07-31,1,{'3142'}
2018-08-01_1008,263.5,foraging,2018-08-01,1,{'1008'}
2018-08-01_1009,408.39824999999996,foraging,2018-08-01,1,{'1009'}
2018-08-01_1010_1030_2523,134.75,foraging,2018-08-01,3,"{'2523', '1010', '1030'}"
2018-08-01_1016,2856.0,foraging,2018-08-01,1,{'1016'}
2018-08-01_1030,61.25,foraging,2018-08-01,1,{'1030'}
2018-08-01_1031,158.1,foraging,2018-08-01,1,{'1031'}
2018-08-01_1032,250.37992125000002,foraging,2018-08-01,1,{'1032'}
2018-08-01_1035_3117,1595.2500000333332,foraging,2018-08-01,2,"{'1035', '3117'}"
2018-08-01_1101,5453.856000000001,foraging,2018-08-01,1,{'1101'}
2018-08-01_1102,2497.978125,foraging,2018-08-01,1,{'1102'}
2018-08-01_1104,1347.5290000182251,foraging,2018-08-01,1,{'1104'}
2018-08-01_1115,4308.4285712,foraging,2018-08-01,1,{'1115'}
2018-08-01_1116,2293.8225000455627,foraging,2018-08-01,1,{'1116'}
2018-08-01_1120,91.773000066825,foraging,2018-08-01,1,{'1120'}
2018-08-01_1121,4403.0,foraging,2018-08-01,1,{'1121'}
2018-08-01_1124,186.0,foraging,2018-08-01,1,{'1124'}
2018-08-01_2030,24786.0,foraging,2018-08-01,1,{'2030'}
2018-08-01_2031,1189.4193709458,foraging,2018-08-01,1,{'2031'}
2018-08-01_2039,1041.6797900000001,foraging,2018-08-01,1,{'2039'}
2018-08-01_2039_2513,1011.5,foraging,2018-08-01,2,"{'2039', '2513'}"
2018-08-01_2513,305.4183833854167,foraging,2018-08-01,1,{'2513'}
2018-08-01_3040,448.659,foraging,2018-08-01,1,{'3040'}
2018-08-01_3040_3041,414.8863635,foraging,2018-08-01,2,"{'3040', '3041'}"
2018-08-01_3041,599.32,foraging,2018-08-01,1,{'3041'}
2018-08-02_1007,896.7857145,foraging,2018-08-02,1,{'1007'}
2018-08-02_1007_1008_1010_1011_1016_1035_2513_2523_2544_3077_3117_3118_3119,899.090908,foraging,2018-08-02,13,"{'2544', '2523', '1010', '3077', '3118', '1035', '3117', '1008', '1007', '1016', '3119', '1011', '2513'}"
2018-08-02_1009_1104_1121,561.9318175,foraging,2018-08-02,3,"{'1104', '1121', '1009'}"
2018-08-02_1010,73.5,foraging,2018-08-02,1,{'1010'}
2018-08-02_1011,73.5,foraging,2018-08-02,1,{'1011'}
2018-08-02_1016,33.3720000243,foraging,2018-08-02,1,{'1016'}
2018-08-02_1030_1120,1599.0,foraging,2018-08-02,2,"{'1120', '1030'}"
2018-08-02_1102,178.14285725000002,foraging,2018-08-02,1,{'1102'}
2018-08-02_1104,597.8571430000001,foraging,2018-08-02,1,{'1104'}
2018-08-02_1106,12169.205053161068,foraging,2018-08-02,1,{'1106'}
2018-08-02_1115,369.0,foraging,2018-08-02,1,{'1115'}
2018-08-02_1116,7078.604433428571,foraging,2018-08-02,1,{'1116'}
2018-08-02_1116_2039,4009.5000000000005,foraging,2018-08-02,2,"{'2039', '1116'}"
2018-08-02_1120,1070.2669060091125,foraging,2018-08-02,1,{'1120'}
2018-08-02_1121,4715.061224399999,foraging,2018-08-02,1,{'1121'}
2018-08-02_2007,180.9666666666667,foraging,2018-08-02,1,{'2007'}
2018-08-02_2031,89.07142862500001,foraging,2018-08-02,1,{'2031'}
2018-08-02_2039,3493.4583333333335,foraging,2018-08-02,1,{'2039'}
2018-08-02_2521,2501.8984375,foraging,2018-08-02,1,{'2521'}
2018-08-02_3040,205.86177812024997,foraging,2018-08-02,1,{'3040'}
2018-08-02_3041,18452.5,foraging,2018-08-02,1,{'3041'}
2018-08-02_3076,948.5068868682083,foraging,2018-08-02,1,{'3076'}
2018-08-02_3077,13128.5,foraging,2018-08-02,1,{'3077'}
2018-08-02_3117,134.78571435,foraging,2018-08-02,1,{'3117'}
2018-08-02_3119,1512.5,foraging,2018-08-02,1,{'3119'}
2018-08-02_3142,510.5015974405375,foraging,2018-08-02,1,{'3142'}
2018-08-03_1006_1030_1032,200.30393700000002,foraging,2018-08-03,3,"{'1032', '1006', '1030'}"
2018-08-03_1006_2544,3688.5,foraging,2018-08-03,2,"{'2544', '1006'}"
2018-08-03_1007_1010_2539_2544_3118,842.89772625,foraging,2018-08-03,5,"{'2544', '2539', '1010', '3118', '1007'}"
2018-08-03_1008_1009_1011_1031_2523_3119,224.772727,foraging,2018-08-03,6,"{'2523', '1009', '1031', '1008', '3119', '1011'}"
2018-08-03_1009,33.3720000243,foraging,2018-08-03,1,{'1009'}
2018-08-03_1010_1101,217.0,foraging,2018-08-03,2,"{'1101', '1010'}"
2018-08-03_1016,117.71428580000001,foraging,2018-08-03,1,{'1016'}
2018-08-03_1031,117.0834750091125,foraging,2018-08-03,1,{'1031'}
2018-08-03_1035,746.25,foraging,2018-08-03,1,{'1035'}
2018-08-03_1102,2407.0,foraging,2018-08-03,1,{'1102'}
2018-08-03_1104,2257.36896631,foraging,2018-08-03,1,{'1104'}
2018-08-03_1106,2952.0,foraging,2018-08-03,1,{'1106'}
2018-08-03_1116,837.8272813787501,foraging,2018-08-03,1,{'1116'}
2018-08-03_1120,2467.3809523333334,foraging,2018-08-03,1,{'1120'}
2018-08-03_1121,891.02142858,foraging,2018-08-03,1,{'1121'}
2018-08-03_1121_1122,674.318181,foraging,2018-08-03,2,"{'1121', '1122'}"
2018-08-03_1122,198.7390625,foraging,2018-08-03,1,{'1122'}
2018-08-03_1124,6059.84,foraging,2018-08-03,1,{'1124'}
2018-08-03_2030,4013.77800866715,foraging,2018-08-03,1,{'2030'}
2018-08-03_2030_2031,9221.25,foraging,2018-08-03,2,"{'2031', '2030'}"
2018-08-03_2031,1231.7375,foraging,2018-08-03,1,{'2031'}
2018-08-03_2039,369.0,foraging,2018-08-03,1,{'2039'}
2018-08-03_2538,263.5,foraging,2018-08-03,1,{'2538'}
2018-08-03_3040,292.2045451,foraging,2018-08-03,1,{'3040'}
2018-08-03_3077,717.9634169499999,foraging,2018-08-03,1,{'3077'}
2018-08-03_3117,290.781762275,foraging,2018-08-03,1,{'3117'}
2018-08-03_3119,117.71428580000001,foraging,2018-08-03,1,{'3119'}
2018-08-03_3142,579.7,foraging,2018-08-03,1,{'3142'}
2018-08-04_1007_1010_1016_2513_2539_2544_3118_3119,483.26136305,foraging,2018-08-04,8,"{'2544', '2539', '1010', '3118', '1007', '1016', '3119', '2513'}"
2018-08-04_1010_1011_1016_2513_2523_2539_2544_3118_3119,1705.0344853,foraging,2018-08-04,9,"{'2544', '2523', '2539', '1010', '3118', '1016', '3119', '1011', '2513'}"
2018-08-04_1032,1557.31965625,foraging,2018-08-04,1,{'1032'}
2018-08-04_1101,299.106,foraging,2018-08-04,1,{'1101'}
2018-08-04_1102,8902.0125,foraging,2018-08-04,1,{'1102'}
2018-08-04_1104,8701.886999999999,foraging,2018-08-04,1,{'1104'}
2018-08-04_1110,1815.0,foraging,2018-08-04,1,{'1110'}
2018-08-04_1116,4859.048828125,foraging,2018-08-04,1,{'1116'}
2018-08-04_1119,20546.01,foraging,2018-08-04,1,{'1119'}
2018-08-04_1120,1167.25,foraging,2018-08-04,1,{'1120'}
2018-08-04_1121,249.255,foraging,2018-08-04,1,{'1121'}
2018-08-04_1122,18468.0,foraging,2018-08-04,1,{'1122'}
2018-08-04_1124,2681.457,foraging,2018-08-04,1,{'1124'}
2018-08-04_2030,2212.180083333333,foraging,2018-08-04,1,{'2030'}
2018-08-04_2031,147.14285725000002,foraging,2018-08-04,1,{'2031'}
2018-08-04_2031_2539,622.9346666666667,foraging,2018-08-04,2,"{'2031', '2539'}"
2018-08-04_2038,6237.0,foraging,2018-08-04,1,{'2038'}
2018-08-04_2039,155.0,foraging,2018-08-04,1,{'2039'}
2018-08-04_2899,1470.0,foraging,2018-08-04,1,{'2899'}
2018-08-04_3040,5346.0,foraging,2018-08-04,1,{'3040'}
2018-08-04_3041,373.8825,foraging,2018-08-04,1,{'3041'}
2018-08-04_3077,56.75954802615625,foraging,2018-08-04,1,{'3077'}
2018-08-04_3117,309.88388320312504,foraging,2018-08-04,1,{'3117'}
2018-08-05_1006,44.9545454,foraging,2018-08-05,1,{'1006'}
2018-08-05_1006_1007_1008_1009_1010_1016_1030_1031_1032_1101_1124_2513_2523_2539_2544_3118_3119,22.4772727,foraging,2018-08-05,17,"{'1124', '2544', '2523', '1101', '2539', '1010', '1032', '1009', '3118', '1031', '1006', '1030', '1008', '1007', '1016', '3119', '2513'}"
2018-08-05_1007_1009_1010_1011_1016_1031_2513_2539_3119,112.3863635,foraging,2018-08-05,9,"{'2539', '1010', '1009', '1031', '1007', '1016', '3119', '1011', '2513'}"
2018-08-05_1007_1010_2539_2544_3118,91.875,foraging,2018-08-05,5,"{'2544', '2539', '1010', '3118', '1007'}"
2018-08-05_1028,460.15745798175,foraging,2018-08-05,1,{'1028'}
2018-08-05_1032,44.9545454,foraging,2018-08-05,1,{'1032'}
2018-08-05_1102,2688.83671875,foraging,2018-08-05,1,{'1102'}
2018-08-05_1102_1104,247.24999970000002,foraging,2018-08-05,2,"{'1104', '1102'}"
2018-08-05_1103,5453.856000000001,foraging,2018-08-05,1,{'1103'}
2018-08-05_1104,6533.35078725,foraging,2018-08-05,1,{'1104'}
2018-08-05_1106,4906.524803,foraging,2018-08-05,1,{'1106'}
2018-08-05_1116,891.6028743,foraging,2018-08-05,1,{'1116'}
2018-08-05_1120,156.31798051250001,foraging,2018-08-05,1,{'1120'}
2018-08-05_1121_3117,529.7142861,foraging,2018-08-05,2,"{'1121', '3117'}"
2018-08-05_1122,2223.0,foraging,2018-08-05,1,{'1122'}
2018-08-05_2030_2031,5236.0,foraging,2018-08-05,2,"{'2031', '2030'}"
2018-08-05_2031,263.5,foraging,2018-08-05,1,{'2031'}
2018-08-05_2039,2499.0,foraging,2018-08-05,1,{'2039'}
2018-08-05_3040,2828.2728749999997,foraging,2018-08-05,1,{'3040'}
2018-08-05_3077,1030.8193333454833,foraging,2018-08-05,1,{'3077'}
2018-08-05_3117,886.4499999999999,foraging,2018-08-05,1,{'3117'}
2018-08-05_3119,61.25,foraging,2018-08-05,1,{'3119'}
2018-08-05_3135,212.52345680000002,foraging,2018-08-05,1,{'3135'}
2018-08-05_3142,11614.15,foraging,2018-08-05,1,{'3142'}
2018-08-06_1008_1016_3119,117.71428580000001,foraging,2018-08-06,3,"{'1008', '1016', '3119'}"
2018-08-06_1016,357.0,foraging,2018-08-06,1,{'1016'}
2018-08-06_1016_1035_2544,174.47850000000003,foraging,2018-08-06,3,"{'2544', '1016', '1035'}"
2018-08-06_1028_2055,797.616,foraging,2018-08-06,2,"{'1028', '2055'}"
2018-08-06_1032,199.404,foraging,2018-08-06,1,{'1032'}
2018-08-06_1032_1122,3106.952380833333,foraging,2018-08-06,2,"{'1032', '1122'}"
2018-08-06_1035,1071.0,foraging,2018-08-06,1,{'1035'}
2018-08-06_1101,1121.6475,foraging,2018-08-06,1,{'1101'}
2018-08-06_1102,694.4914174375,foraging,2018-08-06,1,{'1102'}
2018-08-06_1103,1895.6413333333333,foraging,2018-08-06,1,{'1103'}
2018-08-06_1104,536.475,foraging,2018-08-06,1,{'1104'}
2018-08-06_1106,1305.538114325,foraging,2018-08-06,1,{'1106'}
2018-08-06_1116,2261.0,foraging,2018-08-06,1,{'1116'}
2018-08-06_1116_1124,28767.5,foraging,2018-08-06,2,"{'1124', '1116'}"
2018-08-06_1119,1161.4455,foraging,2018-08-06,1,{'1119'}
2018-08-06_1120,235.42857160000003,foraging,2018-08-06,1,{'1120'}
2018-08-06_1121,199.404,foraging,2018-08-06,1,{'1121'}
2018-08-06_1121_1122,408.18995820000004,foraging,2018-08-06,2,"{'1121', '1122'}"
2018-08-06_1124,1046.871,foraging,2018-08-06,1,{'1124'}
2018-08-06_2030,2856.520265083333,foraging,2018-08-06,1,{'2030'}
2018-08-06_2031,235.42857160000003,foraging,2018-08-06,1,{'2031'}
2018-08-06_2039,4380.379047633333,foraging,2018-08-06,1,{'2039'}
2018-08-06_2055_2523,149.553,foraging,2018-08-06,2,"{'2523', '2055'}"
2018-08-06_2522,124.6275,foraging,2018-08-06,1,{'2522'}
2018-08-06_3002,1573.0,foraging,2018-08-06,1,{'3002'}
2018-08-06_3040,1048.45125,foraging,2018-08-06,1,{'3040'}
2018-08-06_3065,2079.0,foraging,2018-08-06,1,{'3065'}
2018-08-06_3077,476.0,foraging,2018-08-06,1,{'3077'}
2018-08-06_3077_3117,500.75984250000005,foraging,2018-08-06,2,"{'3077', '3117'}"
2018-08-06_3077_3118,299.106,foraging,2018-08-06,2,"{'3118', '3077'}"
2018-08-06_3117,149.553,foraging,2018-08-06,1,{'3117'}
2018-08-07_1006,1708.150106,foraging,2018-08-07,1,{'1006'}
2018-08-07_1010,617.40175,foraging,2018-08-07,1,{'1010'}
2018-08-07_1010_2522_2539_3077,353.1428574,foraging,2018-08-07,4,"{'2539', '1010', '3077', '2522'}"
2018-08-07_1010_2539_3077,714.0,foraging,2018-08-07,3,"{'2539', '1010', '3077'}"
2018-08-07_1023,1844.25,foraging,2018-08-07,1,{'1023'}
2018-08-07_1023_1106,2950.1,foraging,2018-08-07,2,"{'1106', '1023'}"
2018-08-07_1028,749.6447239874999,foraging,2018-08-07,1,{'1028'}
2018-08-07_1028_1116_1124_2055,2709.344,foraging,2018-08-07,4,"{'1124', '1028', '1116', '2055'}"
2018-08-07_1030_1119_1120,8163.75,foraging,2018-08-07,3,"{'1120', '1119', '1030'}"
2018-08-07_1032,1051.9413303333333,foraging,2018-08-07,1,{'1032'}
2018-08-07_1035,235.42857160000003,foraging,2018-08-07,1,{'1035'}
2018-08-07_1102,4722.56484375,foraging,2018-08-07,1,{'1102'}
2018-08-07_1104,3971.17979,foraging,2018-08-07,1,{'1104'}
2018-08-07_1106_1116_1124_2055,5909.0,foraging,2018-08-07,4,"{'1124', '1106', '1116', '2055'}"
2018-08-07_1108,224.772727,foraging,2018-08-07,1,{'1108'}
2018-08-07_1115,5871.013802174999,foraging,2018-08-07,1,{'1115'}
2018-08-07_1116,2363.32795275,foraging,2018-08-07,1,{'1116'}
2018-08-07_1119,1046.871,foraging,2018-08-07,1,{'1119'}
2018-08-07_1120,552.8190476333333,foraging,2018-08-07,1,{'1120'}
2018-08-07_1122,11399.8275,foraging,2018-08-07,1,{'1122'}
2018-08-07_1124,1866.0,foraging,2018-08-07,1,{'1124'}
2018-08-07_2030,2044.0247916666667,foraging,2018-08-07,1,{'2030'}
2018-08-07_2038,27410.399999999998,foraging,2018-08-07,1,{'2038'}
2018-08-07_2038_2039,1640.625,foraging,2018-08-07,2,"{'2038', '2039'}"
2018-08-07_2039,734.4599999999999,foraging,2018-08-07,1,{'2039'}
2018-08-07_2055,2242.8559999999998,foraging,2018-08-07,1,{'2055'}
2018-08-07_2513_2544,112.3863635,foraging,2018-08-07,2,"{'2544', '2513'}"
2018-08-07_2523,249.255,foraging,2018-08-07,1,{'2523'}
2018-08-07_3040,11678.425926,foraging,2018-08-07,1,{'3040'}
2018-08-07_3076,5656.40387725,foraging,2018-08-07,1,{'3076'}
2018-08-07_3117,1180.8619048333333,foraging,2018-08-07,1,{'3117'}
2018-08-07_3142,4325.2055399500005,foraging,2018-08-07,1,{'3142'}
2018-08-08_1016,36.75,foraging,2018-08-08,1,{'1016'}
2018-08-08_1028_3117,147.14285725000002,foraging,2018-08-08,2,"{'1028', '3117'}"
2018-08-08_1101_1102,10080.179999999998,foraging,2018-08-08,2,"{'1101', '1102'}"
2018-08-08_1102,737.8000000000001,foraging,2018-08-08,1,{'1102'}
2018-08-08_1116,294.28571450000004,foraging,2018-08-08,1,{'1116'}
2018-08-08_1119_1120,1190.0,foraging,2018-08-08,2,"{'1120', '1119'}"
2018-08-08_1120,117.71428580000001,foraging,2018-08-08,1,{'1120'}
2018-08-08_1121,297.5,foraging,2018-08-08,1,{'1121'}
2018-08-08_2038,696.7954537,foraging,2018-08-08,1,{'2038'}
2018-08-08_2522,1289.1333333333332,foraging,2018-08-08,1,{'2522'}
2018-08-08_3078,1424.0,foraging,2018-08-08,1,{'3078'}
2018-08-08_3117,1315.0,foraging,2018-08-08,1,{'3117'}
2018-08-08_3119,104.07000000000001,foraging,2018-08-08,1,{'3119'}
2018-08-09_1008_1016,395.25,foraging,2018-08-09,2,"{'1008', '1016'}"
2018-08-09_1009,14.940450000000002,foraging,2018-08-09,1,{'1009'}
2018-08-09_1023,27.888636350000002,foraging,2018-08-09,1,{'1023'}
2018-08-09_1028,3905.5714285,foraging,2018-08-09,1,{'1028'}
2018-08-09_1031,995.925,foraging,2018-08-09,1,{'1031'}
2018-08-09_1032,89.9090908,foraging,2018-08-09,1,{'1032'}
2018-08-09_1035,17593.2,foraging,2018-08-09,1,{'1035'}
2018-08-09_1102,10115.0,foraging,2018-08-09,1,{'1102'}
2018-08-09_1103,794.95625,foraging,2018-08-09,1,{'1103'}
2018-08-09_1103_1104,44712.0,foraging,2018-08-09,2,"{'1104', '1103'}"
2018-08-09_1104,824.5413324000001,foraging,2018-08-09,1,{'1104'}
2018-08-09_1110,1092.0,foraging,2018-08-09,1,{'1110'}
2018-08-09_1115,10005.749999999998,foraging,2018-08-09,1,{'1115'}
2018-08-09_1116_2522,9163.0,foraging,2018-08-09,2,"{'1116', '2522'}"
2018-08-09_1119,4742.3571426,foraging,2018-08-09,1,{'1119'}
2018-08-09_1119_1120,680.0,foraging,2018-08-09,2,"{'1120', '1119'}"
2018-08-09_1120,1075.3845557299999,foraging,2018-08-09,1,{'1120'}
2018-08-09_1121,4950.98214275,foraging,2018-08-09,1,{'1121'}
2018-08-09_2030,570.1831779,foraging,2018-08-09,1,{'2030'}
2018-08-09_2031,4284.0,foraging,2018-08-09,1,{'2031'}
2018-08-09_2038,13348.799999999997,foraging,2018-08-09,1,{'2038'}
2018-08-09_2038_2039,2103.1913385000003,foraging,2018-08-09,2,"{'2038', '2039'}"
2018-08-09_2039,548.688,foraging,2018-08-09,1,{'2039'}
2018-08-09_2055,4742.3571426,foraging,2018-08-09,1,{'2055'}
2018-08-09_2522,117.71428580000001,foraging,2018-08-09,1,{'2522'}
2018-08-09_2523,343.4375,foraging,2018-08-09,1,{'2523'}
2018-08-09_2539,100.15196850000001,foraging,2018-08-09,1,{'2539'}
2018-08-09_2544,91.875,foraging,2018-08-09,1,{'2544'}
2018-08-09_3075,1857.675,foraging,2018-08-09,1,{'3075'}
2018-08-09_3078,3327.5,foraging,2018-08-09,1,{'3078'}
2018-08-09_3117,2172.1139285333334,foraging,2018-08-09,1,{'3117'}
2018-08-09_3119,131.75,foraging,2018-08-09,1,{'3119'}
2018-08-09_3142,794.3,foraging,2018-08-09,1,{'3142'}
2018-08-09_9999,585.3333333333334,foraging,2018-08-09,1,{'9999'}
2018-08-10_1016,397.8809524666667,foraging,2018-08-10,1,{'1016'}
2018-08-10_1016_2522,423.7335,foraging,2018-08-10,2,"{'1016', '2522'}"
2018-08-10_1023,993.6953125,foraging,2018-08-10,1,{'1023'}
2018-08-10_1023_1106,149.553,foraging,2018-08-10,2,"{'1106', '1023'}"
2018-08-10_1023_1121,58.85714290000001,foraging,2018-08-10,2,"{'1121', '1023'}"
2018-08-10_1035,353.1428574,foraging,2018-08-10,1,{'1035'}
2018-08-10_1116,58.85714290000001,foraging,2018-08-10,1,{'1116'}
2018-08-10_1119_1120,170.0,foraging,2018-08-10,2,"{'1120', '1119'}"
2018-08-10_1120,164.6870855708,foraging,2018-08-10,1,{'1120'}
2018-08-10_1121,110.99362500000001,foraging,2018-08-10,1,{'1121'}
2018-08-10_1122,168.57954525,foraging,2018-08-10,1,{'1122'}
2018-08-10_2030,10817.15,foraging,2018-08-10,1,{'2030'}
2018-08-10_2031,294.28571450000004,foraging,2018-08-10,1,{'2031'}
2018-08-10_2522,147.14285725000002,foraging,2018-08-10,1,{'2522'}
2018-08-10_2523,73.5,foraging,2018-08-10,1,{'2523'}
2018-08-10_2544,49.0,foraging,2018-08-10,1,{'2544'}
2018-08-10_2544_3118,155.0,foraging,2018-08-10,2,"{'3118', '2544'}"
2018-08-10_3077,2825.901000042525,foraging,2018-08-10,1,{'3077'}
2018-08-10_3117,537.4404108161999,foraging,2018-08-10,1,{'3117'}
2018-08-10_3118,22.4772727,foraging,2018-08-10,1,{'3118'}
2018-08-11_1008_1032,126.78464,foraging,2018-08-11,2,"{'1008', '1032'}"
2018-08-11_1009,190.905,foraging,2018-08-11,1,{'1009'}
2018-08-11_1016,1848.9734873385,foraging,2018-08-11,1,{'1016'}
2018-08-11_1023,5.6681848062,foraging,2018-08-11,1,{'1023'}
2018-08-11_1023_1028_1106,4879.0,foraging,2018-08-11,3,"{'1028', '1106', '1023'}"
2018-08-11_1028,3934.85,foraging,2018-08-11,1,{'1028'}
2018-08-11_1030,99.375790744125,foraging,2018-08-11,1,{'1030'}
2018-08-11_1032_1120,137.6,foraging,2018-08-11,2,"{'1120', '1032'}"
2018-08-11_1032_3041,137.6,foraging,2018-08-11,2,"{'3041', '1032'}"
2018-08-11_1035,1646.388889,foraging,2018-08-11,1,{'1035'}
2018-08-11_1102,3720.1785715,foraging,2018-08-11,1,{'1102'}
2018-08-11_1103,584.4090902,foraging,2018-08-11,1,{'1103'}
2018-08-11_1104,7556.0,foraging,2018-08-11,1,{'1104'}
2018-08-11_1106,3272.397,foraging,2018-08-11,1,{'1106'}
2018-08-11_1115,4227.357143,foraging,2018-08-11,1,{'1115'}
2018-08-11_1116,1309.0,foraging,2018-08-11,1,{'1116'}
2018-08-11_1116_1124,859.9999999999999,foraging,2018-08-11,2,"{'1124', '1116'}"
2018-08-11_1119,2332.5,foraging,2018-08-11,1,{'1119'}
2018-08-11_1120,500.28571465000005,foraging,2018-08-11,1,{'1120'}
2018-08-11_1121,1283.1799999999998,foraging,2018-08-11,1,{'1121'}
2018-08-11_1124,12802.833333333334,foraging,2018-08-11,1,{'1124'}
2018-08-11_2030,637.330610625,foraging,2018-08-11,1,{'2030'}
2018-08-11_2031,1547.0,foraging,2018-08-11,1,{'2031'}
2018-08-11_2038_2039,2120.944,foraging,2018-08-11,2,"{'2038', '2039'}"
2018-08-11_2522,1118.2787500075938,foraging,2018-08-11,1,{'2522'}
2018-08-11_2544,30.625,foraging,2018-08-11,1,{'2544'}
2018-08-11_3040,5150.8640000000005,foraging,2018-08-11,1,{'3040'}
2018-08-11_3077,3094.0,foraging,2018-08-11,1,{'3077'}
2018-08-11_3082,550.4,foraging,2018-08-11,1,{'3082'}
2018-08-11_3119,1781.8993512012398,foraging,2018-08-11,1,{'3119'}
2018-08-11_3142,2442.5725000455627,foraging,2018-08-11,1,{'3142'}
2018-08-12_1023,1233.4,foraging,2018-08-12,1,{'1023'}
2018-08-12_1023_1106,756.8,foraging,2018-08-12,2,"{'1106', '1023'}"
2018-08-12_1028,727.7104254833333,foraging,2018-08-12,1,{'1028'}
2018-08-12_1035,818.0333333333333,foraging,2018-08-12,1,{'1035'}
2018-08-12_1035_1103,12622.5,foraging,2018-08-12,2,"{'1103', '1035'}"
2018-08-12_1102,881.39,foraging,2018-08-12,1,{'1102'}
2018-08-12_1102_1103,29160.000000000004,foraging,2018-08-12,2,"{'1102', '1103'}"
2018-08-12_1103_1121,20196.0,foraging,2018-08-12,2,"{'1121', '1103'}"
2018-08-12_1115,1746.25,foraging,2018-08-12,1,{'1115'}
2018-08-12_1116_2039_2522,6211.199999799999,foraging,2018-08-12,3,"{'2039', '1116', '2522'}"
2018-08-12_1120,1812.8214287,foraging,2018-08-12,1,{'1120'}
2018-08-12_1121,749.4048,foraging,2018-08-12,1,{'1121'}
2018-08-12_1122,1169.6,foraging,2018-08-12,1,{'1122'}
2018-08-12_2030,14107.500000000002,foraging,2018-08-12,1,{'2030'}
2018-08-12_2031,937.0315,foraging,2018-08-12,1,{'2031'}
2018-08-12_2038,2150.1375737500002,foraging,2018-08-12,1,{'2038'}
2018-08-12_2522,266.6,foraging,2018-08-12,1,{'2522'}
2018-08-12_3040,2834.17746,foraging,2018-08-12,1,{'3040'}
2018-08-12_3075,1441.965,foraging,2018-08-12,1,{'3075'}
2018-08-12_3077_3117,1071.0,foraging,2018-08-12,2,"{'3077', '3117'}"
2018-08-12_3117,176.5714287,foraging,2018-08-12,1,{'3117'}
2018-08-13_1006,53.588303999999994,foraging,2018-08-13,1,{'1006'}
2018-08-13_1007_1032_2544_3118,89.9090908,foraging,2018-08-13,4,"{'3118', '1007', '2544', '1032'}"
2018-08-13_1008_1016_1031_3119,179.8181816,foraging,2018-08-13,4,"{'1008', '1031', '1016', '3119'}"
2018-08-13_1011,112.6850484375,foraging,2018-08-13,1,{'1011'}
2018-08-13_1016,2634.642857,foraging,2018-08-13,1,{'1016'}
2018-08-13_1023_1028_1106,7735.0,foraging,2018-08-13,3,"{'1028', '1106', '1023'}"
2018-08-13_1032,70.982707674375,foraging,2018-08-13,1,{'1032'}
2018-08-13_1102,952.0,foraging,2018-08-13,1,{'1102'}
2018-08-13_1104,1800.1528051,foraging,2018-08-13,1,{'1104'}
2018-08-13_1106,178.777935,foraging,2018-08-13,1,{'1106'}
2018-08-13_1108,931.9200000000001,foraging,2018-08-13,1,{'1108'}
2018-08-13_1115,1050.970414,foraging,2018-08-13,1,{'1115'}
2018-08-13_1116,5355.0,foraging,2018-08-13,1,{'1116'}
2018-08-13_1119,4923.62,foraging,2018-08-13,1,{'1119'}
2018-08-13_1120,1285.13793295,foraging,2018-08-13,1,{'1120'}
2018-08-13_1121,1872.877475,foraging,2018-08-13,1,{'1121'}
2018-08-13_1124,2393.14765625,foraging,2018-08-13,1,{'1124'}
2018-08-13_2031,2930.790666674767,foraging,2018-08-13,1,{'2031'}
2018-08-13_2038,8112.309448500001,foraging,2018-08-13,1,{'2038'}
2018-08-13_2039,1265.3252,foraging,2018-08-13,1,{'2039'}
2018-08-13_2039_2522,6961.5,foraging,2018-08-13,2,"{'2039', '2522'}"
2018-08-13_3040_3041,10885.0,foraging,2018-08-13,2,"{'3040', '3041'}"
2018-08-13_3077,1102.5,foraging,2018-08-13,1,{'3077'}
2018-08-14_1007_1008,247.24999970000002,foraging,2018-08-14,2,"{'1008', '1007'}"
2018-08-14_1007_1010_1011_1036_2513_2523_2539_2544_3118,67.4318181,foraging,2018-08-14,9,"{'2544', '1036', '2523', '2539', '1010', '3118', '1007', '1011', '2513'}"
2018-08-14_1008,105.4,foraging,2018-08-14,1,{'1008'}
2018-08-14_1009_2538,105.4,foraging,2018-08-14,2,"{'2538', '1009'}"
2018-08-14_1010,61.25,foraging,2018-08-14,1,{'1010'}
2018-08-14_1016,3213.0,foraging,2018-08-14,1,{'1016'}
2018-08-14_1023,790.5,foraging,2018-08-14,1,{'1023'}
2018-08-14_1028_2055,11171.01136335,foraging,2018-08-14,2,"{'1028', '2055'}"
2018-08-14_1031,182.896,foraging,2018-08-14,1,{'1031'}
2018-08-14_1035,2796.5,foraging,2018-08-14,1,{'1035'}
2018-08-14_1102,5983.7,foraging,2018-08-14,1,{'1102'}
2018-08-14_1104,1195.7142860000001,foraging,2018-08-14,1,{'1104'}
2018-08-14_1108,153.125,foraging,2018-08-14,1,{'1108'}
2018-08-14_1113,1288.0,foraging,2018-08-14,1,{'1113'}
2018-08-14_1115,539.57396681215,foraging,2018-08-14,1,{'1115'}
2018-08-14_1116_2038_2522,30888.000000000004,foraging,2018-08-14,3,"{'2038', '1116', '2522'}"
2018-08-14_1119,525.04575,foraging,2018-08-14,1,{'1119'}
2018-08-14_1119_1120,172.0,foraging,2018-08-14,2,"{'1120', '1119'}"
2018-08-14_1120,600.1,foraging,2018-08-14,1,{'1120'}
2018-08-14_1121,345.9145021,foraging,2018-08-14,1,{'1121'}
2018-08-14_1122,1194.845528375,foraging,2018-08-14,1,{'1122'}
2018-08-14_2030,714.0,foraging,2018-08-14,1,{'2030'}
2018-08-14_2031,3083.8571429,foraging,2018-08-14,1,{'2031'}
2018-08-14_3040,535.188304,foraging,2018-08-14,1,{'3040'}
2018-08-14_3077,5057.5,foraging,2018-08-14,1,{'3077'}
2018-08-14_3115,344.0,foraging,2018-08-14,1,{'3115'}
2018-08-14_3117,4522.0,foraging,2018-08-14,1,{'3117'}
2018-08-14_3119,623.6,foraging,2018-08-14,1,{'3119'}
2018-08-15_1008,91.875,foraging,2018-08-15,1,{'1008'}
2018-08-15_1009_1011_1016_2539_3118,155.0,foraging,2018-08-15,5,"{'2539', '1009', '3118', '1016', '1011'}"
2018-08-15_1016,754.3860000121499,foraging,2018-08-15,1,{'1016'}
2018-08-15_1028,773.45,foraging,2018-08-15,1,{'1028'}
2018-08-15_1032,476.0,foraging,2018-08-15,1,{'1032'}
2018-08-15_1035,134.8636362,foraging,2018-08-15,1,{'1035'}
2018-08-15_1035_3134,25245.0,foraging,2018-08-15,2,"{'1035', '3134'}"
2018-08-15_1101,2421.64772715,foraging,2018-08-15,1,{'1101'}
2018-08-15_1102,12523.5,foraging,2018-08-15,1,{'1102'}
2018-08-15_1103,2057.58,foraging,2018-08-15,1,{'1103'}
2018-08-15_1106,7795.25,foraging,2018-08-15,1,{'1106'}
2018-08-15_1116,833.0,foraging,2018-08-15,1,{'1116'}
2018-08-15_1116_1124,6531.0,foraging,2018-08-15,2,"{'1124', '1116'}"
2018-08-15_1119,13431.54575,foraging,2018-08-15,1,{'1119'}
2018-08-15_1120,117.71428580000001,foraging,2018-08-15,1,{'1120'}
2018-08-15_1121,4053.5,foraging,2018-08-15,1,{'1121'}
2018-08-15_2030,6729.295312500001,foraging,2018-08-15,1,{'2030'}
2018-08-15_2031,265.7896513,foraging,2018-08-15,1,{'2031'}
2018-08-15_2039,2525.7995537500005,foraging,2018-08-15,1,{'2039'}
2018-08-15_2055,8202.625,foraging,2018-08-15,1,{'2055'}
2018-08-15_2522,1353.1567858,foraging,2018-08-15,1,{'2522'}
2018-08-15_3041,3891.7644966375,foraging,2018-08-15,1,{'3041'}
2018-08-15_3077,56.19318175,foraging,2018-08-15,1,{'3077'}
2018-08-15_3077_3134,11434.5,foraging,2018-08-15,2,"{'3077', '3134'}"
2018-08-15_3117,1052.9145023333333,foraging,2018-08-15,1,{'3117'}
2018-08-15_3117_3134,24799.5,foraging,2018-08-15,2,"{'3134', '3117'}"
2018-08-15_3119,16.68600001215,foraging,2018-08-15,1,{'3119'}
2018-08-16_1006,4059.0,foraging,2018-08-16,1,{'1006'}
2018-08-16_1006_1101,11040.5,foraging,2018-08-16,2,"{'1101', '1006'}"
2018-08-16_1007,127.11111120000001,foraging,2018-08-16,1,{'1007'}
2018-08-16_1007_2513_2523_2544_3118,894.4,foraging,2018-08-16,5,"{'2544', '2523', '3118', '1007', '2513'}"
2018-08-16_1016,590.4841270000001,foraging,2018-08-16,1,{'1016'}
2018-08-16_1016_1035_3077_3117,62.0,foraging,2018-08-16,4,"{'1016', '1035', '3077', '3117'}"
2018-08-16_1023,1693.7333333333333,foraging,2018-08-16,1,{'1023'}
2018-08-16_1028,83.43000006075,foraging,2018-08-16,1,{'1028'}
2018-08-16_1028_1106,398.808,foraging,2018-08-16,2,"{'1106', '1028'}"
2018-08-16_1030,30.625,foraging,2018-08-16,1,{'1030'}
2018-08-16_1102,0.279,foraging,2018-08-16,1,{'1102'}
2018-08-16_1104,159.82555123333336,foraging,2018-08-16,1,{'1104'}
2018-08-16_1106,176.5714287,foraging,2018-08-16,1,{'1106'}
2018-08-16_1116,33.322662,foraging,2018-08-16,1,{'1116'}
2018-08-16_1116_2522,2023.0,foraging,2018-08-16,2,"{'1116', '2522'}"
2018-08-16_1120,1164.20109932,foraging,2018-08-16,1,{'1120'}
2018-08-16_1121,861.3399999999999,foraging,2018-08-16,1,{'1121'}
2018-08-16_1122,24591.6,foraging,2018-08-16,1,{'1122'}
2018-08-16_1124,913.0334978166666,foraging,2018-08-16,1,{'1124'}
2018-08-16_2030,2339.2,foraging,2018-08-16,1,{'2030'}
2018-08-16_2031,1172.5714286,foraging,2018-08-16,1,{'2031'}
2018-08-16_2039,1818.7142858,foraging,2018-08-16,1,{'2039'}
2018-08-16_2522,711.45,foraging,2018-08-16,1,{'2522'}
2018-08-16_2523,55.125,foraging,2018-08-16,1,{'2523'}
2018-08-16_2538,1053.8571428,foraging,2018-08-16,1,{'2538'}
2018-08-16_2539,49.0,foraging,2018-08-16,1,{'2539'}
2018-08-16_3118,127.11111120000001,foraging,2018-08-16,1,{'3118'}
2018-08-16_3119,79.4444445,foraging,2018-08-16,1,{'3119'}
2018-08-16_3142,955.0725000455625,foraging,2018-08-16,1,{'3142'}
2018-08-17_1006_1032,11129.4,foraging,2018-08-17,2,"{'1032', '1006'}"
2018-08-17_1007,85.75,foraging,2018-08-17,1,{'1007'}
2018-08-17_1008,91.875,foraging,2018-08-17,1,{'1008'}
2018-08-17_1009_1031,31.0,foraging,2018-08-17,2,"{'1031', '1009'}"
2018-08-17_1010_2522_2539_3077,49.0,foraging,2018-08-17,4,"{'2539', '1010', '3077', '2522'}"
2018-08-17_1016,73.5,foraging,2018-08-17,1,{'1016'}
2018-08-17_1016_3077,199.404,foraging,2018-08-17,2,"{'1016', '3077'}"
2018-08-17_1023_1028,590.8986190833333,foraging,2018-08-17,2,"{'1028', '1023'}"
2018-08-17_1035,73.5,foraging,2018-08-17,1,{'1035'}
2018-08-17_1035_3117,249.255,foraging,2018-08-17,2,"{'1035', '3117'}"
2018-08-17_1104,1785.0,foraging,2018-08-17,1,{'1104'}
2018-08-17_1116,85.75,foraging,2018-08-17,1,{'1116'}
2018-08-17_1120,92.01190478333335,foraging,2018-08-17,1,{'1120'}
2018-08-17_1124,43254.0,foraging,2018-08-17,1,{'1124'}
2018-08-17_2030,38880.0,foraging,2018-08-17,1,{'2030'}
2018-08-17_2031,1345.69571435,foraging,2018-08-17,1,{'2031'}
2018-08-17_2031_2539,3796.702,foraging,2018-08-17,2,"{'2031', '2539'}"
2018-08-17_2039,3029.11729084,foraging,2018-08-17,1,{'2039'}
2018-08-17_2522,507.33201435,foraging,2018-08-17,1,{'2522'}
2018-08-17_2523,894.4,foraging,2018-08-17,1,{'2523'}
2018-08-17_2539,10011.6428566,foraging,2018-08-17,1,{'2539'}
2018-08-17_2544,73.5,foraging,2018-08-17,1,{'2544'}
2018-08-17_3041,74.35714290000001,foraging,2018-08-17,1,{'3041'}
2018-08-17_3117,167.7714286,foraging,2018-08-17,1,{'3117'}
2018-08-17_3118,22.4772727,foraging,2018-08-17,1,{'3118'}
2018-08-18_1006_1032,340.0,foraging,2018-08-18,2,"{'1032', '1006'}"
2018-08-18_1007,1354.7835496666667,foraging,2018-08-18,1,{'1007'}
2018-08-18_1007_2523,247.24999970000002,foraging,2018-08-18,2,"{'2523', '1007'}"
2018-08-18_1009_1031_2039_2538_2542,105.4,foraging,2018-08-18,5,"{'2542', '1009', '1031', '2039', '2538'}"
2018-08-18_1010,1756.7627074,foraging,2018-08-18,1,{'1010'}
2018-08-18_1016,263.5,foraging,2018-08-18,1,{'1016'}
2018-08-18_1016_1116,2174.2390625000003,foraging,2018-08-18,2,"{'1016', '1116'}"
2018-08-18_1023,790.5,foraging,2018-08-18,1,{'1023'}
2018-08-18_1028,7047.0,foraging,2018-08-18,1,{'1028'}
2018-08-18_1028_1121,516.25,foraging,2018-08-18,2,"{'1121', '1028'}"
2018-08-18_1032_2523,1032.0,foraging,2018-08-18,2,"{'2523', '1032'}"
2018-08-18_1121,8632.849999999999,foraging,2018-08-18,1,{'1121'}
2018-08-18_2031,385.9,foraging,2018-08-18,1,{'2031'}
2018-08-18_2031_2539_2544,3272.5,foraging,2018-08-18,3,"{'2031', '2539', '2544'}"
2018-08-18_2039,263.39285725,foraging,2018-08-18,1,{'2039'}
2018-08-18_2522,902.65,foraging,2018-08-18,1,{'2522'}
2018-08-18_2523,44.9545454,foraging,2018-08-18,1,{'2523'}
2018-08-18_2539,7008.15,foraging,2018-08-18,1,{'2539'}
2018-08-18_2544,235.5555556,foraging,2018-08-18,1,{'2544'}
2018-08-18_3040,216.22400000000002,foraging,2018-08-18,1,{'3040'}
2018-08-18_3041_3117,1479.38582858,foraging,2018-08-18,2,"{'3041', '3117'}"
2018-08-18_3077,77.72900001822501,foraging,2018-08-18,1,{'3077'}
2018-08-18_3117,434.2087429,foraging,2018-08-18,1,{'3117'}
2018-08-18_3118,89.9090908,foraging,2018-08-18,1,{'3118'}
2018-08-18_3123,453.9,foraging,2018-08-18,1,{'3123'}
2018-08-19_1007_2523_3118,340.0,foraging,2018-08-19,3,"{'2523', '1007', '3118'}"
2018-08-19_1009_2538,104.58315,foraging,2018-08-19,2,"{'2538', '1009'}"
2018-08-19_1023_3117,738.0,foraging,2018-08-19,2,"{'1023', '3117'}"
2018-08-19_1028,3808.0,foraging,2018-08-19,1,{'1028'}
2018-08-19_1031_1115_1120,3162.0,foraging,2018-08-19,3,"{'1120', '1031', '1115'}"
2018-08-19_1035,2724.8999999999996,foraging,2018-08-19,1,{'1035'}
2018-08-19_1120,155.0,foraging,2018-08-19,1,{'1120'}
2018-08-19_1121,1650.55,foraging,2018-08-19,1,{'1121'}
2018-08-19_2031,4410.1140000000005,foraging,2018-08-19,1,{'2031'}
2018-08-19_2038,2069.8,foraging,2018-08-19,1,{'2038'}
2018-08-19_2039,2028.5610477333332,foraging,2018-08-19,1,{'2039'}
2018-08-19_2522,2714.05,foraging,2018-08-19,1,{'2522'}
2018-08-19_3041,3391.5,foraging,2018-08-19,1,{'3041'}
2018-08-19_3077,476.0,foraging,2018-08-19,1,{'3077'}
2018-08-20_1006,2677.9,foraging,2018-08-20,1,{'1006'}
2018-08-20_1009_2538,52.7,foraging,2018-08-20,2,"{'2538', '1009'}"
2018-08-20_1016,1483.4666666666665,foraging,2018-08-20,1,{'1016'}
2018-08-20_1023_1028_1106,2290.75,foraging,2018-08-20,3,"{'1028', '1106', '1023'}"
2018-08-20_1028_1106,294.28571450000004,foraging,2018-08-20,2,"{'1106', '1028'}"
2018-08-20_1035,1425.75,foraging,2018-08-20,1,{'1035'}
2018-08-20_1101,3714.1650000000004,foraging,2018-08-20,1,{'1101'}
2018-08-20_1102,6545.0,foraging,2018-08-20,1,{'1102'}
2018-08-20_1102_1121,196.875,foraging,2018-08-20,2,"{'1121', '1102'}"
2018-08-20_1103_1119,9188.312000000002,foraging,2018-08-20,2,"{'1103', '1119'}"
2018-08-20_1116_2522,3884.6549999999997,foraging,2018-08-20,2,"{'1116', '2522'}"
2018-08-20_1121,2510.382759,foraging,2018-08-20,1,{'1121'}
2018-08-20_1122,2476.11,foraging,2018-08-20,1,{'1122'}
2018-08-20_1124,2081.5373787500002,foraging,2018-08-20,1,{'1124'}
2018-08-20_2030,1910.277,foraging,2018-08-20,1,{'2030'}
2018-08-20_2038,3136.4060000000004,foraging,2018-08-20,1,{'2038'}
2018-08-20_2522,274.344,foraging,2018-08-20,1,{'2522'}
2018-08-20_2523,1080.625,foraging,2018-08-20,1,{'2523'}
2018-08-20_2544,122.5,foraging,2018-08-20,1,{'2544'}
2018-08-20_3040,4764.637500000001,foraging,2018-08-20,1,{'3040'}
2018-08-20_3041,2456.655,foraging,2018-08-20,1,{'3041'}
2018-08-20_3077,1963.5,foraging,2018-08-20,1,{'3077'}
2018-08-20_3118,85.75,foraging,2018-08-20,1,{'3118'}
2018-08-20_3142,2428.0,foraging,2018-08-20,1,{'3142'}
2018-08-21_1007_1016,2082.5,foraging,2018-08-21,2,"{'1007', '1016'}"
2018-08-21_1008,221.4,foraging,2018-08-21,1,{'1008'}
2018-08-21_1009,52.7,foraging,2018-08-21,1,{'1009'}
2018-08-21_1010_2513,443.95,foraging,2018-08-21,2,"{'1010', '2513'}"
2018-08-21_1101,14249.999999999998,foraging,2018-08-21,1,{'1101'}
2018-08-21_1104,2959.30790475,foraging,2018-08-21,1,{'1104'}
2018-08-21_1104_1115,3412.5,foraging,2018-08-21,2,"{'1104', '1115'}"
2018-08-21_1115,1350.4099999999999,foraging,2018-08-21,1,{'1115'}
2018-08-21_1116,2333.729296875,foraging,2018-08-21,1,{'1116'}
2018-08-21_1120,441.4619048333334,foraging,2018-08-21,1,{'1120'}
2018-08-21_1121,464.285714125,foraging,2018-08-21,1,{'1121'}
2018-08-21_2030,21739.3863635,foraging,2018-08-21,1,{'2030'}
2018-08-21_2031,585.0076637656,foraging,2018-08-21,1,{'2031'}
2018-08-21_2038,7908.636363500001,foraging,2018-08-21,1,{'2038'}
2018-08-21_2039,984.9245,foraging,2018-08-21,1,{'2039'}
2018-08-21_2522,453.60714312500005,foraging,2018-08-21,1,{'2522'}
2018-08-21_2544_3118,1190.0,foraging,2018-08-21,2,"{'3118', '2544'}"
2018-08-21_3040,8905.696590874999,foraging,2018-08-21,1,{'3040'}
2018-08-21_3041,11746.0,foraging,2018-08-21,1,{'3041'}
2018-08-21_3077,1125.0975,foraging,2018-08-21,1,{'3077'}
2018-08-21_3119,369.0,foraging,2018-08-21,1,{'3119'}
2018-08-22_1008,22.410675,foraging,2018-08-22,1,{'1008'}
2018-08-22_1008_1010_2538_2539,88.28571435,foraging,2018-08-22,4,"{'1008', '2538', '1010', '2539'}"
2018-08-22_1009,14.940450000000002,foraging,2018-08-22,1,{'1009'}
2018-08-22_1010_2539,55.125,foraging,2018-08-22,2,"{'2539', '1010'}"
2018-08-22_1011,73.5,foraging,2018-08-22,1,{'1011'}
2018-08-22_1016,351.25714289999996,foraging,2018-08-22,1,{'1016'}
2018-08-22_1016_2522,344.0,foraging,2018-08-22,2,"{'1016', '2522'}"
2018-08-22_1023,481.59999999999997,foraging,2018-08-22,1,{'1023'}
2018-08-22_1023_3117,772.6905,foraging,2018-08-22,2,"{'1023', '3117'}"
2018-08-22_1028_1106,257.25,foraging,2018-08-22,2,"{'1106', '1028'}"
2018-08-22_1028_2055,249.255,foraging,2018-08-22,2,"{'1028', '2055'}"
2018-08-22_1030,73.5,foraging,2018-08-22,1,{'1030'}
2018-08-22_1030_1031,303.54999999999995,foraging,2018-08-22,2,"{'1031', '1030'}"
2018-08-22_1035,850.5785714499999,foraging,2018-08-22,1,{'1035'}
2018-08-22_1102,631.0285716,foraging,2018-08-22,1,{'1102'}
2018-08-22_1104,147.14285725000002,foraging,2018-08-22,1,{'1104'}
2018-08-22_1116,755.040485725,foraging,2018-08-22,1,{'1116'}
2018-08-22_1116_1124,1100.8,foraging,2018-08-22,2,"{'1124', '1116'}"
2018-08-22_1120,1204.071428625,foraging,2018-08-22,1,{'1120'}
2018-08-22_1121,963.1999999999999,foraging,2018-08-22,1,{'1121'}
2018-08-22_1122,590.4,foraging,2018-08-22,1,{'1122'}
2018-08-22_1124,6243.6128822739,foraging,2018-08-22,1,{'1124'}
2018-08-22_2021,3341.325,foraging,2018-08-22,1,{'2021'}
2018-08-22_2030,479.35227225,foraging,2018-08-22,1,{'2030'}
2018-08-22_2031,1323.3,foraging,2018-08-22,1,{'2031'}
2018-08-22_2055,1564.0,foraging,2018-08-22,1,{'2055'}
2018-08-22_2522,240.79999999999998,foraging,2018-08-22,1,{'2522'}
2018-08-22_2538,44.82135,foraging,2018-08-22,1,{'2538'}
2018-08-22_3077,583.85,foraging,2018-08-22,1,{'3077'}
2018-08-22_3117,550.4,foraging,2018-08-22,1,{'3117'}
2018-08-23_1007,516.0,foraging,2018-08-23,1,{'1007'}
2018-08-23_1009,131.75,foraging,2018-08-23,1,{'1009'}
2018-08-23_1010,412.79999999999995,foraging,2018-08-23,1,{'1010'}
2018-08-23_1016,192.8575000151875,foraging,2018-08-23,1,{'1016'}
2018-08-23_1023,412.79999999999995,foraging,2018-08-23,1,{'1023'}
2018-08-23_1028,975.6166666666667,foraging,2018-08-23,1,{'1028'}
2018-08-23_1030,206.39999999999998,foraging,2018-08-23,1,{'1030'}
2018-08-23_1032,249.255,foraging,2018-08-23,1,{'1032'}
2018-08-23_1035,412.79999999999995,foraging,2018-08-23,1,{'1035'}
2018-08-23_1101,5442.5,foraging,2018-08-23,1,{'1101'}
2018-08-23_1102,5929.25,foraging,2018-08-23,1,{'1102'}
2018-08-23_1104,7923.75,foraging,2018-08-23,1,{'1104'}
2018-08-23_1116,4406.90303125,foraging,2018-08-23,1,{'1116'}
2018-08-23_1121,867.05,foraging,2018-08-23,1,{'1121'}
2018-08-23_1122,9949.5,foraging,2018-08-23,1,{'1122'}
2018-08-23_2030_2031,1135.1999999999998,foraging,2018-08-23,2,"{'2031', '2030'}"
2018-08-23_2031,3746.12,foraging,2018-08-23,1,{'2031'}
2018-08-23_2039,1113.28521895,foraging,2018-08-23,1,{'2039'}
2018-08-23_2055,3991.9199999999996,foraging,2018-08-23,1,{'2055'}
2018-08-23_2513,344.0,foraging,2018-08-23,1,{'2513'}
2018-08-23_2522,757.025,foraging,2018-08-23,1,{'2522'}
2018-08-23_2523,91.875,foraging,2018-08-23,1,{'2523'}
2018-08-23_2544,344.0,foraging,2018-08-23,1,{'2544'}
2018-08-23_3040,5102.236166666667,foraging,2018-08-23,1,{'3040'}
2018-08-23_3040_3041,600.9118110000001,foraging,2018-08-23,2,"{'3040', '3041'}"
2018-08-23_3077,4373.75,foraging,2018-08-23,1,{'3077'}
2018-08-23_3118_3119,516.0,foraging,2018-08-23,2,"{'3118', '3119'}"
2018-08-24_1006,77.5,foraging,2018-08-24,1,{'1006'}
2018-08-24_1006_1032,4752.0,foraging,2018-08-24,2,"{'1032', '1006'}"
2018-08-24_1009_1031,52.7,foraging,2018-08-24,2,"{'1031', '1009'}"
2018-08-24_1016,61.25,foraging,2018-08-24,1,{'1016'}
2018-08-24_1023_1106,217.0,foraging,2018-08-24,2,"{'1106', '1023'}"
2018-08-24_1023_3117,1106.03571455,foraging,2018-08-24,2,"{'1023', '3117'}"
2018-08-24_1028,155.0,foraging,2018-08-24,1,{'1028'}
2018-08-24_1028_2522,946.65,foraging,2018-08-24,2,"{'1028', '2522'}"
2018-08-24_1030,61.25,foraging,2018-08-24,1,{'1030'}
2018-08-24_1035,662.4285714,foraging,2018-08-24,1,{'1035'}
2018-08-24_1102,891.8571429,foraging,2018-08-24,1,{'1102'}
2018-08-24_1104,1234.142857175,foraging,2018-08-24,1,{'1104'}
2018-08-24_1107,1208.256,foraging,2018-08-24,1,{'1107'}
2018-08-24_1108,5346.0,foraging,2018-08-24,1,{'1108'}
2018-08-24_1115,2089.725,foraging,2018-08-24,1,{'1115'}
2018-08-24_1116,357.0,foraging,2018-08-24,1,{'1116'}
2018-08-24_1120,206.6,foraging,2018-08-24,1,{'1120'}
2018-08-24_1121,124.0,foraging,2018-08-24,1,{'1121'}
2018-08-24_1122,140.482954375,foraging,2018-08-24,1,{'1122'}
2018-08-24_1124,33.71590905,foraging,2018-08-24,1,{'1124'}
2018-08-24_2030,899.090908,foraging,2018-08-24,1,{'2030'}
2018-08-24_2031,1514.84256,foraging,2018-08-24,1,{'2031'}
2018-08-24_2038,19634.399999999998,foraging,2018-08-24,1,{'2038'}
2018-08-24_2039,837.0555556,foraging,2018-08-24,1,{'2039'}
2018-08-24_2522,58.85714290000001,foraging,2018-08-24,1,{'2522'}
2018-08-24_2523,305.81874999999997,foraging,2018-08-24,1,{'2523'}
2018-08-24_2538,52.7,foraging,2018-08-24,1,{'2538'}
2018-08-24_3040,720.9,foraging,2018-08-24,1,{'3040'}
2018-08-24_3041,235.42857160000003,foraging,2018-08-24,1,{'3041'}
2018-08-24_3077,180.16666666666666,foraging,2018-08-24,1,{'3077'}
2018-08-24_3115,2376.0,foraging,2018-08-24,1,{'3115'}
2018-08-24_3118,179.8181816,foraging,2018-08-24,1,{'3118'}
2018-08-24_9999,1382.2666666666664,foraging,2018-08-24,1,{'9999'}
2018-08-25_1007,952.0,foraging,2018-08-25,1,{'1007'}
2018-08-25_1007_1010_2539_2544,2213.1,foraging,2018-08-25,4,"{'1007', '2544', '1010', '2539'}"
2018-08-25_1007_2539,238.0,foraging,2018-08-25,2,"{'1007', '2539'}"
2018-08-25_1009,275.2,foraging,2018-08-25,1,{'1009'}
2018-08-25_1016,1497.2,foraging,2018-08-25,1,{'1016'}
2018-08-25_1023_3117,1936.0,foraging,2018-08-25,2,"{'1023', '3117'}"
2018-08-25_1102,855.8,foraging,2018-08-25,1,{'1102'}
2018-08-25_1102_1121_3041,22952.699999999997,foraging,2018-08-25,3,"{'1121', '1102', '3041'}"
2018-08-25_1103,1100.8,foraging,2018-08-25,1,{'1103'}
2018-08-25_1104,767.71214308,foraging,2018-08-25,1,{'1104'}
2018-08-25_1106,2049.9249999999997,foraging,2018-08-25,1,{'1106'}
2018-08-25_1115,1111.782,foraging,2018-08-25,1,{'1115'}
2018-08-25_1119,4904.5,foraging,2018-08-25,1,{'1119'}
2018-08-25_1120,1428.0,foraging,2018-08-25,1,{'1120'}
2018-08-25_1121,748.2909094229111,foraging,2018-08-25,1,{'1121'}
2018-08-25_1122,22744.8,foraging,2018-08-25,1,{'1122'}
2018-08-25_2030,40824.0,foraging,2018-08-25,1,{'2030'}
2018-08-25_2031,2409.42857145,foraging,2018-08-25,1,{'2031'}
2018-08-25_2038,13189.5,foraging,2018-08-25,1,{'2038'}
2018-08-25_2039,1906.8235,foraging,2018-08-25,1,{'2039'}
2018-08-25_2522,803.9,foraging,2018-08-25,1,{'2522'}
2018-08-25_2523,1130.5,foraging,2018-08-25,1,{'2523'}
2018-08-25_2539,98.0,foraging,2018-08-25,1,{'2539'}
2018-08-25_2544,792.75,foraging,2018-08-25,1,{'2544'}
2018-08-25_3040,8359.2,foraging,2018-08-25,1,{'3040'}
2018-08-25_3041,947.0500000000001,foraging,2018-08-25,1,{'3041'}
2018-08-25_3077,1048.8666666666666,foraging,2018-08-25,1,{'3077'}
2018-08-25_3142,416.0161904666667,foraging,2018-08-25,1,{'3142'}
2018-08-26_1006,12636.0,foraging,2018-08-26,1,{'1006'}
2018-08-26_1007_2523,340.0,foraging,2018-08-26,2,"{'2523', '1007'}"
2018-08-26_1010_1011,172.0,foraging,2018-08-26,2,"{'1010', '1011'}"
2018-08-26_1010_1011_2539,275.2,foraging,2018-08-26,3,"{'2539', '1010', '1011'}"
2018-08-26_1011_1031_2538,79.05,foraging,2018-08-26,3,"{'2538', '1031', '1011'}"
2018-08-26_1016,1032.0,foraging,2018-08-26,1,{'1016'}
2018-08-26_1023_3117,889.6666666666666,foraging,2018-08-26,2,"{'1023', '3117'}"
2018-08-26_1028,889.0,foraging,2018-08-26,1,{'1028'}
2018-08-26_1031,87.77159999999999,foraging,2018-08-26,1,{'1031'}
2018-08-26_1035,1904.0,foraging,2018-08-26,1,{'1035'}
2018-08-26_1102,1148.1516,foraging,2018-08-26,1,{'1102'}
2018-08-26_1103,98.0,foraging,2018-08-26,1,{'1103'}
2018-08-26_1103_1119,4665.0,foraging,2018-08-26,2,"{'1103', '1119'}"
2018-08-26_1104,1591.65,foraging,2018-08-26,1,{'1104'}
2018-08-26_1106,516.0,foraging,2018-08-26,1,{'1106'}
2018-08-26_1115,638.975,foraging,2018-08-26,1,{'1115'}
2018-08-26_1116,758.4190476333333,foraging,2018-08-26,1,{'1116'}
2018-08-26_1119,825.5999999999999,foraging,2018-08-26,1,{'1119'}
2018-08-26_1120,1707.8,foraging,2018-08-26,1,{'1120'}
2018-08-26_1122,137.6,foraging,2018-08-26,1,{'1122'}
2018-08-26_1124,15550.0,foraging,2018-08-26,1,{'1124'}
2018-08-26_2031,3552.539285725,foraging,2018-08-26,1,{'2031'}
2018-08-26_2039,2499.0,foraging,2018-08-26,1,{'2039'}
2018-08-26_2522,5652.5,foraging,2018-08-26,1,{'2522'}
2018-08-26_2538,103.19999999999999,foraging,2018-08-26,1,{'2538'}
2018-08-26_2544,48.76199999999999,foraging,2018-08-26,1,{'2544'}
2018-08-26_3040,2272.44,foraging,2018-08-26,1,{'3040'}
2018-08-26_3040_3041,1719.9999999999998,foraging,2018-08-26,2,"{'3040', '3041'}"
2018-08-26_3041,243.3571429,foraging,2018-08-26,1,{'3041'}
2018-08-26_3077,2201.5,foraging,2018-08-26,1,{'3077'}
2018-08-26_3142,102.17200002429999,foraging,2018-08-26,1,{'3142'}
2018-08-27_1007_1010,172.0,foraging,2018-08-27,2,"{'1007', '1010'}"
2018-08-27_1007_2513,622.0,foraging,2018-08-27,2,"{'1007', '2513'}"
2018-08-27_1009_1031,131.75,foraging,2018-08-27,2,"{'1031', '1009'}"
2018-08-27_1010_2539,137.6,foraging,2018-08-27,2,"{'2539', '1010'}"
2018-08-27_1011_1102,68.8,foraging,2018-08-27,2,"{'1102', '1011'}"
2018-08-27_1016,648.62857145,foraging,2018-08-27,1,{'1016'}
2018-08-27_1016_2522,299.106,foraging,2018-08-27,2,"{'1016', '2522'}"
2018-08-27_1023_1028,606.5714287,foraging,2018-08-27,2,"{'1028', '1023'}"
2018-08-27_1035,708.0761905833333,foraging,2018-08-27,1,{'1035'}
2018-08-27_1102,2200.8571429,foraging,2018-08-27,1,{'1102'}
2018-08-27_1119,708.2984847666667,foraging,2018-08-27,1,{'1119'}
2018-08-27_1120,1623.6,foraging,2018-08-27,1,{'1120'}
2018-08-27_1121,1026.8952381666666,foraging,2018-08-27,1,{'1121'}
2018-08-27_2031,2360.25,foraging,2018-08-27,1,{'2031'}
2018-08-27_2039,2759.8571428,foraging,2018-08-27,1,{'2039'}
2018-08-27_2039_2522,309.59999999999997,foraging,2018-08-27,2,"{'2039', '2522'}"
2018-08-27_2521,712.0,foraging,2018-08-27,1,{'2521'}
2018-08-27_2522,145.69,foraging,2018-08-27,1,{'2522'}
2018-08-27_2538,52.7,foraging,2018-08-27,1,{'2538'}
2018-08-27_3041,845.7380953166667,foraging,2018-08-27,1,{'3041'}
2018-08-27_3058,605.0,foraging,2018-08-27,1,{'3058'}
2018-08-27_3077,570.914285725,foraging,2018-08-27,1,{'3077'}
2018-08-27_3117,598.7727619333333,foraging,2018-08-27,1,{'3117'}
2018-08-27_3135,19245.6,foraging,2018-08-27,1,{'3135'}
2018-08-28_1007,228.8772727,foraging,2018-08-28,1,{'1007'}
2018-08-28_1008,120.87,foraging,2018-08-28,1,{'1008'}
2018-08-28_1009,269.71428560000004,foraging,2018-08-28,1,{'1009'}
2018-08-28_1010,412.79999999999995,foraging,2018-08-28,1,{'1010'}
2018-08-28_1011,73.5,foraging,2018-08-28,1,{'1011'}
2018-08-28_1016_2522,5950.0,foraging,2018-08-28,2,"{'1016', '2522'}"
2018-08-28_1023,88.3305000151875,foraging,2018-08-28,1,{'1023'}
2018-08-28_1023_1106,1964.0,foraging,2018-08-28,2,"{'1106', '1023'}"
2018-08-28_1028,6069.0,foraging,2018-08-28,1,{'1028'}
2018-08-28_1032,412.79999999999995,foraging,2018-08-28,1,{'1032'}
2018-08-28_1035,2541.75,foraging,2018-08-28,1,{'1035'}
2018-08-28_1102,3041.5333333333333,foraging,2018-08-28,1,{'1102'}
2018-08-28_1103,34.31,foraging,2018-08-28,1,{'1103'}
2018-08-28_1103_1104,2408.0,foraging,2018-08-28,2,"{'1104', '1103'}"
2018-08-28_1103_1122,27702.0,foraging,2018-08-28,2,"{'1103', '1122'}"
2018-08-28_1104,1246.49999985,foraging,2018-08-28,1,{'1104'}
2018-08-28_1108,3693.6,foraging,2018-08-28,1,{'1108'}
2018-08-28_1115,1848.8287359166668,foraging,2018-08-28,1,{'1115'}
2018-08-28_1116,2631.15,foraging,2018-08-28,1,{'1116'}
2018-08-28_1120,862.75,foraging,2018-08-28,1,{'1120'}
2018-08-28_1121,2320.5,foraging,2018-08-28,1,{'1121'}
2018-08-28_1122,16426.8,foraging,2018-08-28,1,{'1122'}
2018-08-28_1124,4510.910250000001,foraging,2018-08-28,1,{'1124'}
2018-08-28_2031,1048.7845238166667,foraging,2018-08-28,1,{'2031'}
2018-08-28_2038,480.5,foraging,2018-08-28,1,{'2038'}
2018-08-28_2039,3986.5,foraging,2018-08-28,1,{'2039'}
2018-08-28_2522,1210.0,foraging,2018-08-28,1,{'2522'}
2018-08-28_2523,550.4,foraging,2018-08-28,1,{'2523'}
2018-08-28_2538,116.375,foraging,2018-08-28,1,{'2538'}
2018-08-28_2539,344.0,foraging,2018-08-28,1,{'2539'}
2018-08-28_2544,1085.1310605833332,foraging,2018-08-28,1,{'2544'}
2018-08-28_3040,3938.896,foraging,2018-08-28,1,{'3040'}
2018-08-28_3041,234.0,foraging,2018-08-28,1,{'3041'}
2018-08-28_3041_3077,2191.1666666666665,foraging,2018-08-28,2,"{'3041', '3077'}"
2018-08-28_3077,296.88599999999997,foraging,2018-08-28,1,{'3077'}
2018-08-28_3117,3689.0,foraging,2018-08-28,1,{'3117'}
2018-08-29_1007_1009_1031_2544,316.2,foraging,2018-08-29,4,"{'1007', '2544', '1031', '1009'}"
2018-08-29_1009_1011,52.7,foraging,2018-08-29,2,"{'1011', '1009'}"
2018-08-29_1010,457.8444445,foraging,2018-08-29,1,{'1010'}
2018-08-29_1016,344.0,foraging,2018-08-29,1,{'1016'}
2018-08-29_1023_1028,2645.2,foraging,2018-08-29,2,"{'1028', '1023'}"
2018-08-29_1030,275.2,foraging,2018-08-29,1,{'1030'}
2018-08-29_1035,228.19318175,foraging,2018-08-29,1,{'1035'}
2018-08-29_1102,2321.30142858,foraging,2018-08-29,1,{'1102'}
2018-08-29_1104,26.658129600000002,foraging,2018-08-29,1,{'1104'}
2018-08-29_1104_1121,2272.65,foraging,2018-08-29,2,"{'1104', '1121'}"
2018-08-29_1106,412.79999999999995,foraging,2018-08-29,1,{'1106'}
2018-08-29_1115,641.10174858,foraging,2018-08-29,1,{'1115'}
2018-08-29_1116,1066.3999999999999,foraging,2018-08-29,1,{'1116'}
2018-08-29_1116_2522,3927.0,foraging,2018-08-29,2,"{'1116', '2522'}"
2018-08-29_1119,1309.0,foraging,2018-08-29,1,{'1119'}
2018-08-29_1121,2872.1126983777776,foraging,2018-08-29,1,{'1121'}
2018-08-29_1124,14404.500000000002,foraging,2018-08-29,1,{'1124'}
2018-08-29_1127,412.79999999999995,foraging,2018-08-29,1,{'1127'}
2018-08-29_2031,275.2,foraging,2018-08-29,1,{'2031'}
2018-08-29_2039_3061,688.0,foraging,2018-08-29,2,"{'3061', '2039'}"
2018-08-29_2055,7192.8,foraging,2018-08-29,1,{'2055'}
2018-08-29_2513_2523,619.1999999999999,foraging,2018-08-29,2,"{'2523', '2513'}"
2018-08-29_2522,705.42,foraging,2018-08-29,1,{'2522'}
2018-08-29_2522_3077,108.5,foraging,2018-08-29,2,"{'3077', '2522'}"
2018-08-29_2523,5256.9,foraging,2018-08-29,1,{'2523'}
2018-08-29_2523_2544,134.8636362,foraging,2018-08-29,2,"{'2523', '2544'}"
2018-08-29_2539,172.0,foraging,2018-08-29,1,{'2539'}
2018-08-29_2544,412.79999999999995,foraging,2018-08-29,1,{'2544'}
2018-08-29_3041,6961.5,foraging,2018-08-29,1,{'3041'}
2018-08-29_3077,68.8,foraging,2018-08-29,1,{'3077'}
2018-08-29_3142,1031.5,foraging,2018-08-29,1,{'3142'}
2018-08-30_1007,172.0,foraging,2018-08-30,1,{'1007'}
2018-08-30_1008,44.82135,foraging,2018-08-30,1,{'1008'}
2018-08-30_1009,58.401,foraging,2018-08-30,1,{'1009'}
2018-08-30_1010,137.6,foraging,2018-08-30,1,{'1010'}
2018-08-30_1011,110.39295,foraging,2018-08-30,1,{'1011'}
2018-08-30_1016,258.0,foraging,2018-08-30,1,{'1016'}
2018-08-30_1023_1106,1238.3999999999999,foraging,2018-08-30,2,"{'1106', '1023'}"
2018-08-30_1028,6050.0,foraging,2018-08-30,1,{'1028'}
2018-08-30_1030,181.54285725000003,foraging,2018-08-30,1,{'1030'}
2018-08-30_1030_1120,434.0,foraging,2018-08-30,2,"{'1120', '1030'}"
2018-08-30_1031,52.7,foraging,2018-08-30,1,{'1031'}
2018-08-30_1102,806.1666666666666,foraging,2018-08-30,1,{'1102'}
2018-08-30_1119,16815.6,foraging,2018-08-30,1,{'1119'}
2018-08-30_1121,872.5,foraging,2018-08-30,1,{'1121'}
2018-08-30_1124,771.975,foraging,2018-08-30,1,{'1124'}
2018-08-30_2031,712.9000000000001,foraging,2018-08-30,1,{'2031'}
2018-08-30_2038_2039,1066.3999999999999,foraging,2018-08-30,2,"{'2038', '2039'}"
2018-08-30_2522,705.6883333333334,foraging,2018-08-30,1,{'2522'}
2018-08-30_2523,206.39999999999998,foraging,2018-08-30,1,{'2523'}
2018-08-30_2538,52.7,foraging,2018-08-30,1,{'2538'}
2018-08-30_2544,240.79999999999998,foraging,2018-08-30,1,{'2544'}
2018-08-30_2609,4354.0,foraging,2018-08-30,1,{'2609'}
2018-08-30_3040,4888.0395064,foraging,2018-08-30,1,{'3040'}
2018-08-30_3041_3077,77.5,foraging,2018-08-30,2,"{'3041', '3077'}"
2018-08-30_3077,111.1,foraging,2018-08-30,1,{'3077'}
2018-08-30_3117,674.6916666666667,foraging,2018-08-30,1,{'3117'}
2018-08-31_1006_1101_1122_2055,3819.25,foraging,2018-08-31,4,"{'1101', '1006', '1122', '2055'}"
2018-08-31_1007,481.59999999999997,foraging,2018-08-31,1,{'1007'}
2018-08-31_1009,73.5,foraging,2018-08-31,1,{'1009'}
2018-08-31_1016,2248.0,foraging,2018-08-31,1,{'1016'}
2018-08-31_1023,3688.5,foraging,2018-08-31,1,{'1023'}
2018-08-31_1023_1106,1238.3999999999999,foraging,2018-08-31,2,"{'1106', '1023'}"
2018-08-31_1028,1910.1034970666667,foraging,2018-08-31,1,{'1028'}
2018-08-31_1030,550.4,foraging,2018-08-31,1,{'1030'}
2018-08-31_1035,2618.0,foraging,2018-08-31,1,{'1035'}
2018-08-31_1102,2082.5,foraging,2018-08-31,1,{'1102'}
2018-08-31_1103,12094.800000000001,foraging,2018-08-31,1,{'1103'}
2018-08-31_1116,2501.0977015666667,foraging,2018-08-31,1,{'1116'}
2018-08-31_1120,862.75,foraging,2018-08-31,1,{'1120'}
2018-08-31_1121,2282.75,foraging,2018-08-31,1,{'1121'}
2018-08-31_1124,24688.8,foraging,2018-08-31,1,{'1124'}
2018-08-31_2009,3304.7999999999997,foraging,2018-08-31,1,{'2009'}
2018-08-31_2030_2031,2380.0,foraging,2018-08-31,2,"{'2031', '2030'}"
2018-08-31_2031,3263.1200000000003,foraging,2018-08-31,1,{'2031'}
2018-08-31_2039,3558.31,foraging,2018-08-31,1,{'2039'}
2018-08-31_2513_2524,550.4,foraging,2018-08-31,2,"{'2524', '2513'}"
2018-08-31_2522,1341.6,foraging,2018-08-31,1,{'2522'}
2018-08-31_2523,378.4,foraging,2018-08-31,1,{'2523'}
2018-08-31_2544,516.0,foraging,2018-08-31,1,{'2544'}
2018-08-31_3041,68.8,foraging,2018-08-31,1,{'3041'}
2018-08-31_3041_3077,4998.0,foraging,2018-08-31,2,"{'3041', '3077'}"
2018-08-31_3077,1844.25,foraging,2018-08-31,1,{'3077'}
2018-08-31_3117,2645.5666666666666,foraging,2018-08-31,1,{'3117'}
2018-08-31_3142,1074.1714286,foraging,2018-08-31,1,{'3142'}
2018-09-01_1007,275.2,foraging,2018-09-01,1,{'1007'}
2018-09-01_1010,361.2,foraging,2018-09-01,1,{'1010'}
2018-09-01_1016,257.5333333333333,foraging,2018-09-01,1,{'1016'}
2018-09-01_1023_1106,1616.8,foraging,2018-09-01,2,"{'1106', '1023'}"
2018-09-01_1023_3117,362.61,foraging,2018-09-01,2,"{'1023', '3117'}"
2018-09-01_1028,412.79999999999995,foraging,2018-09-01,1,{'1028'}
2018-09-01_1030_1031,240.79999999999998,foraging,2018-09-01,2,"{'1031', '1030'}"
2018-09-01_1035,200.35,foraging,2018-09-01,1,{'1035'}
2018-09-01_1035_2523_3077,15.93189088976,foraging,2018-09-01,3,"{'2523', '1035', '3077'}"
2018-09-01_1102,382.9714287,foraging,2018-09-01,1,{'1102'}
2018-09-01_1104,2141.6190476333336,foraging,2018-09-01,1,{'1104'}
2018-09-01_1115,137.6,foraging,2018-09-01,1,{'1115'}
2018-09-01_1115_1120,3094.0,foraging,2018-09-01,2,"{'1120', '1115'}"
2018-09-01_1116,488.85714289999993,foraging,2018-09-01,1,{'1116'}
2018-09-01_1119,2213.1,foraging,2018-09-01,1,{'1119'}
2018-09-01_1120,344.0,foraging,2018-09-01,1,{'1120'}
2018-09-01_1121,451.7714287,foraging,2018-09-01,1,{'1121'}
2018-09-01_1122_3040,275.2,foraging,2018-09-01,2,"{'3040', '1122'}"
2018-09-01_1124,8577.04,foraging,2018-09-01,1,{'1124'}
2018-09-01_2031,402.8571429,foraging,2018-09-01,1,{'2031'}
2018-09-01_2038_2513,1100.8,foraging,2018-09-01,2,"{'2038', '2513'}"
2018-09-01_2055,6318.0,foraging,2018-09-01,1,{'2055'}
2018-09-01_2513,252.26666666666665,foraging,2018-09-01,1,{'2513'}
2018-09-01_2522,544.1523810166667,foraging,2018-09-01,1,{'2522'}
2018-09-01_2523,1038.9714286,foraging,2018-09-01,1,{'2523'}
2018-09-01_2544,395.59999999999997,foraging,2018-09-01,1,{'2544'}
2018-09-01_3041,506.6,foraging,2018-09-01,1,{'3041'}
2018-09-01_3041_3077_3117,1238.3999999999999,foraging,2018-09-01,3,"{'3041', '3077', '3117'}"
2018-09-01_3077,357.0,foraging,2018-09-01,1,{'3077'}
2018-09-02_1007_1008,275.2,foraging,2018-09-02,2,"{'1008', '1007'}"
2018-09-02_1009_1031,516.0,foraging,2018-09-02,2,"{'1031', '1009'}"
2018-09-02_1010,240.79999999999998,foraging,2018-09-02,1,{'1010'}
2018-09-02_1016,447.2,foraging,2018-09-02,1,{'1016'}
2018-09-02_1023_1028_1106,3213.0,foraging,2018-09-02,3,"{'1028', '1106', '1023'}"
2018-09-02_1030,91.875,foraging,2018-09-02,1,{'1030'}
2018-09-02_1030_1120,172.0,foraging,2018-09-02,2,"{'1120', '1030'}"
2018-09-02_1031,58.401000042525,foraging,2018-09-02,1,{'1031'}
2018-09-02_1035,4641.0,foraging,2018-09-02,1,{'1035'}
2018-09-02_1101,1512.5,foraging,2018-09-02,1,{'1101'}
2018-09-02_1102,7259.0,foraging,2018-09-02,1,{'1102'}
2018-09-02_1103,694.093,foraging,2018-09-02,1,{'1103'}
2018-09-02_1104_1121,16065.0,foraging,2018-09-02,2,"{'1104', '1121'}"
2018-09-02_1115,4253.92857145,foraging,2018-09-02,1,{'1115'}
2018-09-02_1116,9520.0,foraging,2018-09-02,1,{'1116'}
2018-09-02_1120,5659.1645324,foraging,2018-09-02,1,{'1120'}
2018-09-02_2030,12696.0,foraging,2018-09-02,1,{'2030'}
2018-09-02_2031_3142,9163.0,foraging,2018-09-02,2,"{'2031', '3142'}"
2018-09-02_2038,18225.0,foraging,2018-09-02,1,{'2038'}
2018-09-02_2039,3880.8290648,foraging,2018-09-02,1,{'2039'}
2018-09-02_2513,5346.0,foraging,2018-09-02,1,{'2513'}
2018-09-02_2522,5117.0,foraging,2018-09-02,1,{'2522'}
2018-09-02_2523,206.39999999999998,foraging,2018-09-02,1,{'2523'}
2018-09-02_2538,216.14285717500002,foraging,2018-09-02,1,{'2538'}
2018-09-02_2539,206.39999999999998,foraging,2018-09-02,1,{'2539'}
2018-09-02_3041_3077,7854.0,foraging,2018-09-02,2,"{'3041', '3077'}"
2018-09-02_3117,1554.9318181,foraging,2018-09-02,1,{'3117'}
2018-09-02_3142,619.1999999999999,foraging,2018-09-02,1,{'3142'}
2018-07-23_1007_1008_1009_1010_1011_1016,117.96750000000002,recall,2018-07-23,6,"{'1010', '1009', '1008', '1007', '1016', '1011'}"
2018-07-23_1007_1008_1010_1016_1032_3077,96.427499883,recall,2018-07-23,6,"{'1010', '1032', '3077', '1008', '1007', '1016'}"
2018-07-23_1032,96.427499883,recall,2018-07-23,1,{'1032'}
2018-07-23_1102,29.160000000000004,recall,2018-07-23,1,{'1102'}
2018-07-24_1007_1008_1009_1011_1016_2513_2544_3117,96.427499883,recall,2018-07-24,8,"{'2544', '1009', '3117', '1008', '1007', '1016', '1011', '2513'}"
2018-07-24_1031_1116_1124,2252.6,recall,2018-07-24,3,"{'1124', '1031', '1116'}"
2018-07-24_1103_1104,825.0428573400001,recall,2018-07-24,2,"{'1104', '1103'}"
2018-07-24_1119_1120,339.891,recall,2018-07-24,2,"{'1120', '1119'}"
2018-07-24_3041,41.628888918,recall,2018-07-24,1,{'3041'}
2018-07-25_3077,29.160000000000004,recall,2018-07-25,1,{'3077'}
2018-07-26_1006_1010_1032,340.0,recall,2018-07-26,3,"{'1010', '1006', '1032'}"
2018-07-26_1121,117.9675,recall,2018-07-26,1,{'1121'}
2018-07-26_1124,4416.2,recall,2018-07-26,1,{'1124'}
2018-07-26_2038,201.39804,recall,2018-07-26,1,{'2038'}
2018-07-26_2038_2039,66.675,recall,2018-07-26,2,"{'2038', '2039'}"
2018-07-26_2513,4416.2,recall,2018-07-26,1,{'2513'}
2018-07-27_1007_1010_1032,340.0,recall,2018-07-27,3,"{'1007', '1010', '1032'}"
2018-07-27_1116_1124,440.6433942666667,recall,2018-07-27,2,"{'1124', '1116'}"
2018-07-28_1006_1032,340.0,recall,2018-07-28,2,"{'1032', '1006'}"
2018-07-28_1007_1008_1009_1010_1011_1016_1031_2513_2523_3117,96.427499883,recall,2018-07-28,10,"{'2523', '1010', '1009', '1031', '3117', '1008', '1007', '1016', '1011', '2513'}"
2018-07-28_1009_1031,141.59999994,recall,2018-07-28,2,"{'1031', '1009'}"
2018-07-28_1103_1104,651.0,recall,2018-07-28,2,"{'1104', '1103'}"
2018-07-28_1121,825.0428573400001,recall,2018-07-28,1,{'1121'}
2018-07-29_1006,4416.2,recall,2018-07-29,1,{'1006'}
2018-07-29_1104_1121_1122,4416.2,recall,2018-07-29,3,"{'1104', '1121', '1122'}"
2018-07-29_2039,66.675,recall,2018-07-29,1,{'2039'}
2018-07-29_2513,96.427499883,recall,2018-07-29,1,{'2513'}
2018-07-29_3040_3041_3077,96.427499883,recall,2018-07-29,3,"{'3040', '3041', '3077'}"
2018-07-30_1008_1009_1011_1031_2539,96.427499883,recall,2018-07-30,5,"{'2539', '1009', '1031', '1008', '1011'}"
2018-07-30_1104_3076_3077,89.0,recall,2018-07-30,3,"{'1104', '3076', '3077'}"
2018-07-30_1116_1124,939.45000007,recall,2018-07-30,2,"{'1124', '1116'}"
2018-07-30_2038,4416.2,recall,2018-07-30,1,{'2038'}
2018-07-31_1016_1035_3077_3117,117.9675,recall,2018-07-31,4,"{'1016', '1035', '3077', '3117'}"
2018-08-01_1006_1032,340.0,recall,2018-08-01,2,"{'1032', '1006'}"
2018-08-01_1104,825.0428573400001,recall,2018-08-01,1,{'1104'}
2018-08-02_1006,340.0,recall,2018-08-02,1,{'1006'}
2018-08-02_1006_1032,340.0,recall,2018-08-02,2,"{'1032', '1006'}"
2018-08-02_1007,298.92857150000003,recall,2018-08-02,1,{'1007'}
2018-08-02_1007_1008_1010_1011_1016_1035_2513_2523_2544_3077_3117_3118_3119,96.42749988300001,recall,2018-08-02,13,"{'2544', '2523', '1010', '3077', '3118', '1035', '3117', '1008', '1007', '1016', '3119', '1011', '2513'}"
2018-08-02_1009_1104_1121,96.427499883,recall,2018-08-02,3,"{'1104', '1121', '1009'}"
2018-08-02_1104,825.0428573400001,recall,2018-08-02,1,{'1104'}
2018-08-02_2039,66.675,recall,2018-08-02,1,{'2039'}
2018-08-03_1006_1032,340.0,recall,2018-08-03,2,"{'1032', '1006'}"
2018-08-03_1008_1009_1011_1031_2523_3119,96.427499883,recall,2018-08-03,6,"{'2523', '1009', '1031', '1008', '3119', '1011'}"
2018-08-03_1121_1122,96.427499883,recall,2018-08-03,2,"{'1121', '1122'}"
2018-08-03_3040,96.427499883,recall,2018-08-03,1,{'3040'}
2018-08-03_3041_3076,340.0,recall,2018-08-03,2,"{'3041', '3076'}"
2018-08-04_1006_1032,340.0,recall,2018-08-04,2,"{'1032', '1006'}"
2018-08-04_1007_1010_1016_2513_2539_2544_3118_3119,96.427499883,recall,2018-08-04,8,"{'2544', '2539', '1010', '3118', '1007', '1016', '3119', '2513'}"
2018-08-04_1032,340.0,recall,2018-08-04,1,{'1032'}
2018-08-04_1124,4416.2,recall,2018-08-04,1,{'1124'}
2018-08-04_2899,66.675,recall,2018-08-04,1,{'2899'}
2018-08-04_3077,30.625,recall,2018-08-04,1,{'3077'}
2018-08-05_1006_1007_1008_1009_1010_1016_1030_1031_1032_1101_1124_2513_2523_2539_2544_3118_3119,96.427499883,recall,2018-08-05,17,"{'1124', '2544', '2523', '1101', '2539', '1010', '1032', '1009', '3118', '1031', '1006', '1030', '1008', '1007', '1016', '3119', '2513'}"
2018-08-05_1007_1009_1010_1011_1016_1031_2513_2539_3119,96.427499883,recall,2018-08-05,9,"{'2539', '1010', '1009', '1031', '1007', '1016', '3119', '1011', '2513'}"
2018-08-05_1007_1010_2539_2544_3118,117.9675,recall,2018-08-05,5,"{'2544', '2539', '1010', '3118', '1007'}"
2018-08-05_1028,4146.65888,recall,2018-08-05,1,{'1028'}
2018-08-05_1032,96.427499883,recall,2018-08-05,1,{'1032'}
2018-08-05_1102_1104,96.427499883,recall,2018-08-05,2,"{'1104', '1102'}"
2018-08-05_1122,4416.2,recall,2018-08-05,1,{'1122'}
2018-08-05_3040,4416.2,recall,2018-08-05,1,{'3040'}
2018-08-06_1006_2055_2513,117.96750000000002,recall,2018-08-06,3,"{'1006', '2513', '2055'}"
2018-08-06_1006_2055_2513_2523,2620.6214286699997,recall,2018-08-06,4,"{'2523', '1006', '2513', '2055'}"
2018-08-06_1007,201.39804,recall,2018-08-06,1,{'1007'}
2018-08-06_1007_2544_3118,96.427499883,recall,2018-08-06,3,"{'3118', '1007', '2544'}"
2018-08-06_1032_1122,73.56375,recall,2018-08-06,2,"{'1032', '1122'}"
2018-08-06_1103,396.29999997,recall,2018-08-06,1,{'1103'}
2018-08-06_1116_1124,4416.2,recall,2018-08-06,2,"{'1124', '1116'}"
2018-08-06_2030,96.427499883,recall,2018-08-06,1,{'2030'}
2018-08-06_2544,201.39804,recall,2018-08-06,1,{'2544'}
2018-08-06_3118,201.39804,recall,2018-08-06,1,{'3118'}
2018-08-07_1006_1032,340.0,recall,2018-08-07,2,"{'1032', '1006'}"
2018-08-07_1028,460.73517861150003,recall,2018-08-07,1,{'1028'}
2018-08-07_1030_1119_1120,4416.2,recall,2018-08-07,3,"{'1120', '1119', '1030'}"
2018-08-07_1106_1116_1124_2055,4416.2,recall,2018-08-07,4,"{'1124', '1106', '1116', '2055'}"
2018-08-07_1115,41.628888918,recall,2018-08-07,1,{'1115'}
2018-08-07_1124,4416.2,recall,2018-08-07,1,{'1124'}
2018-08-07_2513_2544,96.427499883,recall,2018-08-07,2,"{'2544', '2513'}"
2018-08-08_1030_1119,340.0,recall,2018-08-08,2,"{'1119', '1030'}"
2018-08-08_1119_1120,340.0,recall,2018-08-08,2,"{'1120', '1119'}"
2018-08-08_1121_3117,340.0,recall,2018-08-08,2,"{'1121', '3117'}"
2018-08-09_1031_1120,340.0,recall,2018-08-09,2,"{'1120', '1031'}"
2018-08-09_1032,96.427499883,recall,2018-08-09,1,{'1032'}
2018-08-09_1119_1120,340.0,recall,2018-08-09,2,"{'1120', '1119'}"
2018-08-09_2523,117.9675,recall,2018-08-09,1,{'2523'}
2018-08-09_2544,117.9675,recall,2018-08-09,1,{'2544'}
2018-08-10_1006,340.0,recall,2018-08-10,1,{'1006'}
2018-08-10_1016,471.50517867,recall,2018-08-10,1,{'1016'}
2018-08-10_1119_1120,340.0,recall,2018-08-10,2,"{'1120', '1119'}"
2018-08-10_1124,117.9675,recall,2018-08-10,1,{'1124'}
2018-08-10_2539,117.9675,recall,2018-08-10,1,{'2539'}
2018-08-10_3118,96.427499883,recall,2018-08-10,1,{'3118'}
2018-08-11_1006_1007_2523,117.96750000000002,recall,2018-08-11,3,"{'2523', '1007', '1006'}"
2018-08-11_1006_1032,340.0,recall,2018-08-11,2,"{'1032', '1006'}"
2018-08-11_1007_1032_2513_2523_2544_3118,96.427499883,recall,2018-08-11,6,"{'2544', '2523', '1032', '3118', '1007', '2513'}"
2018-08-11_1007_3118,340.0,recall,2018-08-11,2,"{'3118', '1007'}"
2018-08-11_1016,825.0428573400001,recall,2018-08-11,1,{'1016'}
2018-08-11_1102,597.8571430000001,recall,2018-08-11,1,{'1102'}
2018-08-11_1103,96.427499883,recall,2018-08-11,1,{'1103'}
2018-08-11_1115,1195.7142860000001,recall,2018-08-11,1,{'1115'}
2018-08-11_1116_1124,96.427499883,recall,2018-08-11,2,"{'1124', '1116'}"
2018-08-11_1119,2332.5,recall,2018-08-11,1,{'1119'}
2018-08-11_1124,4416.2,recall,2018-08-11,1,{'1124'}
2018-08-11_2030,96.427499883,recall,2018-08-11,1,{'2030'}
2018-08-11_2544,36.75,recall,2018-08-11,1,{'2544'}
2018-08-12_1032_1122,4416.2,recall,2018-08-12,2,"{'1032', '1122'}"
2018-08-12_1116,117.9675,recall,2018-08-12,1,{'1116'}
2018-08-12_2030,96.427499883,recall,2018-08-12,1,{'2030'}
2018-08-12_3040,4416.2,recall,2018-08-12,1,{'3040'}
2018-08-13_1007_1032_2544_3118,96.427499883,recall,2018-08-13,4,"{'3118', '1007', '2544', '1032'}"
2018-08-13_1008_1016_1031_3119,96.427499883,recall,2018-08-13,4,"{'1008', '1031', '1016', '3119'}"
2018-08-13_1016_1121,340.0,recall,2018-08-13,2,"{'1121', '1016'}"
2018-08-13_2039_2522,119.0,recall,2018-08-13,2,"{'2039', '2522'}"
2018-08-13_3040_3041,4416.2,recall,2018-08-13,2,"{'3040', '3041'}"
2018-08-14_1007_1010_1011_1036_2513_2523_2539_2544_3118,96.427499883,recall,2018-08-14,9,"{'2544', '1036', '2523', '2539', '1010', '3118', '1007', '1011', '2513'}"
2018-08-14_1007_2523,96.427499883,recall,2018-08-14,2,"{'2523', '1007'}"
2018-08-14_1010,61.25,recall,2018-08-14,1,{'1010'}
2018-08-14_2523,117.9675,recall,2018-08-14,1,{'2523'}
2018-08-14_3115,41.628888918,recall,2018-08-14,1,{'3115'}
2018-08-14_3118,117.9675,recall,2018-08-14,1,{'3118'}
2018-08-15_1035,96.427499883,recall,2018-08-15,1,{'1035'}
2018-08-15_1101,96.427499883,recall,2018-08-15,1,{'1101'}
2018-08-15_1116_1124,4416.2,recall,2018-08-15,2,"{'1124', '1116'}"
2018-08-15_1119,4416.2,recall,2018-08-15,1,{'1119'}
2018-08-15_2055,4416.2,recall,2018-08-15,1,{'2055'}
2018-08-15_3077,96.427499883,recall,2018-08-15,1,{'3077'}
2018-08-15_3117,96.427499883,recall,2018-08-15,1,{'3117'}
2018-08-16_1006_1101,4416.2,recall,2018-08-16,2,"{'1101', '1006'}"
2018-08-16_1007,41.628888918,recall,2018-08-16,1,{'1007'}
2018-08-16_1016,41.628888918,recall,2018-08-16,1,{'1016'}
2018-08-16_1116_1124_2522,117.96750000000002,recall,2018-08-16,3,"{'1124', '1116', '2522'}"
2018-08-16_2523,117.9675,recall,2018-08-16,1,{'2523'}
2018-08-16_2539,49.0,recall,2018-08-16,1,{'2539'}
2018-08-16_3118,41.628888918,recall,2018-08-16,1,{'3118'}
2018-08-16_3119,41.628888918,recall,2018-08-16,1,{'3119'}
2018-08-17_1023_1028_1121,340.0,recall,2018-08-17,3,"{'1028', '1121', '1023'}"
2018-08-17_1104,340.0,recall,2018-08-17,1,{'1104'}
2018-08-17_3118,96.427499883,recall,2018-08-17,1,{'3118'}
2018-08-18_1006_1032,340.0,recall,2018-08-18,2,"{'1032', '1006'}"
2018-08-18_1007,96.427499883,recall,2018-08-18,1,{'1007'}
2018-08-18_1007_2523,96.427499883,recall,2018-08-18,2,"{'2523', '1007'}"
2018-08-18_1007_2523_3118,340.0,recall,2018-08-18,3,"{'2523', '1007', '3118'}"
2018-08-18_1023_1028_1035_1121_2522,825.0428573400001,recall,2018-08-18,5,"{'1023', '1028', '1035', '2522', '1121'}"
2018-08-18_3118,96.427499883,recall,2018-08-18,1,{'3118'}
2018-08-19_1007_2523,117.9675,recall,2018-08-19,2,"{'2523', '1007'}"
2018-08-19_1007_2523_3118,340.0,recall,2018-08-19,3,"{'2523', '1007', '3118'}"
2018-08-20_1101,2221.85472,recall,2018-08-20,1,{'1101'}
2018-08-20_1103_1119,2221.85472,recall,2018-08-20,2,"{'1103', '1119'}"
2018-08-20_1122,2221.85472,recall,2018-08-20,1,{'1122'}
2018-08-20_1124,430.5,recall,2018-08-20,1,{'1124'}
2018-08-20_2030,2221.85472,recall,2018-08-20,1,{'2030'}
2018-08-20_3040,1974.835211892,recall,2018-08-20,1,{'3040'}
2018-08-21_1035,96.427499883,recall,2018-08-21,1,{'1035'}
2018-08-21_1119,4416.2,recall,2018-08-21,1,{'1119'}
2018-08-21_1121,340.0,recall,2018-08-21,1,{'1121'}
2018-08-21_2030,96.427499883,recall,2018-08-21,1,{'2030'}
2018-08-22_1030,117.9675,recall,2018-08-22,1,{'1030'}
2018-08-22_1122,340.0,recall,2018-08-22,1,{'1122'}
2018-08-23_1101,4416.2,recall,2018-08-23,1,{'1101'}
2018-08-24_1120,340.0,recall,2018-08-24,1,{'1120'}
2018-08-24_1122,96.427499883,recall,2018-08-24,1,{'1122'}
2018-08-24_2030,96.427499883,recall,2018-08-24,1,{'2030'}
2018-08-24_2039,119.0,recall,2018-08-24,1,{'2039'}
2018-08-24_2513,96.427499883,recall,2018-08-24,1,{'2513'}
2018-08-24_2539,117.9675,recall,2018-08-24,1,{'2539'}
2018-08-25_1007_2523,340.0,recall,2018-08-25,2,"{'2523', '1007'}"
2018-08-25_1035,340.0,recall,2018-08-25,1,{'1035'}
2018-08-25_2055,4416.2,recall,2018-08-25,1,{'2055'}
2018-08-26_1007_2523,340.0,recall,2018-08-26,2,"{'2523', '1007'}"
2018-08-26_1016_1028_1102,344.0,recall,2018-08-26,3,"{'1028', '1102', '1016'}"
2018-08-26_1103_1119,4416.2,recall,2018-08-26,2,"{'1103', '1119'}"
2018-08-26_1124,340.0,recall,2018-08-26,1,{'1124'}
2018-08-26_2039,119.0,recall,2018-08-26,1,{'2039'}
2018-08-26_2522,119.0,recall,2018-08-26,1,{'2522'}
2018-08-26_2523,96.427499883,recall,2018-08-26,1,{'2523'}
2018-08-27_1007_2513,4416.2,recall,2018-08-27,2,"{'1007', '2513'}"
2018-08-27_1119,96.427499883,recall,2018-08-27,1,{'1119'}
2018-08-27_1124,340.0,recall,2018-08-27,1,{'1124'}
2018-08-27_2039,66.675,recall,2018-08-27,1,{'2039'}
2018-08-28_1007,96.427499883,recall,2018-08-28,1,{'1007'}
2018-08-28_1028,141.59999994,recall,2018-08-28,1,{'1028'}
2018-08-28_1104,141.59999994,recall,2018-08-28,1,{'1104'}
2018-08-28_1119,4416.2,recall,2018-08-28,1,{'1119'}
2018-08-28_2544,107.1974999415,recall,2018-08-28,1,{'2544'}
2018-08-29_1007_1035,96.427499883,recall,2018-08-29,2,"{'1007', '1035'}"
2018-08-29_1010,41.628888918,recall,2018-08-29,1,{'1010'}
2018-08-29_1121,141.59999994,recall,2018-08-29,1,{'1121'}
2018-08-29_2523_2544,96.427499883,recall,2018-08-29,2,"{'2523', '2544'}"
2018-08-30_2038_2039,344.0,recall,2018-08-30,2,"{'2038', '2039'}"
2018-08-31_1006_1101_1122_2055,4416.2,recall,2018-08-31,4,"{'1101', '1006', '1122', '2055'}"
2018-08-31_1016,117.9675,recall,2018-08-31,1,{'1016'}
2018-08-31_1023_1106_2522,688.0,recall,2018-08-31,3,"{'1106', '1023', '2522'}"
2018-08-31_1119,4416.2,recall,2018-08-31,1,{'1119'}
2018-08-31_2039,219.89142,recall,2018-08-31,1,{'2039'}
2018-08-31_3061,129.78374997,recall,2018-08-31,1,{'3061'}
2018-08-31_3142,344.0,recall,2018-08-31,1,{'3142'}
2018-09-01_1016,96.427499883,recall,2018-09-01,1,{'1016'}
2018-09-01_1023_1106,344.0,recall,2018-09-01,2,"{'1106', '1023'}"
2018-09-01_1035_2523_3077,96.427499883,recall,2018-09-01,3,"{'2523', '1035', '3077'}"
2018-09-01_2031,344.0,recall,2018-09-01,1,{'2031'}
2018-09-01_2055,96.427499883,recall,2018-09-01,1,{'2055'}
2018-09-01_3041_3077_3117,688.0,recall,2018-09-01,3,"{'3041', '3077', '3117'}"
2018-09-02_1023_3117,96.427499883,recall,2018-09-02,2,"{'1023', '3117'}"
2018-09-02_1103,513.22044867,recall,2018-09-02,1,{'1103'}
2018-09-02_3117,96.427499883,recall,2018-09-02,1,{'3117'}
2018-08-12_1006,0.0,zero_inferred,2018-08-12,1,{'1006'}
2018-08-21_1122,0.0,zero_inferred,2018-08-21,1,{'1122'}
2018-08-29_1032,0.0,zero_inferred,2018-08-29,1,{'1032'}
2018-08-26_2030,0.0,zero_inferred,2018-08-26,1,{'2030'}
2018-08-10_2513,0.0,zero_inferred,2018-08-10,1,{'2513'}
2018-08-31_1104,0.0,zero_inferred,2018-08-31,1,{'1104'}
2018-08-13_1101,0.0,zero_inferred,2018-08-13,1,{'1101'}
2018-08-16_1115,0.0,zero_inferred,2018-08-16,1,{'1115'}
2018-08-09_2538,0.0,zero_inferred,2018-08-09,1,{'2538'}
2018-08-25_1116,0.0,zero_inferred,2018-08-25,1,{'1116'}
2018-08-26_1008,0.0,zero_inferred,2018-08-26,1,{'1008'}
2018-08-08_1124,0.0,zero_inferred,2018-08-08,1,{'1124'}
2018-08-09_1006,0.0,zero_inferred,2018-08-09,1,{'1006'}
2018-08-23_1124,0.0,zero_inferred,2018-08-23,1,{'1124'}
2018-08-29_3117,0.0,zero_inferred,2018-08-29,1,{'3117'}
2018-08-27_1116,0.0,zero_inferred,2018-08-27,1,{'1116'}
2018-08-16_1119,0.0,zero_inferred,2018-08-16,1,{'1119'}
2018-08-25_1028,0.0,zero_inferred,2018-08-25,1,{'1028'}
2018-08-19_1030,0.0,zero_inferred,2018-08-19,1,{'1030'}
2018-07-26_3077,0.0,zero_inferred,2018-07-26,1,{'3077'}
2018-08-28_2513,0.0,zero_inferred,2018-08-28,1,{'2513'}
2018-09-01_1008,0.0,zero_inferred,2018-09-01,1,{'1008'}
2018-08-20_1032,0.0,zero_inferred,2018-08-20,1,{'1032'}
2018-08-13_2030,0.0,zero_inferred,2018-08-13,1,{'2030'}
2018-08-08_1010,0.0,zero_inferred,2018-08-08,1,{'1010'}
2018-08-27_1122,0.0,zero_inferred,2018-08-27,1,{'1122'}
2018-08-07_1101,0.0,zero_inferred,2018-08-07,1,{'1101'}
2018-08-27_1101,0.0,zero_inferred,2018-08-27,1,{'1101'}
2018-08-28_2542,0.0,zero_inferred,2018-08-28,1,{'2542'}
2018-08-18_2055,0.0,zero_inferred,2018-08-18,1,{'2055'}
2018-08-15_1023,0.0,zero_inferred,2018-08-15,1,{'1023'}
2018-08-17_3119,0.0,zero_inferred,2018-08-17,1,{'3119'}
2018-08-02_1103,0.0,zero_inferred,2018-08-02,1,{'1103'}
2018-08-11_2539,0.0,zero_inferred,2018-08-11,1,{'2539'}
2018-09-01_1011,0.0,zero_inferred,2018-09-01,1,{'1011'}
2018-07-23_1030,0.0,zero_inferred,2018-07-23,1,{'1030'}
2018-08-24_1101,0.0,zero_inferred,2018-08-24,1,{'1101'}
2018-08-11_1122,0.0,zero_inferred,2018-08-11,1,{'1122'}
2018-08-08_3142,0.0,zero_inferred,2018-08-08,1,{'3142'}
2018-08-20_1120,0.0,zero_inferred,2018-08-20,1,{'1120'}
2018-09-02_2542,0.0,zero_inferred,2018-09-02,1,{'2542'}
2018-08-21_1011,0.0,zero_inferred,2018-08-21,1,{'1011'}
2018-07-27_2523,0.0,zero_inferred,2018-07-27,1,{'2523'}
2018-08-06_3076,0.0,zero_inferred,2018-08-06,1,{'3076'}
2018-08-18_1103,0.0,zero_inferred,2018-08-18,1,{'1103'}
2018-08-26_2513,0.0,zero_inferred,2018-08-26,1,{'2513'}
2018-08-22_2544,0.0,zero_inferred,2018-08-22,1,{'2544'}
2018-07-31_1124,0.0,zero_inferred,2018-07-31,1,{'1124'}
2018-08-12_1101,0.0,zero_inferred,2018-08-12,1,{'1101'}
2018-08-27_2030,0.0,zero_inferred,2018-08-27,1,{'2030'}
2018-08-07_3041,0.0,zero_inferred,2018-08-07,1,{'3041'}
2018-08-28_1101,0.0,zero_inferred,2018-08-28,1,{'1101'}
2018-08-06_2539,0.0,zero_inferred,2018-08-06,1,{'2539'}
2018-08-22_3119,0.0,zero_inferred,2018-08-22,1,{'3119'}
2018-08-19_3119,0.0,zero_inferred,2018-08-19,1,{'3119'}
2018-08-16_1031,0.0,zero_inferred,2018-08-16,1,{'1031'}
2018-08-07_1008,0.0,zero_inferred,2018-08-07,1,{'1008'}
2018-08-05_1119,0.0,zero_inferred,2018-08-05,1,{'1119'}
2018-08-25_1031,0.0,zero_inferred,2018-08-25,1,{'1031'}
2018-08-15_1122,0.0,zero_inferred,2018-08-15,1,{'1122'}
2018-07-27_1016,0.0,zero_inferred,2018-07-27,1,{'1016'}
2018-08-23_3117,0.0,zero_inferred,2018-08-23,1,{'3117'}
2018-08-07_3118,0.0,zero_inferred,2018-08-07,1,{'3118'}
2018-08-07_1011,0.0,zero_inferred,2018-08-07,1,{'1011'}
2018-08-24_1008,0.0,zero_inferred,2018-08-24,1,{'1008'}
2018-08-20_1030,0.0,zero_inferred,2018-08-20,1,{'1030'}
2018-08-21_1124,0.0,zero_inferred,2018-08-21,1,{'1124'}
2018-08-13_2513,0.0,zero_inferred,2018-08-13,1,{'2513'}
2018-08-18_3119,0.0,zero_inferred,2018-08-18,1,{'3119'}
2018-08-12_3041,0.0,zero_inferred,2018-08-12,1,{'3041'}
2018-08-24_1007,0.0,zero_inferred,2018-08-24,1,{'1007'}
2018-08-08_1035,0.0,zero_inferred,2018-08-08,1,{'1035'}
2018-07-24_1010,0.0,zero_inferred,2018-07-24,1,{'1010'}
2018-08-30_2030,0.0,zero_inferred,2018-08-30,1,{'2030'}
2018-08-04_1103,0.0,zero_inferred,2018-08-04,1,{'1103'}
2018-08-11_1011,0.0,zero_inferred,2018-08-11,1,{'1011'}
2018-08-17_3040,0.0,zero_inferred,2018-08-17,1,{'3040'}
2018-08-03_2038,0.0,zero_inferred,2018-08-03,1,{'2038'}
2018-07-29_1103,0.0,zero_inferred,2018-07-29,1,{'1103'}
2018-08-22_1006,0.0,zero_inferred,2018-08-22,1,{'1006'}
2018-07-29_1032,0.0,zero_inferred,2018-07-29,1,{'1032'}
2018-09-01_3061,0.0,zero_inferred,2018-09-01,1,{'3061'}
2018-08-03_2542,0.0,zero_inferred,2018-08-03,1,{'2542'}
2018-08-14_1006,0.0,zero_inferred,2018-08-14,1,{'1006'}
2018-08-26_1032,0.0,zero_inferred,2018-08-26,1,{'1032'}
2018-07-23_1031,0.0,zero_inferred,2018-07-23,1,{'1031'}
2018-08-17_2038,0.0,zero_inferred,2018-08-17,1,{'2038'}
2018-07-31_1103,0.0,zero_inferred,2018-07-31,1,{'1103'}
2018-08-21_1102,0.0,zero_inferred,2018-08-21,1,{'1102'}
2018-08-25_2513,0.0,zero_inferred,2018-08-25,1,{'2513'}
2018-07-25_1016,0.0,zero_inferred,2018-07-25,1,{'1016'}
2018-07-31_1032,0.0,zero_inferred,2018-07-31,1,{'1032'}
2018-08-16_2038,0.0,zero_inferred,2018-08-16,1,{'2038'}
2018-08-16_2542,0.0,zero_inferred,2018-08-16,1,{'2542'}
2018-08-13_2539,0.0,zero_inferred,2018-08-13,1,{'2539'}
2018-08-13_1122,0.0,zero_inferred,2018-08-13,1,{'1122'}
2018-08-29_2538,0.0,zero_inferred,2018-08-29,1,{'2538'}
2018-08-31_1032,0.0,zero_inferred,2018-08-31,1,{'1032'}
2018-08-18_1120,0.0,zero_inferred,2018-08-18,1,{'1120'}
2018-08-09_1007,0.0,zero_inferred,2018-08-09,1,{'1007'}
2018-08-20_3119,0.0,zero_inferred,2018-08-20,1,{'3119'}
2018-08-29_1120,0.0,zero_inferred,2018-08-29,1,{'1120'}
2018-08-07_1016,0.0,zero_inferred,2018-08-07,1,{'1016'}
2018-08-29_1006,0.0,zero_inferred,2018-08-29,1,{'1006'}
2018-08-21_1032,0.0,zero_inferred,2018-08-21,1,{'1032'}
2018-07-30_1030,0.0,zero_inferred,2018-07-30,1,{'1030'}
2018-08-16_1036,0.0,zero_inferred,2018-08-16,1,{'1036'}
2018-08-10_1010,0.0,zero_inferred,2018-08-10,1,{'1010'}
2018-08-14_1030,0.0,zero_inferred,2018-08-14,1,{'1030'}
2018-08-30_2513,0.0,zero_inferred,2018-08-30,1,{'2513'}
2018-08-19_1116,0.0,zero_inferred,2018-08-19,1,{'1116'}
2018-08-10_1102,0.0,zero_inferred,2018-08-10,1,{'1102'}
2018-07-26_1030,0.0,zero_inferred,2018-07-26,1,{'1030'}
2018-08-21_3117,0.0,zero_inferred,2018-08-21,1,{'3117'}
2018-08-25_1101,0.0,zero_inferred,2018-08-25,1,{'1101'}
2018-08-11_1010,0.0,zero_inferred,2018-08-11,1,{'1010'}
2018-08-18_2038,0.0,zero_inferred,2018-08-18,1,{'2038'}
2018-09-02_1124,0.0,zero_inferred,2018-09-02,1,{'1124'}
2018-08-09_2513,0.0,zero_inferred,2018-08-09,1,{'2513'}
2018-08-18_1030,0.0,zero_inferred,2018-08-18,1,{'1030'}
2018-08-10_1101,0.0,zero_inferred,2018-08-10,1,{'1101'}
2018-08-19_2539,0.0,zero_inferred,2018-08-19,1,{'2539'}
2018-08-29_2038,0.0,zero_inferred,2018-08-29,1,{'2038'}
2018-08-13_1035,0.0,zero_inferred,2018-08-13,1,{'1035'}
2018-08-09_2542,0.0,zero_inferred,2018-08-09,1,{'2542'}
2018-08-07_1103,0.0,zero_inferred,2018-08-07,1,{'1103'}
2018-08-06_1010,0.0,zero_inferred,2018-08-06,1,{'1010'}
2018-08-16_3041,0.0,zero_inferred,2018-08-16,1,{'3041'}
2018-08-10_1032,0.0,zero_inferred,2018-08-10,1,{'1032'}
2018-08-10_1103,0.0,zero_inferred,2018-08-10,1,{'1103'}
2018-08-28_3061,0.0,zero_inferred,2018-08-28,1,{'3061'}
2018-08-21_2055,0.0,zero_inferred,2018-08-21,1,{'2055'}
2018-07-23_1101,0.0,zero_inferred,2018-07-23,1,{'1101'}
2018-08-31_1115,0.0,zero_inferred,2018-08-31,1,{'1115'}
2018-08-13_2523,0.0,zero_inferred,2018-08-13,1,{'2523'}
2018-08-16_1008,0.0,zero_inferred,2018-08-16,1,{'1008'}
2018-09-02_3061,0.0,zero_inferred,2018-09-02,1,{'3061'}
2018-07-23_1104,0.0,zero_inferred,2018-07-23,1,{'1104'}
2018-08-09_1122,0.0,zero_inferred,2018-08-09,1,{'1122'}
2018-08-23_1120,0.0,zero_inferred,2018-08-23,1,{'1120'}
2018-08-23_1006,0.0,zero_inferred,2018-08-23,1,{'1006'}
2018-08-11_3117,0.0,zero_inferred,2018-08-11,1,{'3117'}
2018-07-28_1101,0.0,zero_inferred,2018-07-28,1,{'1101'}
2018-07-31_2544,0.0,zero_inferred,2018-07-31,1,{'2544'}
2018-08-05_2538,0.0,zero_inferred,2018-08-05,1,{'2538'}
2018-08-20_2039,0.0,zero_inferred,2018-08-20,1,{'2039'}
2018-08-02_2038,0.0,zero_inferred,2018-08-02,1,{'2038'}
2018-08-19_1008,0.0,zero_inferred,2018-08-19,1,{'1008'}
2018-08-03_2513,0.0,zero_inferred,2018-08-03,1,{'2513'}
2018-08-18_2030,0.0,zero_inferred,2018-08-18,1,{'2030'}
2018-08-19_1011,0.0,zero_inferred,2018-08-19,1,{'1011'}
2018-08-29_2030,0.0,zero_inferred,2018-08-29,1,{'2030'}
2018-07-26_1031,0.0,zero_inferred,2018-07-26,1,{'1031'}
2018-08-20_2539,0.0,zero_inferred,2018-08-20,1,{'2539'}
2018-08-13_1010,0.0,zero_inferred,2018-08-13,1,{'1010'}
2018-08-11_2055,0.0,zero_inferred,2018-08-11,1,{'2055'}
2018-07-28_3041,0.0,zero_inferred,2018-07-28,1,{'3041'}
2018-08-25_1124,0.0,zero_inferred,2018-08-25,1,{'1124'}
2018-08-23_1115,0.0,zero_inferred,2018-08-23,1,{'1115'}
2018-08-09_3118,0.0,zero_inferred,2018-08-09,1,{'3118'}
2018-08-05_2038,0.0,zero_inferred,2018-08-05,1,{'2038'}
2018-07-31_1006,0.0,zero_inferred,2018-07-31,1,{'1006'}
2018-08-28_2055,0.0,zero_inferred,2018-08-28,1,{'2055'}
2018-08-18_1106,0.0,zero_inferred,2018-08-18,1,{'1106'}
2018-08-09_1011,0.0,zero_inferred,2018-08-09,1,{'1011'}
2018-09-01_1032,0.0,zero_inferred,2018-09-01,1,{'1032'}
2018-08-16_1010,0.0,zero_inferred,2018-08-16,1,{'1010'}
2018-09-01_2538,0.0,zero_inferred,2018-09-01,1,{'2538'}
2018-08-15_3040,0.0,zero_inferred,2018-08-15,1,{'3040'}
2018-08-16_1103,0.0,zero_inferred,2018-08-16,1,{'1103'}
2018-08-17_1122,0.0,zero_inferred,2018-08-17,1,{'1122'}
2018-07-24_1006,0.0,zero_inferred,2018-07-24,1,{'1006'}
2018-08-06_1030,0.0,zero_inferred,2018-08-06,1,{'1030'}
2018-08-13_1103,0.0,zero_inferred,2018-08-13,1,{'1103'}
2018-08-02_2030,0.0,zero_inferred,2018-08-02,1,{'2030'}
2018-08-01_2038,0.0,zero_inferred,2018-08-01,1,{'2038'}
2018-08-27_2544,0.0,zero_inferred,2018-08-27,1,{'2544'}
2018-08-24_1010,0.0,zero_inferred,2018-08-24,1,{'1010'}
2018-08-03_1103,0.0,zero_inferred,2018-08-03,1,{'1103'}
2018-08-19_1016,0.0,zero_inferred,2018-08-19,1,{'1016'}
2018-08-18_1119,0.0,zero_inferred,2018-08-18,1,{'1119'}
2018-08-21_1006,0.0,zero_inferred,2018-08-21,1,{'1006'}
2018-08-07_3119,0.0,zero_inferred,2018-08-07,1,{'3119'}
2018-08-04_1030,0.0,zero_inferred,2018-08-04,1,{'1030'}
2018-07-29_2038,0.0,zero_inferred,2018-07-29,1,{'2038'}
2018-08-19_1010,0.0,zero_inferred,2018-08-19,1,{'1010'}
2018-08-24_2544,0.0,zero_inferred,2018-08-24,1,{'2544'}
2018-08-12_1124,0.0,zero_inferred,2018-08-12,1,{'1124'}
2018-08-13_3117,0.0,zero_inferred,2018-08-13,1,{'3117'}
2018-08-18_2513,0.0,zero_inferred,2018-08-18,1,{'2513'}
2018-08-20_1007,0.0,zero_inferred,2018-08-20,1,{'1007'}
2018-07-31_2038,0.0,zero_inferred,2018-07-31,1,{'2038'}
2018-08-26_2038,0.0,zero_inferred,2018-08-26,1,{'2038'}
2018-08-28_1031,0.0,zero_inferred,2018-08-28,1,{'1031'}
2018-08-02_1031,0.0,zero_inferred,2018-08-02,1,{'1031'}
2018-08-19_1102,0.0,zero_inferred,2018-08-19,1,{'1102'}
2018-08-09_1124,0.0,zero_inferred,2018-08-09,1,{'1124'}
2018-08-25_1032,0.0,zero_inferred,2018-08-25,1,{'1032'}
2018-08-14_1101,0.0,zero_inferred,2018-08-14,1,{'1101'}
2018-08-01_2539,0.0,zero_inferred,2018-08-01,1,{'2539'}
2018-07-28_1124,0.0,zero_inferred,2018-07-28,1,{'1124'}
2018-08-22_1101,0.0,zero_inferred,2018-08-22,1,{'1101'}
2018-08-01_1122,0.0,zero_inferred,2018-08-01,1,{'1122'}
2018-08-26_1030,0.0,zero_inferred,2018-08-26,1,{'1030'}
2018-08-27_1032,0.0,zero_inferred,2018-08-27,1,{'1032'}
2018-08-31_2038,0.0,zero_inferred,2018-08-31,1,{'2038'}
2018-07-24_1030,0.0,zero_inferred,2018-07-24,1,{'1030'}
2018-07-29_2030,0.0,zero_inferred,2018-07-29,1,{'2030'}
2018-08-09_1010,0.0,zero_inferred,2018-08-09,1,{'1010'}
2018-08-19_1104,0.0,zero_inferred,2018-08-19,1,{'1104'}
2018-09-02_2544,0.0,zero_inferred,2018-09-02,1,{'2544'}
2018-08-13_2055,0.0,zero_inferred,2018-08-13,1,{'2055'}
2018-08-11_1031,0.0,zero_inferred,2018-08-11,1,{'1031'}
2018-08-18_1101,0.0,zero_inferred,2018-08-18,1,{'1101'}
2018-08-08_1031,0.0,zero_inferred,2018-08-08,1,{'1031'}
2018-08-21_1030,0.0,zero_inferred,2018-08-21,1,{'1030'}
2018-08-29_1122,0.0,zero_inferred,2018-08-29,1,{'1122'}
2018-07-23_1119,0.0,zero_inferred,2018-07-23,1,{'1119'}
2018-08-30_1032,0.0,zero_inferred,2018-08-30,1,{'1032'}
2018-08-30_1103,0.0,zero_inferred,2018-08-30,1,{'1103'}
2018-08-27_3040,0.0,zero_inferred,2018-08-27,1,{'3040'}
2018-08-06_1031,0.0,zero_inferred,2018-08-06,1,{'1031'}
2018-08-10_3040,0.0,zero_inferred,2018-08-10,1,{'3040'}
2018-08-20_1010,0.0,zero_inferred,2018-08-20,1,{'1010'}
2018-08-28_1006,0.0,zero_inferred,2018-08-28,1,{'1006'}
2018-07-26_1008,0.0,zero_inferred,2018-07-26,1,{'1008'}
2018-08-27_2055,0.0,zero_inferred,2018-08-27,1,{'2055'}
2018-08-01_1011,0.0,zero_inferred,2018-08-01,1,{'1011'}
2018-08-01_1007,0.0,zero_inferred,2018-08-01,1,{'1007'}
2018-08-17_2513,0.0,zero_inferred,2018-08-17,1,{'2513'}
2018-08-24_2055,0.0,zero_inferred,2018-08-24,1,{'2055'}
2018-08-10_2038,0.0,zero_inferred,2018-08-10,1,{'2038'}
2018-07-31_1008,0.0,zero_inferred,2018-07-31,1,{'1008'}
2018-08-18_1008,0.0,zero_inferred,2018-08-18,1,{'1008'}
2018-08-15_1006,0.0,zero_inferred,2018-08-15,1,{'1006'}
2018-08-08_2542,0.0,zero_inferred,2018-08-08,1,{'2542'}
2018-08-02_1122,0.0,zero_inferred,2018-08-02,1,{'1122'}
2018-08-29_1008,0.0,zero_inferred,2018-08-29,1,{'1008'}
2018-08-02_1101,0.0,zero_inferred,2018-08-02,1,{'1101'}
2018-08-07_2547,0.0,zero_inferred,2018-08-07,1,{'2547'}
2018-08-05_2542,0.0,zero_inferred,2018-08-05,1,{'2542'}
2018-08-30_2055,0.0,zero_inferred,2018-08-30,1,{'2055'}
2018-08-20_2031,0.0,zero_inferred,2018-08-20,1,{'2031'}
2018-08-12_1030,0.0,zero_inferred,2018-08-12,1,{'1030'}
2018-08-31_1031,0.0,zero_inferred,2018-08-31,1,{'1031'}
2018-08-14_1124,0.0,zero_inferred,2018-08-14,1,{'1124'}
2018-08-06_2038,0.0,zero_inferred,2018-08-06,1,{'2038'}
2018-08-13_1009,0.0,zero_inferred,2018-08-13,1,{'1009'}
2018-08-28_1030,0.0,zero_inferred,2018-08-28,1,{'1030'}
2018-08-08_2539,0.0,zero_inferred,2018-08-08,1,{'2539'}
2018-08-08_1122,0.0,zero_inferred,2018-08-08,1,{'1122'}
2018-08-11_1101,0.0,zero_inferred,2018-08-11,1,{'1101'}
2018-08-20_3117,0.0,zero_inferred,2018-08-20,1,{'3117'}
2018-08-15_2038,0.0,zero_inferred,2018-08-15,1,{'2038'}
2018-08-09_1030,0.0,zero_inferred,2018-08-09,1,{'1030'}
2018-07-29_3076,0.0,zero_inferred,2018-07-29,1,{'3076'}
2018-08-19_2544,0.0,zero_inferred,2018-08-19,1,{'2544'}
2018-08-16_1009,0.0,zero_inferred,2018-08-16,1,{'1009'}
2018-07-27_2513,0.0,zero_inferred,2018-07-27,1,{'2513'}
2018-08-26_2542,0.0,zero_inferred,2018-08-26,1,{'2542'}
2018-08-16_1032,0.0,zero_inferred,2018-08-16,1,{'1032'}
2018-07-31_3076,0.0,zero_inferred,2018-07-31,1,{'3076'}
2018-07-25_1006,0.0,zero_inferred,2018-07-25,1,{'1006'}
2018-08-15_1036,0.0,zero_inferred,2018-08-15,1,{'1036'}
2018-07-26_1102,0.0,zero_inferred,2018-07-26,1,{'1102'}
2018-09-01_2542,0.0,zero_inferred,2018-09-01,1,{'2542'}
2018-08-07_1007,0.0,zero_inferred,2018-08-07,1,{'1007'}
2018-09-01_2039,0.0,zero_inferred,2018-09-01,1,{'2039'}
2018-08-10_1007,0.0,zero_inferred,2018-08-10,1,{'1007'}
2018-08-22_1032,0.0,zero_inferred,2018-08-22,1,{'1032'}
2018-08-14_1032,0.0,zero_inferred,2018-08-14,1,{'1032'}
2018-08-18_1102,0.0,zero_inferred,2018-08-18,1,{'1102'}
2018-08-08_3118,0.0,zero_inferred,2018-08-08,1,{'3118'}
2018-08-27_1006,0.0,zero_inferred,2018-08-27,1,{'1006'}
2018-08-26_1101,0.0,zero_inferred,2018-08-26,1,{'1101'}
2018-08-08_1007,0.0,zero_inferred,2018-08-08,1,{'1007'}
2018-08-01_1103,0.0,zero_inferred,2018-08-01,1,{'1103'}
2018-07-26_1119,0.0,zero_inferred,2018-07-26,1,{'1119'}
2018-08-16_3040,0.0,zero_inferred,2018-08-16,1,{'3040'}
2018-09-01_2539,0.0,zero_inferred,2018-09-01,1,{'2539'}
2018-08-17_2055,0.0,zero_inferred,2018-08-17,1,{'2055'}
2018-08-02_1124,0.0,zero_inferred,2018-08-02,1,{'1124'}
2018-09-01_1101,0.0,zero_inferred,2018-09-01,1,{'1101'}
2018-08-16_2055,0.0,zero_inferred,2018-08-16,1,{'2055'}
