id,date,total.minutes
1006,2018-07-23,150.0
1006,2018-07-24,100.0
1006,2018-07-25,103.0
1006,2018-07-26,165.0
1006,2018-07-27,367.0
1006,2018-07-28,164.0
1006,2018-07-29,136.0
1006,2018-07-30,0.0
1006,2018-07-31,147.0
1006,2018-08-01,307.0
1006,2018-08-02,111.0
1006,2018-08-03,266.0
1006,2018-08-04,18.0
1006,2018-08-05,14.0
1006,2018-08-06,429.0
1006,2018-08-07,369.0
1006,2018-08-08,0.0
1006,2018-08-09,349.0
1006,2018-08-10,219.0
1006,2018-08-11,47.0
1006,2018-08-12,24.0
1006,2018-08-13,216.0
1006,2018-08-14,212.0
1006,2018-08-15,272.0
1006,2018-08-16,420.0
1006,2018-08-17,34.0
1006,2018-08-18,199.0
1006,2018-08-19,
1006,2018-08-20,205.0
1006,2018-08-21,279.0
1006,2018-08-22,37.0
1006,2018-08-23,371.0
1006,2018-08-24,449.0
1006,2018-08-25,0.0
1006,2018-08-26,0.0
1006,2018-08-27,174.0
1006,2018-08-28,519.0
1006,2018-08-29,362.0
1006,2018-08-30,0.0
1006,2018-08-31,209.0
1006,2018-09-01,0.0
1006,2018-09-02,0.0
1007,2018-07-23,132.0
1007,2018-07-24,203.0
1007,2018-07-25,162.0
1007,2018-07-26,109.0
1007,2018-07-27,19.0
1007,2018-07-28,177.0
1007,2018-07-29,144.0
1007,2018-07-30,24.0
1007,2018-07-31,25.0
1007,2018-08-01,25.0
1007,2018-08-02,56.0
1007,2018-08-03,174.0
1007,2018-08-04,135.0
1007,2018-08-05,124.0
1007,2018-08-06,153.0
1007,2018-08-07,51.0
1007,2018-08-08,79.0
1007,2018-08-09,209.0
1007,2018-08-10,261.0
1007,2018-08-11,322.0
1007,2018-08-12,0.0
1007,2018-08-13,173.0
1007,2018-08-14,250.0
1007,2018-08-15,
1007,2018-08-16,172.0
1007,2018-08-17,15.0
1007,2018-08-18,329.0
1007,2018-08-19,262.0
1007,2018-08-20,426.0
1007,2018-08-21,297.0
1007,2018-08-22,0.0
1007,2018-08-23,484.0
1007,2018-08-24,384.0
1007,2018-08-25,202.0
1007,2018-08-26,289.0
1007,2018-08-27,204.0
1007,2018-08-28,235.0
1007,2018-08-29,241.0
1007,2018-08-30,199.0
1007,2018-08-31,147.0
1007,2018-09-01,412.0
1007,2018-09-02,599.0
1008,2018-07-23,121.0
1008,2018-07-24,67.0
1008,2018-07-25,48.0
1008,2018-07-26,13.0
1008,2018-07-27,0.0
1008,2018-07-28,55.0
1008,2018-07-29,1.0
1008,2018-07-30,35.0
1008,2018-07-31,31.0
1008,2018-08-01,25.0
1008,2018-08-02,66.0
1008,2018-08-03,36.0
1008,2018-08-04,0.0
1008,2018-08-05,44.0
1008,2018-08-06,15.0
1008,2018-08-07,9.0
1008,2018-08-08,0.0
1008,2018-08-09,28.0
1008,2018-08-10,0.0
1008,2018-08-11,21.0
1008,2018-08-12,0.0
1008,2018-08-13,33.0
1008,2018-08-14,22.0
1008,2018-08-15,0.0
1008,2018-08-16,150.0
1008,2018-08-17,0.0
1008,2018-08-18,55.0
1008,2018-08-19,32.0
1008,2018-08-20,0.0
1008,2018-08-21,297.0
1008,2018-08-22,62.0
1008,2018-08-23,0.0
1008,2018-08-24,5.0
1008,2018-08-25,0.0
1008,2018-08-26,23.0
1008,2018-08-27,0.0
1008,2018-08-28,527.0
1008,2018-08-29,261.0
1008,2018-08-30,0.0
1008,2018-08-31,0.0
1008,2018-09-01,102.0
1008,2018-09-02,156.0
1009,2018-07-23,59.0
1009,2018-07-24,53.0
1009,2018-07-25,0.0
1009,2018-07-26,70.0
1009,2018-07-27,0.0
1009,2018-07-28,10.0
1009,2018-07-29,0.0
1009,2018-07-30,42.0
1009,2018-07-31,0.0
1009,2018-08-01,424.0
1009,2018-08-02,379.0
1009,2018-08-03,23.0
1009,2018-08-04,0.0
1009,2018-08-05,26.0
1009,2018-08-06,0.0
1009,2018-08-07,0.0
1009,2018-08-08,0.0
1009,2018-08-09,81.0
1009,2018-08-10,0.0
1009,2018-08-11,13.0
1009,2018-08-12,0.0
1009,2018-08-13,34.0
1009,2018-08-14,1.0
1009,2018-08-15,0.0
1009,2018-08-16,340.0
1009,2018-08-17,3.0
1009,2018-08-18,39.0
1009,2018-08-19,2.0
1009,2018-08-20,0.0
1009,2018-08-21,0.0
1009,2018-08-22,76.0
1009,2018-08-23,0.0
1009,2018-08-24,0.0
1009,2018-08-25,3.0
1009,2018-08-26,0.0
1009,2018-08-27,0.0
1009,2018-08-28,29.0
1009,2018-08-29,177.0
1009,2018-08-30,0.0
1009,2018-08-31,0.0
1009,2018-09-01,0.0
1009,2018-09-02,188.0
1010,2018-07-23,121.0
1010,2018-07-24,164.0
1010,2018-07-25,149.0
1010,2018-07-26,174.0
1010,2018-07-27,246.0
1010,2018-07-28,88.0
1010,2018-07-29,132.0
1010,2018-07-30,60.0
1010,2018-07-31,99.0
1010,2018-08-01,41.0
1010,2018-08-02,21.0
1010,2018-08-03,227.0
1010,2018-08-04,150.0
1010,2018-08-05,81.0
1010,2018-08-06,133.0
1010,2018-08-07,523.0
1010,2018-08-08,92.0
1010,2018-08-09,246.0
1010,2018-08-10,56.0
1010,2018-08-11,164.0
1010,2018-08-12,0.0
1010,2018-08-13,32.0
1010,2018-08-14,130.0
1010,2018-08-15,0.0
1010,2018-08-16,92.0
1010,2018-08-17,63.0
1010,2018-08-18,424.0
1010,2018-08-19,364.0
1010,2018-08-20,235.0
1010,2018-08-21,297.0
1010,2018-08-22,63.0
1010,2018-08-23,485.0
1010,2018-08-24,6.0
1010,2018-08-25,112.0
1010,2018-08-26,180.0
1010,2018-08-27,65.0
1010,2018-08-28,221.0
1010,2018-08-29,444.0
1010,2018-08-30,112.0
1010,2018-08-31,0.0
1010,2018-09-01,284.0
1010,2018-09-02,234.0
1011,2018-07-23,36.0
1011,2018-07-24,163.0
1011,2018-07-25,29.0
1011,2018-07-26,74.0
1011,2018-07-27,0.0
1011,2018-07-28,84.0
1011,2018-07-29,0.0
1011,2018-07-30,60.0
1011,2018-07-31,0.0
1011,2018-08-01,2.0
1011,2018-08-02,100.0
1011,2018-08-03,108.0
1011,2018-08-04,8.0
1011,2018-08-05,26.0
1011,2018-08-06,0.0
1011,2018-08-07,46.0
1011,2018-08-08,0.0
1011,2018-08-09,55.0
1011,2018-08-10,0.0
1011,2018-08-11,68.0
1011,2018-08-12,0.0
1011,2018-08-13,0.0
1011,2018-08-14,34.0
1011,2018-08-15,0.0
1011,2018-08-16,0.0
1011,2018-08-17,0.0
1011,2018-08-18,0.0
1011,2018-08-19,29.0
1011,2018-08-20,0.0
1011,2018-08-21,4.0
1011,2018-08-22,2.0
1011,2018-08-23,0.0
1011,2018-08-24,0.0
1011,2018-08-25,0.0
1011,2018-08-26,22.0
1011,2018-08-27,0.0
1011,2018-08-28,28.0
1011,2018-08-29,133.0
1011,2018-08-30,0.0
1011,2018-08-31,0.0
1011,2018-09-01,23.0
1011,2018-09-02,0.0
1016,2018-07-23,137.0
1016,2018-07-24,118.0
1016,2018-07-25,130.0
1016,2018-07-26,107.0
1016,2018-07-27,227.0
1016,2018-07-28,238.0
1016,2018-07-29,0.0
1016,2018-07-30,0.0
1016,2018-07-31,123.0
1016,2018-08-01,439.0
1016,2018-08-02,66.0
1016,2018-08-03,36.0
1016,2018-08-04,161.0
1016,2018-08-05,88.0
1016,2018-08-06,300.0
1016,2018-08-07,9.0
1016,2018-08-08,0.0
1016,2018-08-09,28.0
1016,2018-08-10,0.0
1016,2018-08-11,465.0
1016,2018-08-12,0.0
1016,2018-08-13,42.0
1016,2018-08-14,502.0
1016,2018-08-15,0.0
1016,2018-08-16,355.0
1016,2018-08-17,312.0
1016,2018-08-18,473.0
1016,2018-08-19,291.0
1016,2018-08-20,299.0
1016,2018-08-21,297.0
1016,2018-08-22,461.0
1016,2018-08-23,484.0
1016,2018-08-24,406.0
1016,2018-08-25,171.0
1016,2018-08-26,388.0
1016,2018-08-27,418.0
1016,2018-08-28,446.0
1016,2018-08-29,131.0
1016,2018-08-30,22.0
1016,2018-08-31,522.0
1016,2018-09-01,410.0
1016,2018-09-02,156.0
1023,2018-07-23,
1023,2018-07-24,
1023,2018-07-25,
1023,2018-07-26,
1023,2018-07-27,
1023,2018-07-28,
1023,2018-07-29,
1023,2018-07-30,
1023,2018-07-31,
1023,2018-08-01,
1023,2018-08-02,
1023,2018-08-03,
1023,2018-08-04,
1023,2018-08-05,
1023,2018-08-06,0.0
1023,2018-08-07,351.0
1023,2018-08-08,
1023,2018-08-09,85.0
1023,2018-08-10,321.0
1023,2018-08-11,466.0
1023,2018-08-12,0.0
1023,2018-08-13,454.0
1023,2018-08-14,0.0
1023,2018-08-15,166.0
1023,2018-08-16,469.0
1023,2018-08-17,303.0
1023,2018-08-18,0.0
1023,2018-08-19,88.0
1023,2018-08-20,522.0
1023,2018-08-21,0.0
1023,2018-08-22,564.0
1023,2018-08-23,392.0
1023,2018-08-24,173.0
1023,2018-08-25,230.0
1023,2018-08-26,0.0
1023,2018-08-27,83.0
1023,2018-08-28,402.0
1023,2018-08-29,544.0
1023,2018-08-30,192.0
1023,2018-08-31,274.0
1023,2018-09-01,456.0
1023,2018-09-02,488.0
1028,2018-07-23,
1028,2018-07-24,
1028,2018-07-25,
1028,2018-07-26,
1028,2018-07-27,
1028,2018-07-28,
1028,2018-07-29,
1028,2018-07-30,
1028,2018-07-31,
1028,2018-08-01,
1028,2018-08-02,
1028,2018-08-03,
1028,2018-08-04,
1028,2018-08-05,0.0
1028,2018-08-06,435.0
1028,2018-08-07,395.0
1028,2018-08-08,74.0
1028,2018-08-09,555.0
1028,2018-08-10,0.0
1028,2018-08-11,466.0
1028,2018-08-12,0.0
1028,2018-08-13,454.0
1028,2018-08-14,0.0
1028,2018-08-15,506.0
1028,2018-08-16,291.0
1028,2018-08-17,303.0
1028,2018-08-18,0.0
1028,2018-08-19,245.0
1028,2018-08-20,522.0
1028,2018-08-21,0.0
1028,2018-08-22,176.0
1028,2018-08-23,339.0
1028,2018-08-24,414.0
1028,2018-08-25,247.0
1028,2018-08-26,388.0
1028,2018-08-27,83.0
1028,2018-08-28,446.0
1028,2018-08-29,544.0
1028,2018-08-30,51.0
1028,2018-08-31,443.0
1028,2018-09-01,335.0
1028,2018-09-02,488.0
1030,2018-07-23,218.0
1030,2018-07-24,169.0
1030,2018-07-25,54.0
1030,2018-07-26,93.0
1030,2018-07-27,0.0
1030,2018-07-28,4.0
1030,2018-07-29,0.0
1030,2018-07-30,557.0
1030,2018-07-31,0.0
1030,2018-08-01,19.0
1030,2018-08-02,289.0
1030,2018-08-03,152.0
1030,2018-08-04,2.0
1030,2018-08-05,224.0
1030,2018-08-06,237.0
1030,2018-08-07,548.0
1030,2018-08-08,53.0
1030,2018-08-09,106.0
1030,2018-08-10,0.0
1030,2018-08-11,338.0
1030,2018-08-12,126.0
1030,2018-08-13,0.0
1030,2018-08-14,103.0
1030,2018-08-15,0.0
1030,2018-08-16,88.0
1030,2018-08-17,0.0
1030,2018-08-18,36.0
1030,2018-08-19,319.0
1030,2018-08-20,89.0
1030,2018-08-21,276.0
1030,2018-08-22,326.0
1030,2018-08-23,485.0
1030,2018-08-24,419.0
1030,2018-08-25,0.0
1030,2018-08-26,134.0
1030,2018-08-27,0.0
1030,2018-08-28,495.0
1030,2018-08-29,164.0
1030,2018-08-30,219.0
1030,2018-08-31,379.0
1030,2018-09-01,179.0
1030,2018-09-02,416.0
1031,2018-07-23,1.0
1031,2018-07-24,569.0
1031,2018-07-25,0.0
1031,2018-07-26,30.0
1031,2018-07-27,0.0
1031,2018-07-28,10.0
1031,2018-07-29,0.0
1031,2018-07-30,42.0
1031,2018-07-31,0.0
1031,2018-08-01,25.0
1031,2018-08-02,296.0
1031,2018-08-03,16.0
1031,2018-08-04,0.0
1031,2018-08-05,26.0
1031,2018-08-06,158.0
1031,2018-08-07,0.0
1031,2018-08-08,11.0
1031,2018-08-09,294.0
1031,2018-08-10,0.0
1031,2018-08-11,73.0
1031,2018-08-12,0.0
1031,2018-08-13,112.0
1031,2018-08-14,1.0
1031,2018-08-15,0.0
1031,2018-08-16,118.0
1031,2018-08-17,3.0
1031,2018-08-18,38.0
1031,2018-08-19,206.0
1031,2018-08-20,0.0
1031,2018-08-21,0.0
1031,2018-08-22,326.0
1031,2018-08-23,0.0
1031,2018-08-24,0.0
1031,2018-08-25,163.0
1031,2018-08-26,0.0
1031,2018-08-27,0.0
1031,2018-08-28,495.0
1031,2018-08-29,190.0
1031,2018-08-30,0.0
1031,2018-08-31,324.0
1031,2018-09-01,125.0
1031,2018-09-02,188.0
1032,2018-07-23,120.0
1032,2018-07-24,130.0
1032,2018-07-25,217.0
1032,2018-07-26,167.0
1032,2018-07-27,91.0
1032,2018-07-28,135.0
1032,2018-07-29,136.0
1032,2018-07-30,350.0
1032,2018-07-31,147.0
1032,2018-08-01,53.0
1032,2018-08-02,17.0
1032,2018-08-03,267.0
1032,2018-08-04,296.0
1032,2018-08-05,60.0
1032,2018-08-06,413.0
1032,2018-08-07,334.0
1032,2018-08-08,0.0
1032,2018-08-09,169.0
1032,2018-08-10,358.0
1032,2018-08-11,103.0
1032,2018-08-12,308.0
1032,2018-08-13,143.0
1032,2018-08-14,190.0
1032,2018-08-15,196.0
1032,2018-08-16,114.0
1032,2018-08-17,0.0
1032,2018-08-18,214.0
1032,2018-08-19,
1032,2018-08-20,137.0
1032,2018-08-21,278.0
1032,2018-08-22,144.0
1032,2018-08-23,371.0
1032,2018-08-24,449.0
1032,2018-08-25,2.0
1032,2018-08-26,157.0
1032,2018-08-27,174.0
1032,2018-08-28,262.0
1032,2018-08-29,281.0
1032,2018-08-30,72.0
1032,2018-08-31,324.0
1032,2018-09-01,24.0
1032,2018-09-02,0.0
1035,2018-07-23,
1035,2018-07-24,
1035,2018-07-25,
1035,2018-07-26,
1035,2018-07-27,
1035,2018-07-28,
1035,2018-07-29,0.0
1035,2018-07-30,0.0
1035,2018-07-31,132.0
1035,2018-08-01,435.0
1035,2018-08-02,93.0
1035,2018-08-03,435.0
1035,2018-08-04,0.0
1035,2018-08-05,0.0
1035,2018-08-06,263.0
1035,2018-08-07,87.0
1035,2018-08-08,37.0
1035,2018-08-09,0.0
1035,2018-08-10,102.0
1035,2018-08-11,467.0
1035,2018-08-12,409.0
1035,2018-08-13,154.0
1035,2018-08-14,502.0
1035,2018-08-15,0.0
1035,2018-08-16,67.0
1035,2018-08-17,335.0
1035,2018-08-18,0.0
1035,2018-08-19,0.0
1035,2018-08-20,299.0
1035,2018-08-21,224.0
1035,2018-08-22,464.0
1035,2018-08-23,484.0
1035,2018-08-24,125.0
1035,2018-08-25,182.0
1035,2018-08-26,184.0
1035,2018-08-27,484.0
1035,2018-08-28,445.0
1035,2018-08-29,121.0
1035,2018-08-30,0.0
1035,2018-08-31,469.0
1035,2018-09-01,403.0
1035,2018-09-02,489.0
1036,2018-07-23,
1036,2018-07-24,
1036,2018-07-25,
1036,2018-07-26,
1036,2018-07-27,
1036,2018-07-28,
1036,2018-07-29,
1036,2018-07-30,
1036,2018-07-31,
1036,2018-08-01,
1036,2018-08-02,
1036,2018-08-03,
1036,2018-08-04,
1036,2018-08-05,
1036,2018-08-06,
1036,2018-08-07,
1036,2018-08-08,
1036,2018-08-09,
1036,2018-08-10,
1036,2018-08-11,
1036,2018-08-12,
1036,2018-08-13,0.0
1036,2018-08-14,176.0
1036,2018-08-15,166.0
1036,2018-08-16,291.0
1036,2018-08-17,0.0
1036,2018-08-18,
1036,2018-08-19,
1036,2018-08-20,
1036,2018-08-21,
1036,2018-08-22,
1036,2018-08-23,
1036,2018-08-24,
1036,2018-08-25,
1036,2018-08-26,
1036,2018-08-27,
1036,2018-08-28,
1036,2018-08-29,
1036,2018-08-30,
1036,2018-08-31,
1036,2018-09-01,
1036,2018-09-02,
1101,2018-07-23,371.0
1101,2018-07-24,573.0
1101,2018-07-25,475.0
1101,2018-07-26,181.0
1101,2018-07-27,491.0
1101,2018-07-28,181.0
1101,2018-07-29,519.0
1101,2018-07-30,279.0
1101,2018-07-31,0.0
1101,2018-08-01,153.0
1101,2018-08-02,230.0
1101,2018-08-03,319.0
1101,2018-08-04,481.0
1101,2018-08-05,229.0
1101,2018-08-06,625.0
1101,2018-08-07,60.0
1101,2018-08-08,75.0
1101,2018-08-09,0.0
1101,2018-08-10,119.0
1101,2018-08-11,397.0
1101,2018-08-12,265.0
1101,2018-08-13,203.0
1101,2018-08-14,306.0
1101,2018-08-15,463.0
1101,2018-08-16,422.0
1101,2018-08-17,0.0
1101,2018-08-18,1913.0
1101,2018-08-19,0.0
1101,2018-08-20,0.0
1101,2018-08-21,418.0
1101,2018-08-22,288.0
1101,2018-08-23,385.0
1101,2018-08-24,23.0
1101,2018-08-25,59.0
1101,2018-08-26,23.0
1101,2018-08-27,28.0
1101,2018-08-28,251.0
1101,2018-08-29,0.0
1101,2018-08-30,0.0
1101,2018-08-31,247.0
1101,2018-09-01,571.0
1101,2018-09-02,0.0
1102,2018-07-23,388.0
1102,2018-07-24,499.0
1102,2018-07-25,307.0
1102,2018-07-26,28.0
1102,2018-07-27,388.0
1102,2018-07-28,212.0
1102,2018-07-29,91.0
1102,2018-07-30,309.0
1102,2018-07-31,316.0
1102,2018-08-01,437.0
1102,2018-08-02,69.0
1102,2018-08-03,336.0
1102,2018-08-04,462.0
1102,2018-08-05,537.0
1102,2018-08-06,263.0
1102,2018-08-07,491.0
1102,2018-08-08,0.0
1102,2018-08-09,452.0
1102,2018-08-10,18.0
1102,2018-08-11,472.0
1102,2018-08-12,439.0
1102,2018-08-13,622.0
1102,2018-08-14,495.0
1102,2018-08-15,434.0
1102,2018-08-16,439.0
1102,2018-08-17,0.0
1102,2018-08-18,424.0
1102,2018-08-19,40.0
1102,2018-08-20,575.0
1102,2018-08-21,434.0
1102,2018-08-22,464.0
1102,2018-08-23,427.0
1102,2018-08-24,255.0
1102,2018-08-25,0.0
1102,2018-08-26,388.0
1102,2018-08-27,248.0
1102,2018-08-28,502.0
1102,2018-08-29,538.0
1102,2018-08-30,151.0
1102,2018-08-31,313.0
1102,2018-09-01,305.0
1102,2018-09-02,482.0
1103,2018-07-23,0.0
1103,2018-07-24,408.0
1103,2018-07-25,340.0
1103,2018-07-26,293.0
1103,2018-07-27,
1103,2018-07-28,0.0
1103,2018-07-29,178.0
1103,2018-07-30,0.0
1103,2018-07-31,109.0
1103,2018-08-01,503.0
1103,2018-08-02,465.0
1103,2018-08-03,243.0
1103,2018-08-04,162.0
1103,2018-08-05,
1103,2018-08-06,0.0
1103,2018-08-07,64.0
1103,2018-08-08,
1103,2018-08-09,0.0
1103,2018-08-10,327.0
1103,2018-08-11,154.0
1103,2018-08-12,362.0
1103,2018-08-13,485.0
1103,2018-08-14,0.0
1103,2018-08-15,0.0
1103,2018-08-16,326.0
1103,2018-08-17,0.0
1103,2018-08-18,1936.0
1103,2018-08-19,0.0
1103,2018-08-20,0.0
1103,2018-08-21,0.0
1103,2018-08-22,0.0
1103,2018-08-23,0.0
1103,2018-08-24,0.0
1103,2018-08-25,158.0
1103,2018-08-26,181.0
1103,2018-08-27,0.0
1103,2018-08-28,597.0
1103,2018-08-29,0.0
1103,2018-08-30,331.0
1103,2018-08-31,99.0
1103,2018-09-01,
1103,2018-09-02,0.0
1104,2018-07-23,86.0
1104,2018-07-24,373.0
1104,2018-07-25,307.0
1104,2018-07-26,300.0
1104,2018-07-27,
1104,2018-07-28,0.0
1104,2018-07-29,247.0
1104,2018-07-30,673.0
1104,2018-07-31,0.0
1104,2018-08-01,424.0
1104,2018-08-02,376.0
1104,2018-08-03,335.0
1104,2018-08-04,463.0
1104,2018-08-05,539.0
1104,2018-08-06,0.0
1104,2018-08-07,529.0
1104,2018-08-08,
1104,2018-08-09,0.0
1104,2018-08-10,0.0
1104,2018-08-11,436.0
1104,2018-08-12,0.0
1104,2018-08-13,343.0
1104,2018-08-14,316.0
1104,2018-08-15,0.0
1104,2018-08-16,225.0
1104,2018-08-17,0.0
1104,2018-08-18,0.0
1104,2018-08-19,61.0
1104,2018-08-20,0.0
1104,2018-08-21,401.0
1104,2018-08-22,11.0
1104,2018-08-23,48.0
1104,2018-08-24,255.0
1104,2018-08-25,653.0
1104,2018-08-26,354.0
1104,2018-08-27,0.0
1104,2018-08-28,597.0
1104,2018-08-29,543.0
1104,2018-08-30,0.0
1104,2018-08-31,197.0
1104,2018-09-01,166.0
1104,2018-09-02,492.0
1106,2018-07-23,
1106,2018-07-24,
1106,2018-07-25,
1106,2018-07-26,
1106,2018-07-27,
1106,2018-07-28,
1106,2018-07-29,
1106,2018-07-30,
1106,2018-07-31,
1106,2018-08-01,
1106,2018-08-02,0.0
1106,2018-08-03,0.0
1106,2018-08-04,0.0
1106,2018-08-05,541.0
1106,2018-08-06,0.0
1106,2018-08-07,351.0
1106,2018-08-08,
1106,2018-08-09,0.0
1106,2018-08-10,232.0
1106,2018-08-11,467.0
1106,2018-08-12,0.0
1106,2018-08-13,454.0
1106,2018-08-14,0.0
1106,2018-08-15,166.0
1106,2018-08-16,292.0
1106,2018-08-17,0.0
1106,2018-08-18,451.0
1106,2018-08-19,0.0
1106,2018-08-20,522.0
1106,2018-08-21,0.0
1106,2018-08-22,0.0
1106,2018-08-23,0.0
1106,2018-08-24,339.0
1106,2018-08-25,0.0
1106,2018-08-26,531.0
1106,2018-08-27,0.0
1106,2018-08-28,402.0
1106,2018-08-29,267.0
1106,2018-08-30,192.0
1106,2018-08-31,274.0
1106,2018-09-01,343.0
1106,2018-09-02,481.0
1115,2018-07-23,
1115,2018-07-24,
1115,2018-07-25,0.0
1115,2018-07-26,57.0
1115,2018-07-27,388.0
1115,2018-07-28,187.0
1115,2018-07-29,0.0
1115,2018-07-30,309.0
1115,2018-07-31,0.0
1115,2018-08-01,53.0
1115,2018-08-02,245.0
1115,2018-08-03,0.0
1115,2018-08-04,0.0
1115,2018-08-05,0.0
1115,2018-08-06,0.0
1115,2018-08-07,351.0
1115,2018-08-08,
1115,2018-08-09,0.0
1115,2018-08-10,0.0
1115,2018-08-11,446.0
1115,2018-08-12,79.0
1115,2018-08-13,343.0
1115,2018-08-14,316.0
1115,2018-08-15,0.0
1115,2018-08-16,83.0
1115,2018-08-17,0.0
1115,2018-08-18,0.0
1115,2018-08-19,202.0
1115,2018-08-20,0.0
1115,2018-08-21,401.0
1115,2018-08-22,0.0
1115,2018-08-23,69.0
1115,2018-08-24,255.0
1115,2018-08-25,234.0
1115,2018-08-26,353.0
1115,2018-08-27,0.0
1115,2018-08-28,586.0
1115,2018-08-29,446.0
1115,2018-08-30,0.0
1115,2018-08-31,197.0
1115,2018-09-01,230.0
1115,2018-09-02,493.0
1116,2018-07-23,0.0
1116,2018-07-24,564.0
1116,2018-07-25,0.0
1116,2018-07-26,300.0
1116,2018-07-27,487.0
1116,2018-07-28,239.0
1116,2018-07-29,242.0
1116,2018-07-30,555.0
1116,2018-07-31,91.0
1116,2018-08-01,305.0
1116,2018-08-02,489.0
1116,2018-08-03,347.0
1116,2018-08-04,533.0
1116,2018-08-05,0.0
1116,2018-08-06,437.0
1116,2018-08-07,454.0
1116,2018-08-08,17.0
1116,2018-08-09,466.0
1116,2018-08-10,0.0
1116,2018-08-11,518.0
1116,2018-08-12,342.0
1116,2018-08-13,448.0
1116,2018-08-14,184.0
1116,2018-08-15,431.0
1116,2018-08-16,480.0
1116,2018-08-17,64.0
1116,2018-08-18,424.0
1116,2018-08-19,147.0
1116,2018-08-20,536.0
1116,2018-08-21,477.0
1116,2018-08-22,397.0
1116,2018-08-23,331.0
1116,2018-08-24,419.0
1116,2018-08-25,207.0
1116,2018-08-26,322.0
1116,2018-08-27,328.0
1116,2018-08-28,523.0
1116,2018-08-29,444.0
1116,2018-08-30,0.0
1116,2018-08-31,304.0
1116,2018-09-01,305.0
1116,2018-09-02,512.0
1119,2018-07-23,246.0
1119,2018-07-24,557.0
1119,2018-07-25,355.0
1119,2018-07-26,52.0
1119,2018-07-27,
1119,2018-07-28,
1119,2018-07-29,
1119,2018-07-30,
1119,2018-07-31,0.0
1119,2018-08-01,
1119,2018-08-02,
1119,2018-08-03,
1119,2018-08-04,62.0
1119,2018-08-05,229.0
1119,2018-08-06,619.0
1119,2018-08-07,675.0
1119,2018-08-08,94.0
1119,2018-08-09,28.0
1119,2018-08-10,352.0
1119,2018-08-11,338.0
1119,2018-08-12,
1119,2018-08-13,407.0
1119,2018-08-14,675.0
1119,2018-08-15,185.0
1119,2018-08-16,598.0
1119,2018-08-17,0.0
1119,2018-08-18,1935.0
1119,2018-08-19,0.0
1119,2018-08-20,0.0
1119,2018-08-21,298.0
1119,2018-08-22,
1119,2018-08-23,
1119,2018-08-24,
1119,2018-08-25,0.0
1119,2018-08-26,166.0
1119,2018-08-27,471.0
1119,2018-08-28,518.0
1119,2018-08-29,381.0
1119,2018-08-30,0.0
1119,2018-08-31,326.0
1119,2018-09-01,186.0
1119,2018-09-02,0.0
1120,2018-07-23,61.0
1120,2018-07-24,512.0
1120,2018-07-25,0.0
1120,2018-07-26,300.0
1120,2018-07-27,308.0
1120,2018-07-28,187.0
1120,2018-07-29,244.0
1120,2018-07-30,309.0
1120,2018-07-31,91.0
1120,2018-08-01,53.0
1120,2018-08-02,289.0
1120,2018-08-03,328.0
1120,2018-08-04,261.0
1120,2018-08-05,0.0
1120,2018-08-06,302.0
1120,2018-08-07,493.0
1120,2018-08-08,97.0
1120,2018-08-09,272.0
1120,2018-08-10,362.0
1120,2018-08-11,73.0
1120,2018-08-12,298.0
1120,2018-08-13,111.0
1120,2018-08-14,660.0
1120,2018-08-15,274.0
1120,2018-08-16,596.0
1120,2018-08-17,64.0
1120,2018-08-18,73.0
1120,2018-08-19,351.0
1120,2018-08-20,138.0
1120,2018-08-21,276.0
1120,2018-08-22,266.0
1120,2018-08-23,69.0
1120,2018-08-24,169.0
1120,2018-08-25,234.0
1120,2018-08-26,373.0
1120,2018-08-27,468.0
1120,2018-08-28,518.0
1120,2018-08-29,381.0
1120,2018-08-30,219.0
1120,2018-08-31,324.0
1120,2018-09-01,371.0
1120,2018-09-02,416.0
1121,2018-07-23,
1121,2018-07-24,
1121,2018-07-25,0.0
1121,2018-07-26,197.0
1121,2018-07-27,385.0
1121,2018-07-28,443.0
1121,2018-07-29,393.0
1121,2018-07-30,332.0
1121,2018-07-31,329.0
1121,2018-08-01,439.0
1121,2018-08-02,413.0
1121,2018-08-03,207.0
1121,2018-08-04,297.0
1121,2018-08-05,384.0
1121,2018-08-06,452.0
1121,2018-08-07,0.0
1121,2018-08-08,238.0
1121,2018-08-09,582.0
1121,2018-08-10,27.0
1121,2018-08-11,466.0
1121,2018-08-12,409.0
1121,2018-08-13,463.0
1121,2018-08-14,0.0
1121,2018-08-15,48.0
1121,2018-08-16,469.0
1121,2018-08-17,303.0
1121,2018-08-18,0.0
1121,2018-08-19,245.0
1121,2018-08-20,567.0
1121,2018-08-21,151.0
1121,2018-08-22,403.0
1121,2018-08-23,375.0
1121,2018-08-24,366.0
1121,2018-08-25,0.0
1121,2018-08-26,0.0
1121,2018-08-27,413.0
1121,2018-08-28,527.0
1121,2018-08-29,583.0
1121,2018-08-30,51.0
1121,2018-08-31,473.0
1121,2018-09-01,335.0
1121,2018-09-02,489.0
1122,2018-07-23,
1122,2018-07-24,
1122,2018-07-25,141.0
1122,2018-07-26,0.0
1122,2018-07-27,295.0
1122,2018-07-28,463.0
1122,2018-07-29,391.0
1122,2018-07-30,516.0
1122,2018-07-31,0.0
1122,2018-08-01,480.0
1122,2018-08-02,476.0
1122,2018-08-03,213.0
1122,2018-08-04,0.0
1122,2018-08-05,374.0
1122,2018-08-06,441.0
1122,2018-08-07,307.0
1122,2018-08-08,193.0
1122,2018-08-09,349.0
1122,2018-08-10,492.0
1122,2018-08-11,3.0
1122,2018-08-12,397.0
1122,2018-08-13,342.0
1122,2018-08-14,707.0
1122,2018-08-15,369.0
1122,2018-08-16,93.0
1122,2018-08-17,2399.0
1122,2018-08-18,0.0
1122,2018-08-19,0.0
1122,2018-08-20,0.0
1122,2018-08-21,279.0
1122,2018-08-22,196.0
1122,2018-08-23,367.0
1122,2018-08-24,384.0
1122,2018-08-25,214.0
1122,2018-08-26,171.0
1122,2018-08-27,174.0
1122,2018-08-28,525.0
1122,2018-08-29,291.0
1122,2018-08-30,0.0
1122,2018-08-31,244.0
1122,2018-09-01,127.0
1122,2018-09-02,0.0
1124,2018-07-23,0.0
1124,2018-07-24,542.0
1124,2018-07-25,141.0
1124,2018-07-26,466.0
1124,2018-07-27,456.0
1124,2018-07-28,239.0
1124,2018-07-29,519.0
1124,2018-07-30,557.0
1124,2018-07-31,13.0
1124,2018-08-01,496.0
1124,2018-08-02,613.0
1124,2018-08-03,379.0
1124,2018-08-04,653.0
1124,2018-08-05,119.0
1124,2018-08-06,719.0
1124,2018-08-07,492.0
1124,2018-08-08,45.0
1124,2018-08-09,277.0
1124,2018-08-10,267.0
1124,2018-08-11,824.0
1124,2018-08-12,501.0
1124,2018-08-13,186.0
1124,2018-08-14,385.0
1124,2018-08-15,514.0
1124,2018-08-16,483.0
1124,2018-08-17,2308.0
1124,2018-08-18,0.0
1124,2018-08-19,0.0
1124,2018-08-20,0.0
1124,2018-08-21,486.0
1124,2018-08-22,406.0
1124,2018-08-23,291.0
1124,2018-08-24,474.0
1124,2018-08-25,287.0
1124,2018-08-26,69.0
1124,2018-08-27,330.0
1124,2018-08-28,528.0
1124,2018-08-29,360.0
1124,2018-08-30,191.0
1124,2018-08-31,240.0
1124,2018-09-01,595.0
1124,2018-09-02,52.0
2030,2018-07-23,
2030,2018-07-24,
2030,2018-07-25,
2030,2018-07-26,
2030,2018-07-27,
2030,2018-07-28,
2030,2018-07-29,88.0
2030,2018-07-30,534.0
2030,2018-07-31,537.0
2030,2018-08-01,421.0
2030,2018-08-02,509.0
2030,2018-08-03,526.0
2030,2018-08-04,574.0
2030,2018-08-05,432.0
2030,2018-08-06,261.0
2030,2018-08-07,423.0
2030,2018-08-08,0.0
2030,2018-08-09,365.0
2030,2018-08-10,382.0
2030,2018-08-11,448.0
2030,2018-08-12,441.0
2030,2018-08-13,408.0
2030,2018-08-14,316.0
2030,2018-08-15,482.0
2030,2018-08-16,360.0
2030,2018-08-17,557.0
2030,2018-08-18,1906.0
2030,2018-08-19,0.0
2030,2018-08-20,0.0
2030,2018-08-21,291.0
2030,2018-08-22,437.0
2030,2018-08-23,332.0
2030,2018-08-24,181.0
2030,2018-08-25,389.0
2030,2018-08-26,423.0
2030,2018-08-27,141.0
2030,2018-08-28,0.0
2030,2018-08-29,334.0
2030,2018-08-30,207.0
2030,2018-08-31,498.0
2030,2018-09-01,0.0
2030,2018-09-02,385.0
2031,2018-07-23,
2031,2018-07-24,
2031,2018-07-25,
2031,2018-07-26,
2031,2018-07-27,
2031,2018-07-28,
2031,2018-07-29,0.0
2031,2018-07-30,513.0
2031,2018-07-31,537.0
2031,2018-08-01,0.0
2031,2018-08-02,0.0
2031,2018-08-03,479.0
2031,2018-08-04,271.0
2031,2018-08-05,432.0
2031,2018-08-06,302.0
2031,2018-08-07,0.0
2031,2018-08-08,0.0
2031,2018-08-09,455.0
2031,2018-08-10,62.0
2031,2018-08-11,485.0
2031,2018-08-12,302.0
2031,2018-08-13,399.0
2031,2018-08-14,72.0
2031,2018-08-15,482.0
2031,2018-08-16,235.0
2031,2018-08-17,576.0
2031,2018-08-18,473.0
2031,2018-08-19,322.0
2031,2018-08-20,445.0
2031,2018-08-21,248.0
2031,2018-08-22,437.0
2031,2018-08-23,336.0
2031,2018-08-24,181.0
2031,2018-08-25,378.0
2031,2018-08-26,378.0
2031,2018-08-27,132.0
2031,2018-08-28,553.0
2031,2018-08-29,136.0
2031,2018-08-30,166.0
2031,2018-08-31,498.0
2031,2018-09-01,453.0
2031,2018-09-02,511.0
2038,2018-07-23,0.0
2038,2018-07-24,0.0
2038,2018-07-25,0.0
2038,2018-07-26,496.0
2038,2018-07-27,484.0
2038,2018-07-28,255.0
2038,2018-07-29,545.0
2038,2018-07-30,481.0
2038,2018-07-31,63.0
2038,2018-08-01,563.0
2038,2018-08-02,483.0
2038,2018-08-03,440.0
2038,2018-08-04,617.0
2038,2018-08-05,108.0
2038,2018-08-06,293.0
2038,2018-08-07,0.0
2038,2018-08-08,283.0
2038,2018-08-09,0.0
2038,2018-08-10,166.0
2038,2018-08-11,497.0
2038,2018-08-12,292.0
2038,2018-08-13,557.0
2038,2018-08-14,1.0
2038,2018-08-15,565.0
2038,2018-08-16,361.0
2038,2018-08-17,259.0
2038,2018-08-18,1935.0
2038,2018-08-19,0.0
2038,2018-08-20,0.0
2038,2018-08-21,519.0
2038,2018-08-22,0.0
2038,2018-08-23,0.0
2038,2018-08-24,451.0
2038,2018-08-25,155.0
2038,2018-08-26,617.0
2038,2018-08-27,0.0
2038,2018-08-28,494.0
2038,2018-08-29,252.0
2038,2018-08-30,557.0
2038,2018-08-31,264.0
2038,2018-09-01,118.0
2038,2018-09-02,367.0
2039,2018-07-23,0.0
2039,2018-07-24,0.0
2039,2018-07-25,0.0
2039,2018-07-26,421.0
2039,2018-07-27,479.0
2039,2018-07-28,0.0
2039,2018-07-29,547.0
2039,2018-07-30,366.0
2039,2018-07-31,0.0
2039,2018-08-01,561.0
2039,2018-08-02,506.0
2039,2018-08-03,359.0
2039,2018-08-04,612.0
2039,2018-08-05,187.0
2039,2018-08-06,293.0
2039,2018-08-07,0.0
2039,2018-08-08,0.0
2039,2018-08-09,0.0
2039,2018-08-10,0.0
2039,2018-08-11,492.0
2039,2018-08-12,227.0
2039,2018-08-13,558.0
2039,2018-08-14,0.0
2039,2018-08-15,568.0
2039,2018-08-16,123.0
2039,2018-08-17,0.0
2039,2018-08-18,159.0
2039,2018-08-19,298.0
2039,2018-08-20,193.0
2039,2018-08-21,516.0
2039,2018-08-22,0.0
2039,2018-08-23,242.0
2039,2018-08-24,423.0
2039,2018-08-25,263.0
2039,2018-08-26,612.0
2039,2018-08-27,0.0
2039,2018-08-28,494.0
2039,2018-08-29,243.0
2039,2018-08-30,615.0
2039,2018-08-31,264.0
2039,2018-09-01,43.0
2039,2018-09-02,517.0
2055,2018-07-23,
2055,2018-07-24,
2055,2018-07-25,
2055,2018-07-26,
2055,2018-07-27,
2055,2018-07-28,
2055,2018-07-29,
2055,2018-07-30,
2055,2018-07-31,
2055,2018-08-01,
2055,2018-08-02,
2055,2018-08-03,
2055,2018-08-04,
2055,2018-08-05,0.0
2055,2018-08-06,588.0
2055,2018-08-07,529.0
2055,2018-08-08,0.0
2055,2018-08-09,87.0
2055,2018-08-10,0.0
2055,2018-08-11,21.0
2055,2018-08-12,
2055,2018-08-13,82.0
2055,2018-08-14,0.0
2055,2018-08-15,512.0
2055,2018-08-16,15.0
2055,2018-08-17,7.0
2055,2018-08-18,1835.0
2055,2018-08-19,0.0
2055,2018-08-20,0.0
2055,2018-08-21,278.0
2055,2018-08-22,176.0
2055,2018-08-23,369.0
2055,2018-08-24,414.0
2055,2018-08-25,255.0
2055,2018-08-26,
2055,2018-08-27,151.0
2055,2018-08-28,265.0
2055,2018-08-29,278.0
2055,2018-08-30,93.0
2055,2018-08-31,205.0
2055,2018-09-01,0.0
2055,2018-09-02,0.0
2513,2018-07-23,0.0
2513,2018-07-24,203.0
2513,2018-07-25,372.0
2513,2018-07-26,466.0
2513,2018-07-27,227.0
2513,2018-07-28,177.0
2513,2018-07-29,547.0
2513,2018-07-30,0.0
2513,2018-07-31,0.0
2513,2018-08-01,561.0
2513,2018-08-02,31.0
2513,2018-08-03,116.0
2513,2018-08-04,141.0
2513,2018-08-05,77.0
2513,2018-08-06,375.0
2513,2018-08-07,88.0
2513,2018-08-08,0.0
2513,2018-08-09,83.0
2513,2018-08-10,227.0
2513,2018-08-11,262.0
2513,2018-08-12,0.0
2513,2018-08-13,16.0
2513,2018-08-14,78.0
2513,2018-08-15,
2513,2018-08-16,0.0
2513,2018-08-17,73.0
2513,2018-08-18,1935.0
2513,2018-08-19,0.0
2513,2018-08-20,0.0
2513,2018-08-21,164.0
2513,2018-08-22,0.0
2513,2018-08-23,482.0
2513,2018-08-24,417.0
2513,2018-08-25,228.0
2513,2018-08-26,184.0
2513,2018-08-27,204.0
2513,2018-08-28,275.0
2513,2018-08-29,398.0
2513,2018-08-30,157.0
2513,2018-08-31,63.0
2513,2018-09-01,467.0
2513,2018-09-02,140.0
2522,2018-07-23,
2522,2018-07-24,
2522,2018-07-25,
2522,2018-07-26,
2522,2018-07-27,
2522,2018-07-28,
2522,2018-07-29,
2522,2018-07-30,
2522,2018-07-31,
2522,2018-08-01,
2522,2018-08-02,
2522,2018-08-03,
2522,2018-08-04,
2522,2018-08-05,0.0
2522,2018-08-06,429.0
2522,2018-08-07,66.0
2522,2018-08-08,197.0
2522,2018-08-09,550.0
2522,2018-08-10,173.0
2522,2018-08-11,466.0
2522,2018-08-12,347.0
2522,2018-08-13,558.0
2522,2018-08-14,184.0
2522,2018-08-15,569.0
2522,2018-08-16,482.0
2522,2018-08-17,351.0
2522,2018-08-18,2.0
2522,2018-08-19,291.0
2522,2018-08-20,557.0
2522,2018-08-21,242.0
2522,2018-08-22,512.0
2522,2018-08-23,265.0
2522,2018-08-24,411.0
2522,2018-08-25,309.0
2522,2018-08-26,612.0
2522,2018-08-27,115.0
2522,2018-08-28,446.0
2522,2018-08-29,501.0
2522,2018-08-30,262.0
2522,2018-08-31,271.0
2522,2018-09-01,473.0
2522,2018-09-02,512.0
2523,2018-07-23,0.0
2523,2018-07-24,203.0
2523,2018-07-25,372.0
2523,2018-07-26,99.0
2523,2018-07-27,479.0
2523,2018-07-28,177.0
2523,2018-07-29,144.0
2523,2018-07-30,24.0
2523,2018-07-31,94.0
2523,2018-08-01,28.0
2523,2018-08-02,59.0
2523,2018-08-03,380.0
2523,2018-08-04,151.0
2523,2018-08-05,44.0
2523,2018-08-06,392.0
2523,2018-08-07,115.0
2523,2018-08-08,0.0
2523,2018-08-09,283.0
2523,2018-08-10,150.0
2523,2018-08-11,145.0
2523,2018-08-12,0.0
2523,2018-08-13,88.0
2523,2018-08-14,147.0
2523,2018-08-15,
2523,2018-08-16,80.0
2523,2018-08-17,0.0
2523,2018-08-18,278.0
2523,2018-08-19,262.0
2523,2018-08-20,426.0
2523,2018-08-21,
2523,2018-08-22,0.0
2523,2018-08-23,0.0
2523,2018-08-24,48.0
2523,2018-08-25,154.0
2523,2018-08-26,203.0
2523,2018-08-27,0.0
2523,2018-08-28,172.0
2523,2018-08-29,397.0
2523,2018-08-30,96.0
2523,2018-08-31,147.0
2523,2018-09-01,249.0
2523,2018-09-02,599.0
2524,2018-07-23,
2524,2018-07-24,
2524,2018-07-25,
2524,2018-07-26,
2524,2018-07-27,
2524,2018-07-28,
2524,2018-07-29,
2524,2018-07-30,
2524,2018-07-31,
2524,2018-08-01,
2524,2018-08-02,
2524,2018-08-03,
2524,2018-08-04,
2524,2018-08-05,
2524,2018-08-06,
2524,2018-08-07,
2524,2018-08-08,
2524,2018-08-09,
2524,2018-08-10,
2524,2018-08-11,
2524,2018-08-12,
2524,2018-08-13,
2524,2018-08-14,
2524,2018-08-15,
2524,2018-08-16,
2524,2018-08-17,
2524,2018-08-18,
2524,2018-08-19,
2524,2018-08-20,
2524,2018-08-21,
2524,2018-08-22,
2524,2018-08-23,
2524,2018-08-24,
2524,2018-08-25,
2524,2018-08-26,
2524,2018-08-27,
2524,2018-08-28,
2524,2018-08-29,
2524,2018-08-30,
2524,2018-08-31,63.0
2524,2018-09-01,
2524,2018-09-02,
2538,2018-07-23,
2538,2018-07-24,
2538,2018-07-25,
2538,2018-07-26,
2538,2018-07-27,
2538,2018-07-28,
2538,2018-07-29,0.0
2538,2018-07-30,0.0
2538,2018-07-31,0.0
2538,2018-08-01,0.0
2538,2018-08-02,0.0
2538,2018-08-03,102.0
2538,2018-08-04,0.0
2538,2018-08-05,432.0
2538,2018-08-06,0.0
2538,2018-08-07,0.0
2538,2018-08-08,0.0
2538,2018-08-09,43.0
2538,2018-08-10,0.0
2538,2018-08-11,0.0
2538,2018-08-12,0.0
2538,2018-08-13,0.0
2538,2018-08-14,73.0
2538,2018-08-15,0.0
2538,2018-08-16,235.0
2538,2018-08-17,0.0
2538,2018-08-18,0.0
2538,2018-08-19,0.0
2538,2018-08-20,0.0
2538,2018-08-21,0.0
2538,2018-08-22,62.0
2538,2018-08-23,0.0
2538,2018-08-24,0.0
2538,2018-08-25,0.0
2538,2018-08-26,78.0
2538,2018-08-27,0.0
2538,2018-08-28,29.0
2538,2018-08-29,136.0
2538,2018-08-30,0.0
2538,2018-08-31,0.0
2538,2018-09-01,99.0
2538,2018-09-02,189.0
2539,2018-07-23,
2539,2018-07-24,
2539,2018-07-25,
2539,2018-07-26,
2539,2018-07-27,
2539,2018-07-28,
2539,2018-07-29,0.0
2539,2018-07-30,60.0
2539,2018-07-31,22.0
2539,2018-08-01,41.0
2539,2018-08-02,0.0
2539,2018-08-03,173.0
2539,2018-08-04,414.0
2539,2018-08-05,81.0
2539,2018-08-06,133.0
2539,2018-08-07,131.0
2539,2018-08-08,92.0
2539,2018-08-09,135.0
2539,2018-08-10,38.0
2539,2018-08-11,9.0
2539,2018-08-12,0.0
2539,2018-08-13,32.0
2539,2018-08-14,55.0
2539,2018-08-15,0.0
2539,2018-08-16,170.0
2539,2018-08-17,576.0
2539,2018-08-18,473.0
2539,2018-08-19,319.0
2539,2018-08-20,235.0
2539,2018-08-21,0.0
2539,2018-08-22,439.0
2539,2018-08-23,0.0
2539,2018-08-24,6.0
2539,2018-08-25,134.0
2539,2018-08-26,87.0
2539,2018-08-27,0.0
2539,2018-08-28,221.0
2539,2018-08-29,173.0
2539,2018-08-30,0.0
2539,2018-08-31,0.0
2539,2018-09-01,366.0
2539,2018-09-02,234.0
2542,2018-07-23,
2542,2018-07-24,
2542,2018-07-25,
2542,2018-07-26,
2542,2018-07-27,
2542,2018-07-28,
2542,2018-07-29,0.0
2542,2018-07-30,0.0
2542,2018-07-31,0.0
2542,2018-08-01,0.0
2542,2018-08-02,0.0
2542,2018-08-03,102.0
2542,2018-08-04,0.0
2542,2018-08-05,143.0
2542,2018-08-06,0.0
2542,2018-08-07,0.0
2542,2018-08-08,24.0
2542,2018-08-09,43.0
2542,2018-08-10,0.0
2542,2018-08-11,0.0
2542,2018-08-12,0.0
2542,2018-08-13,0.0
2542,2018-08-14,0.0
2542,2018-08-15,0.0
2542,2018-08-16,235.0
2542,2018-08-17,0.0
2542,2018-08-18,0.0
2542,2018-08-19,0.0
2542,2018-08-20,0.0
2542,2018-08-21,0.0
2542,2018-08-22,0.0
2542,2018-08-23,0.0
2542,2018-08-24,0.0
2542,2018-08-25,0.0
2542,2018-08-26,78.0
2542,2018-08-27,0.0
2542,2018-08-28,23.0
2542,2018-08-29,0.0
2542,2018-08-30,0.0
2542,2018-08-31,0.0
2542,2018-09-01,89.0
2542,2018-09-02,189.0
2544,2018-07-23,
2544,2018-07-24,67.0
2544,2018-07-25,
2544,2018-07-26,10.0
2544,2018-07-27,
2544,2018-07-28,
2544,2018-07-29,0.0
2544,2018-07-30,0.0
2544,2018-07-31,22.0
2544,2018-08-01,0.0
2544,2018-08-02,31.0
2544,2018-08-03,176.0
2544,2018-08-04,148.0
2544,2018-08-05,193.0
2544,2018-08-06,337.0
2544,2018-08-07,42.0
2544,2018-08-08,0.0
2544,2018-08-09,246.0
2544,2018-08-10,201.0
2544,2018-08-11,269.0
2544,2018-08-12,0.0
2544,2018-08-13,210.0
2544,2018-08-14,189.0
2544,2018-08-15,
2544,2018-08-16,0.0
2544,2018-08-17,19.0
2544,2018-08-18,473.0
2544,2018-08-19,64.0
2544,2018-08-20,356.0
2544,2018-08-21,297.0
2544,2018-08-22,4.0
2544,2018-08-23,489.0
2544,2018-08-24,418.0
2544,2018-08-25,142.0
2544,2018-08-26,75.0
2544,2018-08-27,63.0
2544,2018-08-28,231.0
2544,2018-08-29,170.0
2544,2018-08-30,120.0
2544,2018-08-31,147.0
2544,2018-09-01,439.0
2544,2018-09-02,508.0
2547,2018-07-23,
2547,2018-07-24,
2547,2018-07-25,
2547,2018-07-26,
2547,2018-07-27,
2547,2018-07-28,
2547,2018-07-29,
2547,2018-07-30,
2547,2018-07-31,
2547,2018-08-01,
2547,2018-08-02,
2547,2018-08-03,
2547,2018-08-04,
2547,2018-08-05,
2547,2018-08-06,
2547,2018-08-07,42.0
2547,2018-08-08,
2547,2018-08-09,
2547,2018-08-10,
2547,2018-08-11,
2547,2018-08-12,
2547,2018-08-13,
2547,2018-08-14,
2547,2018-08-15,
2547,2018-08-16,
2547,2018-08-17,
2547,2018-08-18,
2547,2018-08-19,
2547,2018-08-20,
2547,2018-08-21,
2547,2018-08-22,
2547,2018-08-23,
2547,2018-08-24,
2547,2018-08-25,
2547,2018-08-26,
2547,2018-08-27,
2547,2018-08-28,
2547,2018-08-29,
2547,2018-08-30,
2547,2018-08-31,
2547,2018-09-01,
2547,2018-09-02,
3040,2018-07-23,84.0
3040,2018-07-24,583.0
3040,2018-07-25,323.0
3040,2018-07-26,254.0
3040,2018-07-27,279.0
3040,2018-07-28,304.0
3040,2018-07-29,334.0
3040,2018-07-30,0.0
3040,2018-07-31,0.0
3040,2018-08-01,359.0
3040,2018-08-02,400.0
3040,2018-08-03,566.0
3040,2018-08-04,0.0
3040,2018-08-05,
3040,2018-08-06,0.0
3040,2018-08-07,250.0
3040,2018-08-08,
3040,2018-08-09,0.0
3040,2018-08-10,234.0
3040,2018-08-11,397.0
3040,2018-08-12,404.0
3040,2018-08-13,384.0
3040,2018-08-14,320.0
3040,2018-08-15,486.0
3040,2018-08-16,662.0
3040,2018-08-17,2399.0
3040,2018-08-18,0.0
3040,2018-08-19,0.0
3040,2018-08-20,0.0
3040,2018-08-21,413.0
3040,2018-08-22,0.0
3040,2018-08-23,156.0
3040,2018-08-24,417.0
3040,2018-08-25,166.0
3040,2018-08-26,393.0
3040,2018-08-27,136.0
3040,2018-08-28,142.0
3040,2018-08-29,0.0
3040,2018-08-30,55.0
3040,2018-08-31,0.0
3040,2018-09-01,207.0
3040,2018-09-02,0.0
3041,2018-07-23,0.0
3041,2018-07-24,491.0
3041,2018-07-25,0.0
3041,2018-07-26,0.0
3041,2018-07-27,97.0
3041,2018-07-28,185.0
3041,2018-07-29,334.0
3041,2018-07-30,0.0
3041,2018-07-31,91.0
3041,2018-08-01,0.0
3041,2018-08-02,392.0
3041,2018-08-03,378.0
3041,2018-08-04,248.0
3041,2018-08-05,
3041,2018-08-06,0.0
3041,2018-08-07,65.0
3041,2018-08-08,
3041,2018-08-09,0.0
3041,2018-08-10,0.0
3041,2018-08-11,12.0
3041,2018-08-12,267.0
3041,2018-08-13,97.0
3041,2018-08-14,0.0
3041,2018-08-15,482.0
3041,2018-08-16,569.0
3041,2018-08-17,64.0
3041,2018-08-18,509.0
3041,2018-08-19,314.0
3041,2018-08-20,539.0
3041,2018-08-21,272.0
3041,2018-08-22,0.0
3041,2018-08-23,63.0
3041,2018-08-24,28.0
3041,2018-08-25,0.0
3041,2018-08-26,225.0
3041,2018-08-27,136.0
3041,2018-08-28,506.0
3041,2018-08-29,562.0
3041,2018-08-30,122.0
3041,2018-08-31,473.0
3041,2018-09-01,207.0
3041,2018-09-02,486.0
3061,2018-07-23,
3061,2018-07-24,
3061,2018-07-25,
3061,2018-07-26,
3061,2018-07-27,
3061,2018-07-28,
3061,2018-07-29,
3061,2018-07-30,
3061,2018-07-31,
3061,2018-08-01,
3061,2018-08-02,
3061,2018-08-03,
3061,2018-08-04,
3061,2018-08-05,
3061,2018-08-06,
3061,2018-08-07,
3061,2018-08-08,
3061,2018-08-09,
3061,2018-08-10,
3061,2018-08-11,
3061,2018-08-12,
3061,2018-08-13,
3061,2018-08-14,
3061,2018-08-15,
3061,2018-08-16,
3061,2018-08-17,
3061,2018-08-18,
3061,2018-08-19,
3061,2018-08-20,
3061,2018-08-21,
3061,2018-08-22,
3061,2018-08-23,
3061,2018-08-24,
3061,2018-08-25,
3061,2018-08-26,
3061,2018-08-27,0.0
3061,2018-08-28,275.0
3061,2018-08-29,243.0
3061,2018-08-30,0.0
3061,2018-08-31,249.0
3061,2018-09-01,417.0
3061,2018-09-02,512.0
3076,2018-07-23,
3076,2018-07-24,
3076,2018-07-25,0.0
3076,2018-07-26,299.0
3076,2018-07-27,385.0
3076,2018-07-28,185.0
3076,2018-07-29,279.0
3076,2018-07-30,673.0
3076,2018-07-31,2.0
3076,2018-08-01,0.0
3076,2018-08-02,289.0
3076,2018-08-03,402.0
3076,2018-08-04,0.0
3076,2018-08-05,0.0
3076,2018-08-06,104.0
3076,2018-08-07,335.0
3076,2018-08-08,0.0
3076,2018-08-09,
3076,2018-08-10,
3076,2018-08-11,
3076,2018-08-12,
3076,2018-08-13,
3076,2018-08-14,
3076,2018-08-15,
3076,2018-08-16,
3076,2018-08-17,
3076,2018-08-18,
3076,2018-08-19,
3076,2018-08-20,
3076,2018-08-21,
3076,2018-08-22,
3076,2018-08-23,
3076,2018-08-24,
3076,2018-08-25,
3076,2018-08-26,
3076,2018-08-27,
3076,2018-08-28,
3076,2018-08-29,
3076,2018-08-30,
3076,2018-08-31,
3076,2018-09-01,
3076,2018-09-02,
3077,2018-07-23,130.0
3077,2018-07-24,491.0
3077,2018-07-25,340.0
3077,2018-07-26,27.0
3077,2018-07-27,344.0
3077,2018-07-28,432.0
3077,2018-07-29,350.0
3077,2018-07-30,673.0
3077,2018-07-31,139.0
3077,2018-08-01,0.0
3077,2018-08-02,117.0
3077,2018-08-03,487.0
3077,2018-08-04,283.0
3077,2018-08-05,116.0
3077,2018-08-06,498.0
3077,2018-08-07,88.0
3077,2018-08-08,
3077,2018-08-09,0.0
3077,2018-08-10,77.0
3077,2018-08-11,467.0
3077,2018-08-12,319.0
3077,2018-08-13,151.0
3077,2018-08-14,502.0
3077,2018-08-15,0.0
3077,2018-08-16,636.0
3077,2018-08-17,133.0
3077,2018-08-18,55.0
3077,2018-08-19,51.0
3077,2018-08-20,299.0
3077,2018-08-21,272.0
3077,2018-08-22,486.0
3077,2018-08-23,425.0
3077,2018-08-24,125.0
3077,2018-08-25,167.0
3077,2018-08-26,184.0
3077,2018-08-27,599.0
3077,2018-08-28,506.0
3077,2018-08-29,219.0
3077,2018-08-30,171.0
3077,2018-08-31,467.0
3077,2018-09-01,364.0
3077,2018-09-02,486.0
3117,2018-07-23,
3117,2018-07-24,
3117,2018-07-25,382.0
3117,2018-07-26,86.0
3117,2018-07-27,383.0
3117,2018-07-28,201.0
3117,2018-07-29,0.0
3117,2018-07-30,23.0
3117,2018-07-31,170.0
3117,2018-08-01,435.0
3117,2018-08-02,155.0
3117,2018-08-03,220.0
3117,2018-08-04,316.0
3117,2018-08-05,388.0
3117,2018-08-06,527.0
3117,2018-08-07,87.0
3117,2018-08-08,312.0
3117,2018-08-09,632.0
3117,2018-08-10,164.0
3117,2018-08-11,2.0
3117,2018-08-12,320.0
3117,2018-08-13,151.0
3117,2018-08-14,502.0
3117,2018-08-15,0.0
3117,2018-08-16,635.0
3117,2018-08-17,335.0
3117,2018-08-18,524.0
3117,2018-08-19,147.0
3117,2018-08-20,67.0
3117,2018-08-21,224.0
3117,2018-08-22,676.0
3117,2018-08-23,19.0
3117,2018-08-24,0.0
3117,2018-08-25,197.0
3117,2018-08-26,0.0
3117,2018-08-27,447.0
3117,2018-08-28,468.0
3117,2018-08-29,109.0
3117,2018-08-30,313.0
3117,2018-08-31,454.0
3117,2018-09-01,456.0
3117,2018-09-02,488.0
3118,2018-07-23,
3118,2018-07-24,
3118,2018-07-25,
3118,2018-07-26,
3118,2018-07-27,
3118,2018-07-28,
3118,2018-07-29,
3118,2018-07-30,
3118,2018-07-31,
3118,2018-08-01,
3118,2018-08-02,59.0
3118,2018-08-03,146.0
3118,2018-08-04,150.0
3118,2018-08-05,193.0
3118,2018-08-06,337.0
3118,2018-08-07,51.0
3118,2018-08-08,92.0
3118,2018-08-09,268.0
3118,2018-08-10,216.0
3118,2018-08-11,282.0
3118,2018-08-12,0.0
3118,2018-08-13,0.0
3118,2018-08-14,85.0
3118,2018-08-15,
3118,2018-08-16,172.0
3118,2018-08-17,40.0
3118,2018-08-18,127.0
3118,2018-08-19,357.0
3118,2018-08-20,356.0
3118,2018-08-21,297.0
3118,2018-08-22,0.0
3118,2018-08-23,484.0
3118,2018-08-24,0.0
3118,2018-08-25,
3118,2018-08-26,
3118,2018-08-27,
3118,2018-08-28,
3118,2018-08-29,
3118,2018-08-30,
3118,2018-08-31,
3118,2018-09-01,
3118,2018-09-02,
3119,2018-07-23,
3119,2018-07-24,
3119,2018-07-25,
3119,2018-07-26,
3119,2018-07-27,
3119,2018-07-28,
3119,2018-07-29,
3119,2018-07-30,
3119,2018-07-31,
3119,2018-08-01,
3119,2018-08-02,66.0
3119,2018-08-03,55.0
3119,2018-08-04,161.0
3119,2018-08-05,88.0
3119,2018-08-06,38.0
3119,2018-08-07,1.0
3119,2018-08-08,0.0
3119,2018-08-09,28.0
3119,2018-08-10,0.0
3119,2018-08-11,464.0
3119,2018-08-12,0.0
3119,2018-08-13,34.0
3119,2018-08-14,502.0
3119,2018-08-15,0.0
3119,2018-08-16,284.0
3119,2018-08-17,301.0
3119,2018-08-18,473.0
3119,2018-08-19,281.0
3119,2018-08-20,299.0
3119,2018-08-21,297.0
3119,2018-08-22,76.0
3119,2018-08-23,484.0
3119,2018-08-24,0.0
3119,2018-08-25,
3119,2018-08-26,
3119,2018-08-27,
3119,2018-08-28,
3119,2018-08-29,
3119,2018-08-30,
3119,2018-08-31,
3119,2018-09-01,
3119,2018-09-02,
3142,2018-07-23,
3142,2018-07-24,
3142,2018-07-25,
3142,2018-07-26,
3142,2018-07-27,
3142,2018-07-28,
3142,2018-07-29,0.0
3142,2018-07-30,0.0
3142,2018-07-31,0.0
3142,2018-08-01,0.0
3142,2018-08-02,418.0
3142,2018-08-03,96.0
3142,2018-08-04,0.0
3142,2018-08-05,143.0
3142,2018-08-06,0.0
3142,2018-08-07,422.0
3142,2018-08-08,24.0
3142,2018-08-09,427.0
3142,2018-08-10,0.0
3142,2018-08-11,531.0
3142,2018-08-12,0.0
3142,2018-08-13,0.0
3142,2018-08-14,0.0
3142,2018-08-15,0.0
3142,2018-08-16,385.0
3142,2018-08-17,0.0
3142,2018-08-18,0.0
3142,2018-08-19,0.0
3142,2018-08-20,486.0
3142,2018-08-21,0.0
3142,2018-08-22,0.0
3142,2018-08-23,0.0
3142,2018-08-24,0.0
3142,2018-08-25,425.0
3142,2018-08-26,76.0
3142,2018-08-27,0.0
3142,2018-08-28,0.0
3142,2018-08-29,513.0
3142,2018-08-30,0.0
3142,2018-08-31,435.0
3142,2018-09-01,0.0
3142,2018-09-02,189.0
