date,pooled_group,net_food_weight_gram,gift,anon_id,kcal
01.08.18,1.0,1100.0,0.0,P072,134.75
01.08.18,1.0,1100.0,0.0,P074,134.75
01.08.18,1.0,1100.0,0.0,P063,134.75
01.08.18,10.0,100.0,0.0,P018,119.0
01.08.18,10.0,100.0,0.0,P079,119.0
01.08.18,11.0,1600.0,0.0,P079,1904.0
01.08.18,11.0,1600.0,0.0,P018,1904.0
01.08.18,2.0,1200.0,0.0,P061,632.4
01.08.18,2.0,1200.0,0.0,P057,632.4
01.08.18,3.0,1000.0,0.0,P057,1476.0
01.08.18,3.0,1000.0,0.0,P061,1476.0
01.08.18,4.0,250.0,0.0,P057,222.5
01.08.18,4.0,250.0,0.0,P061,222.5
01.08.18,5.0,600.0,0.0,P057,885.6
01.08.18,5.0,600.0,0.0,P061,885.6
01.08.18,6.0,5100.0,0.0,P061,6069.0
01.08.18,6.0,5100.0,0.0,P057,6069.0
01.08.18,7.0,900.0,0.0,P057,286.0000002
01.08.18,7.0,900.0,0.0,P061,286.0000002
01.08.18,8.0,1000.0,0.0,P059,224.772727
01.08.18,8.0,1000.0,0.0,P009,224.772727
01.08.18,9.0,500.0,0.0,P009,605.0
01.08.18,9.0,500.0,0.0,P059,605.0
01.09.18,1.0,350.0,0.0,P072,240.79999999999998
01.09.18,1.0,350.0,0.0,P008,240.79999999999998
01.09.18,2.0,70.88,0.0,P014,15.93189088976
01.09.18,2.0,70.88,0.0,P074,15.93189088976
01.09.18,2.0,70.88,0.0,P057,15.93189088976
01.09.18,3.0,1800.0,0.0,P009,1238.3999999999999
01.09.18,3.0,1800.0,0.0,P014,1238.3999999999999
01.09.18,3.0,1800.0,0.0,P061,1238.3999999999999
01.09.18,4.0,2350.0,0.0,P073,1616.8
01.09.18,4.0,2350.0,0.0,P050,1616.8
01.09.18,5.0,400.0,0.0,P059,275.2
01.09.18,5.0,400.0,0.0,P017,275.2
01.09.18,6.0,2600.0,0.0,P015,3094.0
01.09.18,6.0,2600.0,0.0,P055,3094.0
01.09.18,7.0,1600.0,0.0,P018,1100.8
01.09.18,7.0,1600.0,0.0,P031,1100.8
01.09.18,8.0,2700.0,0.0,P061,362.61
01.09.18,8.0,2700.0,0.0,P050,362.61
02.08.18,1.0,4000.0,0.0,P018,899.090908
02.08.18,1.0,4000.0,0.0,P014,899.090908
02.08.18,1.0,4000.0,0.0,P061,899.090908
02.08.18,1.0,4000.0,0.0,P057,899.090908
02.08.18,1.0,4000.0,0.0,P024,899.090908
02.08.18,1.0,4000.0,0.0,P063,899.090908
02.08.18,1.0,4000.0,0.0,P074,899.090908
02.08.18,1.0,4000.0,0.0,P051,899.090908
02.08.18,1.0,4000.0,0.0,P016,899.090908
02.08.18,1.0,4000.0,0.0,P052,899.090908
02.08.18,1.0,4000.0,0.0,P029,899.090908
02.08.18,1.0,4000.0,0.0,P025,899.090908
02.08.18,1.0,4000.0,0.0,P070,899.090908
02.08.18,2.0,250.0,0.0,P072,369.0
02.08.18,2.0,250.0,0.0,P015,369.0
02.08.18,3.0,2500.0,0.0,P069,561.9318175
02.08.18,3.0,2500.0,0.0,P037,561.9318175
02.08.18,3.0,2500.0,0.0,P071,561.9318175
02.08.18,4.0,1350.0,0.0,P042,4009.5000000000005
02.08.18,4.0,1350.0,0.0,P079,4009.5000000000005
02.08.18,5.0,1500.0,0.0,P015,2214.0
02.08.18,5.0,1500.0,0.0,P072,2214.0
02.08.18,6.0,1500.0,0.0,P072,2214.0
02.08.18,6.0,1500.0,0.0,P015,2214.0
02.09.18,1.0,400.0,0.0,P052,275.2
02.09.18,1.0,400.0,0.0,P024,275.2
02.09.18,2.0,750.0,0.0,P008,516.0
02.09.18,2.0,750.0,0.0,P037,516.0
02.09.18,3.0,250.0,0.0,P015,172.0
02.09.18,3.0,250.0,0.0,P072,172.0
02.09.18,4.0,6600.0,0.0,P009,7854.0
02.09.18,4.0,6600.0,0.0,P014,7854.0
02.09.18,5.0,13500.0,0.0,P071,16065.0
02.09.18,5.0,13500.0,0.0,P069,16065.0
02.09.18,6.0,2700.0,0.0,P050,3213.0
02.09.18,6.0,2700.0,0.0,P073,3213.0
02.09.18,6.0,2700.0,0.0,P028,3213.0
02.09.18,7.0,7700.0,0.0,P036,9163.0
02.09.18,7.0,7700.0,0.0,P039,9163.0
03.08.18,1.0,500.0,0.0,P043,3688.5
03.08.18,1.0,500.0,0.0,P051,3688.5
03.08.18,2.0,700.0,0.0,P049,217.0
03.08.18,2.0,700.0,0.0,P063,217.0
03.08.18,3.0,1000.0,0.0,P037,224.772727
03.08.18,3.0,1000.0,0.0,P074,224.772727
03.08.18,3.0,1000.0,0.0,P008,224.772727
03.08.18,3.0,1000.0,0.0,P025,224.772727
03.08.18,3.0,1000.0,0.0,P052,224.772727
03.08.18,3.0,1000.0,0.0,P070,224.772727
03.08.18,4.0,3750.0,0.0,P051,842.89772625
03.08.18,4.0,3750.0,0.0,P024,842.89772625
03.08.18,4.0,3750.0,0.0,P063,842.89772625
03.08.18,4.0,3750.0,0.0,P056,842.89772625
03.08.18,4.0,3750.0,0.0,P029,842.89772625
03.08.18,5.0,3000.0,0.0,P017,674.318181
03.08.18,5.0,3000.0,0.0,P071,674.318181
03.08.18,6.0,200.0,0.0,P072,200.30393700000002
03.08.18,6.0,200.0,0.0,P027,200.30393700000002
03.08.18,6.0,200.0,0.0,P043,200.30393700000002
03.08.18,7.0,1250.0,0.0,P040,9221.25
03.08.18,7.0,1250.0,0.0,P036,9221.25
04.08.18,1.0,1250.0,0.0,P029,280.96590875
04.08.18,1.0,1250.0,0.0,P016,280.96590875
04.08.18,1.0,1250.0,0.0,P024,280.96590875
04.08.18,1.0,1250.0,0.0,P063,280.96590875
04.08.18,1.0,1250.0,0.0,P025,280.96590875
04.08.18,1.0,1250.0,0.0,P018,280.96590875
04.08.18,1.0,1250.0,0.0,P056,280.96590875
04.08.18,1.0,1250.0,0.0,P051,280.96590875
04.08.18,2.0,2500.0,0.0,P029,561.9318175
04.08.18,2.0,2500.0,0.0,P051,561.9318175
04.08.18,2.0,2500.0,0.0,P056,561.9318175
04.08.18,2.0,2500.0,0.0,P018,561.9318175
04.08.18,2.0,2500.0,0.0,P016,561.9318175
04.08.18,2.0,2500.0,0.0,P025,561.9318175
04.08.18,2.0,2500.0,0.0,P024,561.9318175
04.08.18,2.0,2500.0,0.0,P063,561.9318175
04.08.18,3.0,2700.0,0.0,P024,606.8863629
04.08.18,3.0,2700.0,0.0,P056,606.8863629
04.08.18,3.0,2700.0,0.0,P051,606.8863629
04.08.18,3.0,2700.0,0.0,P018,606.8863629
04.08.18,3.0,2700.0,0.0,P063,606.8863629
04.08.18,3.0,2700.0,0.0,P029,606.8863629
04.08.18,3.0,2700.0,0.0,P025,606.8863629
04.08.18,3.0,2700.0,0.0,P016,606.8863629
04.08.18,4.0,2900.0,0.0,P018,738.0000011
04.08.18,4.0,2900.0,0.0,P070,738.0000011
04.08.18,4.0,2900.0,0.0,P025,738.0000011
04.08.18,4.0,2900.0,0.0,P029,738.0000011
04.08.18,4.0,2900.0,0.0,P063,738.0000011
04.08.18,4.0,2900.0,0.0,P016,738.0000011
04.08.18,4.0,2900.0,0.0,P051,738.0000011
04.08.18,4.0,2900.0,0.0,P074,738.0000011
04.08.18,4.0,2900.0,0.0,P056,738.0000011
04.08.18,5.0,10500.0,0.0,P063,2672.0689695
04.08.18,5.0,10500.0,0.0,P018,2672.0689695
04.08.18,5.0,10500.0,0.0,P025,2672.0689695
04.08.18,5.0,10500.0,0.0,P029,2672.0689695
04.08.18,5.0,10500.0,0.0,P070,2672.0689695
04.08.18,5.0,10500.0,0.0,P016,2672.0689695
04.08.18,5.0,10500.0,0.0,P074,2672.0689695
04.08.18,5.0,10500.0,0.0,P051,2672.0689695
04.08.18,5.0,10500.0,0.0,P056,2672.0689695
04.08.18,6.0,400.0,0.0,P056,199.404
04.08.18,6.0,400.0,0.0,P036,199.404
04.08.18,7.0,900.0,0.0,P056,1328.4
04.08.18,7.0,900.0,0.0,P036,1328.4
04.08.18,8.0,1100.0,0.0,P056,341.0
04.08.18,8.0,1100.0,0.0,P036,341.0
05.08.18,1.0,500.0,0.0,P016,112.3863635
05.08.18,1.0,500.0,0.0,P063,112.3863635
05.08.18,1.0,500.0,0.0,P024,112.3863635
05.08.18,1.0,500.0,0.0,P008,112.3863635
05.08.18,1.0,500.0,0.0,P037,112.3863635
05.08.18,1.0,500.0,0.0,P070,112.3863635
05.08.18,1.0,500.0,0.0,P018,112.3863635
05.08.18,1.0,500.0,0.0,P056,112.3863635
05.08.18,1.0,500.0,0.0,P025,112.3863635
05.08.18,2.0,1100.0,0.0,P069,247.24999970000002
05.08.18,2.0,1100.0,0.0,P067,247.24999970000002
05.08.18,3.0,750.0,0.0,P056,91.875
05.08.18,3.0,750.0,0.0,P051,91.875
05.08.18,3.0,750.0,0.0,P063,91.875
05.08.18,3.0,750.0,0.0,P029,91.875
05.08.18,3.0,750.0,0.0,P024,91.875
05.08.18,4.0,900.0,0.0,P061,529.7142861
05.08.18,4.0,900.0,0.0,P071,529.7142861
05.08.18,5.0,100.0,0.0,P018,22.4772727
05.08.18,5.0,100.0,0.0,P029,22.4772727
05.08.18,5.0,100.0,0.0,P074,22.4772727
05.08.18,5.0,100.0,0.0,P024,22.4772727
05.08.18,5.0,100.0,0.0,P063,22.4772727
05.08.18,5.0,100.0,0.0,P016,22.4772727
05.08.18,5.0,100.0,0.0,P037,22.4772727
05.08.18,5.0,100.0,0.0,P005,22.4772727
05.08.18,5.0,100.0,0.0,P025,22.4772727
05.08.18,5.0,100.0,0.0,P056,22.4772727
05.08.18,5.0,100.0,0.0,P051,22.4772727
05.08.18,5.0,100.0,0.0,P049,22.4772727
05.08.18,5.0,100.0,0.0,P027,22.4772727
05.08.18,5.0,100.0,0.0,P043,22.4772727
05.08.18,5.0,100.0,0.0,P052,22.4772727
05.08.18,5.0,100.0,0.0,P008,22.4772727
05.08.18,5.0,100.0,0.0,P072,22.4772727
05.08.18,6.0,4400.0,0.0,P040,5236.0
05.08.18,6.0,4400.0,0.0,P036,5236.0
06.08.18,1.0,500.0,0.0,P014,500.75984250000005
06.08.18,1.0,500.0,0.0,P061,500.75984250000005
06.08.18,10.0,1600.0,0.0,P028,797.616
06.08.18,10.0,1600.0,0.0,P020,797.616
06.08.18,11.0,9250.0,0.0,P005,28767.5
06.08.18,11.0,9250.0,0.0,P042,28767.5
06.08.18,2.0,900.0,0.0,P017,2673.0
06.08.18,2.0,900.0,0.0,P027,2673.0
06.08.18,3.0,1250.0,0.0,P017,6586.607142499999
06.08.18,3.0,1250.0,0.0,P027,6586.607142499999
06.08.18,4.0,500.0,0.0,P027,61.25
06.08.18,4.0,500.0,0.0,P017,61.25
06.08.18,5.0,200.0,0.0,P052,117.71428580000001
06.08.18,5.0,200.0,0.0,P016,117.71428580000001
06.08.18,5.0,200.0,0.0,P025,117.71428580000001
06.08.18,6.0,300.0,0.0,P020,149.553
06.08.18,6.0,300.0,0.0,P074,149.553
06.08.18,7.0,600.0,0.0,P029,299.106
06.08.18,7.0,600.0,0.0,P014,299.106
06.08.18,8.0,350.0,0.0,P051,174.4785
06.08.18,8.0,350.0,0.0,P057,174.4785
06.08.18,8.0,350.0,0.0,P016,174.4785
06.08.18,9.0,818.82,0.0,P017,408.18995820000004
06.08.18,9.0,818.82,0.0,P071,408.18995820000004
07.08.18,1.0,600.0,0.0,P063,714.0
07.08.18,1.0,600.0,0.0,P056,714.0
07.08.18,1.0,600.0,0.0,P014,714.0
07.08.18,10.0,5750.0,0.0,P031,3018.75
07.08.18,10.0,5750.0,0.0,P079,3018.75
07.08.18,11.0,500.0,0.0,P031,262.5
07.08.18,11.0,500.0,0.0,P079,262.5
07.08.18,2.0,600.0,0.0,P056,353.1428574
07.08.18,2.0,600.0,0.0,P026,353.1428574
07.08.18,2.0,600.0,0.0,P014,353.1428574
07.08.18,2.0,600.0,0.0,P063,353.1428574
07.08.18,3.0,500.0,0.0,P018,112.3863635
07.08.18,3.0,500.0,0.0,P051,112.3863635
07.08.18,4.0,2150.0,0.0,P005,2709.344
07.08.18,4.0,2150.0,0.0,P042,2709.344
07.08.18,4.0,2150.0,0.0,P020,2709.344
07.08.18,4.0,2150.0,0.0,P028,2709.344
07.08.18,5.0,1900.0,0.0,P005,5909.0
07.08.18,5.0,1900.0,0.0,P020,5909.0
07.08.18,5.0,1900.0,0.0,P042,5909.0
07.08.18,5.0,1900.0,0.0,P073,5909.0
07.08.18,6.0,450.0,0.0,P073,664.2
07.08.18,6.0,450.0,0.0,P050,664.2
07.08.18,7.0,4400.0,0.0,P073,5236.0
07.08.18,7.0,4400.0,0.0,P050,5236.0
07.08.18,8.0,3500.0,0.0,P072,10885.0
07.08.18,8.0,3500.0,0.0,P010,10885.0
07.08.18,8.0,3500.0,0.0,P015,10885.0
07.08.18,9.0,1750.0,0.0,P072,5442.5
07.08.18,9.0,1750.0,0.0,P010,5442.5
07.08.18,9.0,1750.0,0.0,P015,5442.5
08.08.18,1.0,250.0,0.0,P061,147.14285725000002
08.08.18,1.0,250.0,0.0,P028,147.14285725000002
08.08.18,2.0,10350.0,0.0,P067,20120.399999999998
08.08.18,2.0,10350.0,0.0,P049,20120.399999999998
08.08.18,3.0,300.0,0.0,P049,39.96
08.08.18,3.0,300.0,0.0,P067,39.96
08.08.18,4.0,3500.0,0.0,P010,1190.0
08.08.18,4.0,3500.0,0.0,P015,1190.0
09.08.18,1.0,750.0,0.0,P016,395.25
09.08.18,1.0,750.0,0.0,P052,395.25
09.08.18,2.0,23000.0,0.0,P069,44712.0
09.08.18,2.0,23000.0,0.0,P013,44712.0
09.08.18,3.0,7700.0,0.0,P042,9163.0
09.08.18,3.0,7700.0,0.0,P026,9163.0
09.08.18,4.0,2000.0,0.0,P010,680.0
09.08.18,4.0,2000.0,0.0,P015,680.0
09.08.18,5.0,2100.0,0.0,P031,2103.1913385000003
09.08.18,5.0,2100.0,0.0,P079,2103.1913385000003
10.08.18,1.0,500.0,0.0,P051,155.0
10.08.18,1.0,500.0,0.0,P029,155.0
10.08.18,2.0,850.0,0.0,P016,423.7335
10.08.18,2.0,850.0,0.0,P026,423.7335
10.08.18,3.0,300.0,0.0,P073,149.553
10.08.18,3.0,300.0,0.0,P050,149.553
10.08.18,4.0,650.0,0.0,P050,
10.08.18,4.0,650.0,0.0,P071,
10.08.18,5.0,100.0,0.0,P050,58.85714290000001
10.08.18,5.0,100.0,0.0,P071,58.85714290000001
10.08.18,6.0,500.0,0.0,P015,170.0
10.08.18,6.0,500.0,0.0,P010,170.0
11.08.18,1.0,184.28,0.0,P027,126.78464
11.08.18,1.0,184.28,0.0,P052,126.78464
11.08.18,2.0,200.0,0.0,P009,137.6
11.08.18,2.0,200.0,0.0,P027,137.6
11.08.18,3.0,200.0,0.0,P027,137.6
11.08.18,3.0,200.0,0.0,P015,137.6
11.08.18,4.0,4100.0,0.0,P073,4879.0
11.08.18,4.0,4100.0,0.0,P028,4879.0
11.08.18,4.0,4100.0,0.0,P050,4879.0
11.08.18,5.0,1400.0,0.0,P079,2120.944
11.08.18,5.0,1400.0,0.0,P031,2120.944
11.08.18,6.0,1250.0,0.0,P042,859.9999999999999
11.08.18,6.0,1250.0,0.0,P005,859.9999999999999
12.08.18,1.0,9000.0,0.0,P013,29160.000000000004
12.08.18,1.0,9000.0,0.0,P067,29160.000000000004
12.08.18,2.0,4250.0,0.0,P013,12622.5
12.08.18,2.0,4250.0,0.0,P057,12622.5
12.08.18,3.0,6800.0,0.0,P013,20196.0
12.08.18,3.0,6800.0,0.0,P071,20196.0
12.08.18,4.0,1100.0,0.0,P050,756.8
12.08.18,4.0,1100.0,0.0,P073,756.8
12.08.18,5.0,4500.0,0.0,P042,5355.0
12.08.18,5.0,4500.0,0.0,P079,5355.0
12.08.18,5.0,4500.0,0.0,P026,5355.0
12.08.18,6.0,2100.0,0.0,P042,11065.499999399999
12.08.18,6.0,2100.0,0.0,P079,11065.499999399999
12.08.18,6.0,2100.0,0.0,P026,11065.499999399999
12.08.18,7.0,900.0,0.0,P061,1071.0
12.08.18,7.0,900.0,0.0,P014,1071.0
12.08.18,8.0,300.0,0.0,P042,2213.1
12.08.18,8.0,300.0,0.0,P079,2213.1
12.08.18,8.0,300.0,0.0,P026,2213.1
13.08.18,1.0,800.0,0.0,P016,179.8181816
13.08.18,1.0,800.0,0.0,P008,179.8181816
13.08.18,1.0,800.0,0.0,P025,179.8181816
13.08.18,1.0,800.0,0.0,P052,179.8181816
13.08.18,2.0,400.0,0.0,P027,89.9090908
13.08.18,2.0,400.0,0.0,P051,89.9090908
13.08.18,2.0,400.0,0.0,P024,89.9090908
13.08.18,2.0,400.0,0.0,P029,89.9090908
13.08.18,3.0,4000.0,0.0,P059,12440.0
13.08.18,3.0,4000.0,0.0,P009,12440.0
13.08.18,4.0,3000.0,0.0,P059,9330.0
13.08.18,4.0,3000.0,0.0,P009,9330.0
13.08.18,5.0,6500.0,0.0,P050,7735.0
13.08.18,5.0,6500.0,0.0,P073,7735.0
13.08.18,5.0,6500.0,0.0,P028,7735.0
13.08.18,6.0,5850.0,0.0,P079,6961.5
13.08.18,6.0,5850.0,0.0,P026,6961.5
14.08.18,1.0,1100.0,0.0,P024,247.24999970000002
14.08.18,1.0,1100.0,0.0,P052,247.24999970000002
14.08.18,2.0,200.0,0.0,P037,105.4
14.08.18,2.0,200.0,0.0,P045,105.4
14.08.18,3.0,10400.0,0.0,P026,30888.000000000004
14.08.18,3.0,10400.0,0.0,P031,30888.000000000004
14.08.18,3.0,10400.0,0.0,P042,30888.000000000004
14.08.18,4.0,300.0,0.0,P018,67.4318181
14.08.18,4.0,300.0,0.0,P074,67.4318181
14.08.18,4.0,300.0,0.0,P035,67.4318181
14.08.18,4.0,300.0,0.0,P029,67.4318181
14.08.18,4.0,300.0,0.0,P070,67.4318181
14.08.18,4.0,300.0,0.0,P051,67.4318181
14.08.18,4.0,300.0,0.0,P024,67.4318181
14.08.18,4.0,300.0,0.0,P063,67.4318181
14.08.18,4.0,300.0,0.0,P056,67.4318181
14.08.18,5.0,11250.0,0.0,P028,21870.0
14.08.18,5.0,11250.0,0.0,P020,21870.0
14.08.18,6.0,2100.0,0.0,P020,472.0227267
14.08.18,6.0,2100.0,0.0,P028,472.0227267
14.08.18,7.0,250.0,0.0,P010,172.0
14.08.18,7.0,250.0,0.0,P015,172.0
15.08.18,1.0,500.0,0.0,P056,155.0
15.08.18,1.0,500.0,0.0,P029,155.0
15.08.18,1.0,500.0,0.0,P037,155.0
15.08.18,1.0,500.0,0.0,P016,155.0
15.08.18,1.0,500.0,0.0,P070,155.0
15.08.18,2.0,2100.0,0.0,P042,6531.0
15.08.18,2.0,2100.0,0.0,P005,6531.0
15.08.18,3.0,3850.0,0.5,P047,11434.5
15.08.18,3.0,3850.0,0.5,P014,11434.5
15.08.18,4.0,8500.0,0.5,P047,25245.0
15.08.18,4.0,8500.0,0.5,P057,25245.0
15.08.18,5.0,8350.0,0.5,P061,24799.5
15.08.18,5.0,8350.0,0.5,P047,24799.5
16.08.18,1.0,1300.0,0.0,P029,894.4
16.08.18,1.0,1300.0,0.0,P024,894.4
16.08.18,1.0,1300.0,0.0,P074,894.4
16.08.18,1.0,1300.0,0.0,P051,894.4
16.08.18,1.0,1300.0,0.0,P018,894.4
16.08.18,2.0,200.0,0.0,P057,62.0
16.08.18,2.0,200.0,0.0,P014,62.0
16.08.18,2.0,200.0,0.0,P016,62.0
16.08.18,2.0,200.0,0.0,P061,62.0
16.08.18,3.0,800.0,0.0,P028,398.808
16.08.18,3.0,800.0,0.0,P073,398.808
16.08.18,4.0,1700.0,0.0,P042,2023.0
16.08.18,4.0,1700.0,0.0,P026,2023.0
16.08.18,5.0,1650.0,0.0,P043,5131.5
16.08.18,5.0,1650.0,0.0,P049,5131.5
16.08.18,6.0,5450.0,0.0,P049,16949.5
16.08.18,6.0,5450.0,0.0,P043,16949.5
17.08.18,1.0,100.0,0.0,P037,31.0
17.08.18,1.0,100.0,0.0,P008,31.0
17.08.18,10.0,2300.0,0.0,P036,3796.702
17.08.18,10.0,2300.0,0.0,P056,3796.702
17.08.18,2.0,400.0,0.0,P056,49.0
17.08.18,2.0,400.0,0.0,P026,49.0
17.08.18,2.0,400.0,0.0,P014,49.0
17.08.18,2.0,400.0,0.0,P063,49.0
17.08.18,3.0,500.0,0.0,P057,249.255
17.08.18,3.0,500.0,0.0,P061,249.255
17.08.18,4.0,400.0,0.0,P014,199.404
17.08.18,4.0,400.0,0.0,P016,199.404
17.08.18,5.0,5200.0,0.0,P027,10108.8
17.08.18,5.0,5200.0,0.0,P043,10108.8
17.08.18,6.0,6250.0,0.0,P043,12150.0
17.08.18,6.0,6250.0,0.0,P027,12150.0
17.08.18,7.0,250.0,0.0,P050,147.14285725000002
17.08.18,7.0,250.0,0.0,P028,147.14285725000002
17.08.18,8.0,300.0,0.0,P050,149.553
17.08.18,8.0,300.0,0.0,P028,149.553
17.08.18,9.0,1000.0,0.0,P028,1476.0
17.08.18,9.0,1000.0,0.0,P050,1476.0
18.08.18,1.0,1000.0,0.0,P043,340.0
18.08.18,1.0,1000.0,0.0,P027,340.0
18.08.18,10.0,2100.0,0.0,P061,1106.7
18.08.18,10.0,2100.0,0.0,P009,1106.7
18.08.18,11.0,750.0,0.0,P061,685.86
18.08.18,11.0,750.0,0.0,P009,685.86
18.08.18,12.0,3200.0,0.0,P061,3808.0
18.08.18,12.0,3200.0,0.0,P009,3808.0
18.08.18,13.0,100.0,0.0,P061,58.85714290000001
18.08.18,13.0,100.0,0.0,P009,58.85714290000001
18.08.18,14.0,500.0,0.0,P028,525.0
18.08.18,14.0,500.0,0.0,P071,525.0
18.08.18,15.0,800.0,0.0,P028,420.0
18.08.18,15.0,800.0,0.0,P071,420.0
18.08.18,16.0,1150.0,0.0,P071,603.75
18.08.18,16.0,1150.0,0.0,P028,603.75
18.08.18,2.0,200.0,0.0,P037,105.4
18.08.18,2.0,200.0,0.0,P033,105.4
18.08.18,2.0,200.0,0.0,P079,105.4
18.08.18,2.0,200.0,0.0,P008,105.4
18.08.18,2.0,200.0,0.0,P045,105.4
18.08.18,3.0,1100.0,0.0,P074,247.24999970000002
18.08.18,3.0,1100.0,0.0,P024,247.24999970000002
18.08.18,4.0,1500.0,0.0,P027,1032.0
18.08.18,4.0,1500.0,0.0,P074,1032.0
18.08.18,5.0,300.0,0.0,P042,596.2171875
18.08.18,5.0,300.0,0.0,P016,596.2171875
18.08.18,6.0,500.0,0.0,P016,155.0
18.08.18,6.0,500.0,0.0,P042,155.0
18.08.18,7.0,4850.0,0.0,P016,5771.5
18.08.18,7.0,4850.0,0.0,P042,5771.5
18.08.18,8.0,1900.0,0.0,P061,1737.512
18.08.18,8.0,1900.0,0.0,P009,1737.512
18.08.18,9.0,2750.0,0.0,P051,3272.5
18.08.18,9.0,2750.0,0.0,P036,3272.5
18.08.18,9.0,2750.0,0.0,P056,3272.5
19.08.18,1.0,1000.0,0.0,P024,340.0
19.08.18,1.0,1000.0,0.0,P074,340.0
19.08.18,1.0,1000.0,0.0,P029,340.0
19.08.18,2.0,198.45,0.0,P045,104.58315
19.08.18,2.0,198.45,0.0,P037,104.58315
19.08.18,3.0,500.0,0.0,P061,738.0
19.08.18,3.0,500.0,0.0,P050,738.0
19.08.18,4.0,6000.0,0.0,P055,3162.0
19.08.18,4.0,6000.0,0.0,P015,3162.0
19.08.18,4.0,6000.0,0.0,P008,3162.0
20.08.18,1.0,100.0,0.0,P037,52.7
20.08.18,1.0,100.0,0.0,P045,52.7
20.08.18,10.0,2350.0,0.0,P050,2796.5
20.08.18,10.0,2350.0,0.0,P073,2796.5
20.08.18,10.0,2350.0,0.0,P028,2796.5
20.08.18,2.0,7600.0,0.0,P013,12545.624000000002
20.08.18,2.0,7600.0,0.0,P010,12545.624000000002
20.08.18,3.0,4900.0,0.0,P010,5831.0
20.08.18,3.0,4900.0,0.0,P013,5831.0
20.08.18,4.0,1500.0,0.0,P028,1785.0
20.08.18,4.0,1500.0,0.0,P050,1785.0
20.08.18,4.0,1500.0,0.0,P073,1785.0
20.08.18,5.0,500.0,0.0,P028,294.28571450000004
20.08.18,5.0,500.0,0.0,P073,294.28571450000004
20.08.18,6.0,100.0,0.0,P026,34.31
20.08.18,6.0,100.0,0.0,P042,34.31
20.08.18,7.0,250.0,0.0,P067,131.25
20.08.18,7.0,250.0,0.0,P071,131.25
20.08.18,8.0,6500.0,0.0,P026,7735.0
20.08.18,8.0,6500.0,0.0,P042,7735.0
20.08.18,9.0,500.0,0.0,P071,262.5
20.08.18,9.0,500.0,0.0,P067,262.5
21.08.18,1.0,1750.0,0.0,P024,2082.5
21.08.18,1.0,1750.0,0.0,P016,2082.5
21.08.18,2.0,1000.0,0.0,P051,1190.0
21.08.18,2.0,1000.0,0.0,P029,1190.0
21.08.18,3.0,250.0,0.0,P063,297.5
21.08.18,3.0,250.0,0.0,P018,297.5
21.08.18,4.0,400.0,0.0,P018,590.4
21.08.18,4.0,400.0,0.0,P063,590.4
21.08.18,5.0,6500.0,0.0,P055,3412.5
21.08.18,5.0,6500.0,0.0,P069,3412.5
22.08.18,1.0,500.0,0.0,P028,249.255
22.08.18,1.0,500.0,0.0,P020,249.255
22.08.18,2.0,450.0,0.0,P063,55.125
22.08.18,2.0,450.0,0.0,P056,55.125
22.08.18,3.0,1600.0,0.0,P042,1100.8
22.08.18,3.0,1600.0,0.0,P005,1100.8
22.08.18,4.0,150.0,0.0,P063,88.28571435
22.08.18,4.0,150.0,0.0,P056,88.28571435
22.08.18,4.0,150.0,0.0,P052,88.28571435
22.08.18,4.0,150.0,0.0,P045,88.28571435
22.08.18,5.0,2100.0,0.0,P028,257.25
22.08.18,5.0,2100.0,0.0,P073,257.25
22.08.18,6.0,450.0,0.0,P072,309.59999999999997
22.08.18,6.0,450.0,0.0,P008,309.59999999999997
22.08.18,7.0,250.0,0.0,P072,297.5
22.08.18,7.0,250.0,0.0,P008,297.5
22.08.18,8.0,500.0,0.0,P016,344.0
22.08.18,8.0,500.0,0.0,P026,344.0
22.08.18,9.0,1550.0,0.0,P050,772.6905
22.08.18,9.0,1550.0,0.0,P061,772.6905
23.07.18,1.0,1100.0,0.0,P027,247.24999970000002
23.07.18,1.0,1100.0,0.0,P024,247.24999970000002
23.07.18,1.0,1100.0,0.0,P016,247.24999970000002
23.07.18,1.0,1100.0,0.0,P014,247.24999970000002
23.07.18,1.0,1100.0,0.0,P052,247.24999970000002
23.07.18,1.0,1100.0,0.0,P063,247.24999970000002
23.08.18,1.0,600.0,0.0,P009,600.9118110000001
23.08.18,1.0,600.0,0.0,P059,600.9118110000001
23.08.18,2.0,1650.0,0.0,P036,1135.1999999999998
23.08.18,2.0,1650.0,0.0,P040,1135.1999999999998
23.08.18,3.0,750.0,0.0,P029,516.0
23.08.18,3.0,750.0,0.0,P025,516.0
24.07.18,1.0,250.0,0.0,P074,777.5
24.07.18,1.0,250.0,0.0,P018,777.5
24.07.18,1.0,250.0,0.0,P024,777.5
24.07.18,10.0,2750.0,0.0,P014,3272.5
24.07.18,10.0,2750.0,0.0,P009,3272.5
24.07.18,11.0,1000.0,0.0,P049,7377.0
24.07.18,11.0,1000.0,0.0,P067,7377.0
24.07.18,12.0,3600.0,0.0,P015,10692.0
24.07.18,12.0,3600.0,0.0,P010,10692.0
24.07.18,13.0,5500.0,0.0,P042,2887.5
24.07.18,13.0,5500.0,0.0,P005,2887.5
24.07.18,13.0,5500.0,0.0,P008,2887.5
24.07.18,14.0,3000.0,0.0,P005,4544.88
24.07.18,14.0,3000.0,0.0,P008,4544.88
24.07.18,14.0,3000.0,0.0,P042,4544.88
24.07.18,15.0,2000.0,0.0,P005,1068.0
24.07.18,15.0,2000.0,0.0,P008,1068.0
24.07.18,15.0,2000.0,0.0,P042,1068.0
24.07.18,16.0,2350.0,0.0,P005,1238.45
24.07.18,16.0,2350.0,0.0,P008,1238.45
24.07.18,16.0,2350.0,0.0,P042,1238.45
24.07.18,17.0,1000.0,0.0,P005,525.0
24.07.18,17.0,1000.0,0.0,P008,525.0
24.07.18,17.0,1000.0,0.0,P042,525.0
24.07.18,18.0,900.0,0.0,P005,480.6
24.07.18,18.0,900.0,0.0,P008,480.6
24.07.18,18.0,900.0,0.0,P042,480.6
24.07.18,2.0,4100.0,0.0,P051,921.5681807
24.07.18,2.0,4100.0,0.0,P052,921.5681807
24.07.18,2.0,4100.0,0.0,P024,921.5681807
24.07.18,2.0,4100.0,0.0,P070,921.5681807
24.07.18,2.0,4100.0,0.0,P016,921.5681807
24.07.18,2.0,4100.0,0.0,P074,921.5681807
24.07.18,2.0,4100.0,0.0,P018,921.5681807
24.07.18,2.0,4100.0,0.0,P037,921.5681807
24.07.18,3.0,600.0,0.0,P015,3577.8
24.07.18,3.0,600.0,0.0,P010,3577.8
24.07.18,4.0,1260.0,0.0,P010,464.31
24.07.18,4.0,1260.0,0.0,P015,464.31
24.07.18,5.0,2100.0,0.0,P013,1255.5000003
24.07.18,5.0,2100.0,0.0,P069,1255.5000003
24.07.18,6.0,400.0,0.0,P069,53.28000000000001
24.07.18,6.0,400.0,0.0,P013,53.28000000000001
24.07.18,7.0,1500.0,0.0,P069,465.0
24.07.18,7.0,1500.0,0.0,P013,465.0
24.07.18,8.0,1500.0,0.0,P014,2214.0
24.07.18,8.0,1500.0,0.0,P059,2214.0
24.07.18,8.0,1500.0,0.0,P009,2214.0
24.07.18,9.0,900.0,0.0,P009,1328.4
24.07.18,9.0,900.0,0.0,P014,1328.4
24.07.18,9.0,900.0,0.0,P059,1328.4
24.08.18,1.0,1600.0,0.0,P027,4752.0
24.08.18,1.0,1600.0,0.0,P043,4752.0
24.08.18,2.0,1850.0,0.0,P050,1106.03571455
24.08.18,2.0,1850.0,0.0,P061,1106.03571455
24.08.18,3.0,100.0,0.0,P008,52.7
24.08.18,3.0,100.0,0.0,P037,52.7
24.08.18,4.0,250.0,0.0,P026,1844.25
24.08.18,4.0,250.0,0.0,P028,1844.25
24.08.18,5.0,150.0,0.0,P028,103.19999999999999
24.08.18,5.0,150.0,0.0,P026,103.19999999999999
24.08.18,6.0,750.0,0.0,P026,892.5
24.08.18,6.0,750.0,0.0,P028,892.5
24.08.18,7.0,700.0,0.0,P073,217.0
24.08.18,7.0,700.0,0.0,P050,217.0
25.07.18,1.0,400.0,0.0,P024,400.60787400000004
25.07.18,1.0,400.0,0.0,P063,400.60787400000004
25.07.18,1.0,400.0,0.0,P072,400.60787400000004
25.07.18,2.0,99.23,0.0,P052,197.20877171875
25.07.18,2.0,99.23,0.0,P072,197.20877171875
25.07.18,2.0,99.23,0.0,P070,197.20877171875
25.07.18,3.0,300.0,0.0,P052,300.45590550000003
25.07.18,3.0,300.0,0.0,P072,300.45590550000003
25.07.18,3.0,300.0,0.0,P070,300.45590550000003
25.07.18,4.0,2500.0,0.0,P018,1312.5
25.07.18,4.0,2500.0,0.0,P074,1312.5
25.07.18,5.0,8650.0,0.0,P074,4541.25
25.07.18,5.0,8650.0,0.0,P018,4541.25
25.07.18,6.0,524.48,0.0,P018,466.78720000000004
25.07.18,6.0,524.48,0.0,P074,466.78720000000004
25.07.18,7.0,3000.0,0.0,P069,5832.0
25.07.18,7.0,3000.0,0.0,P067,5832.0
25.07.18,7.0,3000.0,0.0,P014,5832.0
25.07.18,8.0,27000.0,0.0,P014,52488.0
25.07.18,8.0,27000.0,0.0,P067,52488.0
25.07.18,8.0,27000.0,0.0,P069,52488.0
25.07.18,9.0,4600.0,0.0,P059,2293.146
25.07.18,9.0,4600.0,0.0,P061,2293.146
25.08.18,1.0,300.0,0.0,P051,2213.1
25.08.18,1.0,300.0,0.0,P063,2213.1
25.08.18,1.0,300.0,0.0,P056,2213.1
25.08.18,1.0,300.0,0.0,P024,2213.1
25.08.18,2.0,200.0,0.0,P024,238.0
25.08.18,2.0,200.0,0.0,P056,238.0
25.08.18,3.0,1600.0,0.0,P061,1936.0
25.08.18,3.0,1600.0,0.0,P050,1936.0
25.08.18,4.0,10600.0,0.0,P071,20606.399999999998
25.08.18,4.0,10600.0,0.0,P009,20606.399999999998
25.08.18,4.0,10600.0,0.0,P067,20606.399999999998
25.08.18,5.0,8850.0,0.0,P009,26284.5
25.08.18,5.0,8850.0,0.0,P067,26284.5
25.08.18,5.0,8850.0,0.0,P071,26284.5
25.08.18,6.0,11300.0,0.0,P067,21967.2
25.08.18,6.0,11300.0,0.0,P071,21967.2
25.08.18,6.0,11300.0,0.0,P009,21967.2
26.07.18,1.0,250.0,0.0,P024,85.0
26.07.18,1.0,250.0,0.0,P061,85.0
26.07.18,2.0,400.0,0.0,P070,400.60787400000004
26.07.18,2.0,400.0,0.0,P027,400.60787400000004
26.07.18,2.0,400.0,0.0,P063,400.60787400000004
26.07.18,2.0,400.0,0.0,P043,400.60787400000004
26.07.18,2.0,400.0,0.0,P051,400.60787400000004
26.07.18,3.0,2900.0,0.0,P042,4280.4
26.07.18,3.0,2900.0,0.0,P015,4280.4
26.07.18,4.0,4000.0,0.0,P042,1017.9310360000001
26.07.18,4.0,4000.0,0.0,P015,1017.9310360000001
26.07.18,5.0,300.0,0.0,P024,300.45590550000003
26.07.18,5.0,300.0,0.0,P051,300.45590550000003
26.07.18,6.0,5850.0,0.0,P079,3071.25
26.07.18,6.0,5850.0,0.0,P031,3071.25
26.07.18,7.0,1000.0,0.0,P031,890.0
26.07.18,7.0,1000.0,0.0,P079,890.0
26.07.18,8.0,250.0,0.0,P079,262.5
26.07.18,8.0,250.0,0.0,P031,262.5
26.08.18,1.0,1000.0,0.0,P024,340.0
26.08.18,1.0,1000.0,0.0,P074,340.0
26.08.18,2.0,250.0,0.0,P070,172.0
26.08.18,2.0,250.0,0.0,P063,172.0
26.08.18,3.0,400.0,0.0,P070,275.2
26.08.18,3.0,400.0,0.0,P056,275.2
26.08.18,3.0,400.0,0.0,P063,275.2
26.08.18,4.0,1500.0,0.0,P013,4665.0
26.08.18,4.0,1500.0,0.0,P010,4665.0
26.08.18,5.0,150.0,0.0,P008,79.05
26.08.18,5.0,150.0,0.0,P045,79.05
26.08.18,5.0,150.0,0.0,P070,79.05
26.08.18,6.0,2500.0,0.0,P059,1719.9999999999998
26.08.18,6.0,2500.0,0.0,P009,1719.9999999999998
26.08.18,7.0,2000.0,0.0,P061,2380.0
26.08.18,7.0,2000.0,0.0,P050,2380.0
26.08.18,8.0,250.0,0.0,P050,172.0
26.08.18,8.0,250.0,0.0,P061,172.0
26.08.18,9.0,500.0,0.0,P061,117.0
26.08.18,9.0,500.0,0.0,P050,117.0
27.07.18,1.0,2500.0,0.0,P014,2503.7992125
27.07.18,1.0,2500.0,0.0,P009,2503.7992125
27.07.18,1.0,2500.0,0.0,P059,2503.7992125
27.07.18,2.0,100.0,0.0,P014,198.7390625
27.07.18,2.0,100.0,0.0,P009,198.7390625
27.07.18,2.0,100.0,0.0,P059,198.7390625
27.07.18,3.0,500.0,0.0,P008,0.0
27.07.18,3.0,500.0,0.0,P072,0.0
27.07.18,4.0,2000.0,0.0,P015,997.02
27.07.18,4.0,2000.0,0.0,P014,997.02
27.07.18,5.0,250.0,0.0,P015,496.84765625
27.07.18,5.0,250.0,0.0,P014,496.84765625
27.07.18,6.0,212.62,0.0,P042,313.82712
27.07.18,6.0,212.62,0.0,P005,313.82712
27.07.18,7.0,2000.0,0.0,P042,2380.0
27.07.18,7.0,2000.0,0.0,P005,2380.0
27.07.18,8.0,750.0,0.0,P031,2227.5
27.07.18,8.0,750.0,0.0,P079,2227.5
27.07.18,9.0,1750.0,0.0,P005,872.3925
27.07.18,9.0,1750.0,0.0,P042,872.3925
27.08.18,1.0,250.0,0.0,P063,172.0
27.08.18,1.0,250.0,0.0,P024,172.0
27.08.18,2.0,100.0,0.0,P067,68.8
27.08.18,2.0,100.0,0.0,P070,68.8
27.08.18,3.0,200.0,0.0,P063,137.6
27.08.18,3.0,200.0,0.0,P056,137.6
27.08.18,4.0,250.0,0.0,P037,131.75
27.08.18,4.0,250.0,0.0,P008,131.75
27.08.18,5.0,200.0,0.0,P024,622.0
27.08.18,5.0,200.0,0.0,P018,622.0
27.08.18,6.0,1250.0,0.0,P028,859.9999999999999
27.08.18,6.0,1250.0,0.0,P050,859.9999999999999
27.08.18,7.0,450.0,0.0,P026,309.59999999999997
27.08.18,7.0,450.0,0.0,P079,309.59999999999997
27.08.18,8.0,600.0,0.0,P028,353.1428574
27.08.18,8.0,600.0,0.0,P050,353.1428574
27.08.18,9.0,600.0,0.0,P016,299.106
27.08.18,9.0,600.0,0.0,P026,299.106
28.07.18,1.0,141.75,0.0,P074,168.6825
28.07.18,1.0,141.75,0.0,P024,168.6825
28.07.18,1.0,141.75,0.0,P018,168.6825
28.07.18,10.0,12000.0,0.0,P071,23328.0
28.07.18,10.0,12000.0,0.0,P017,23328.0
28.07.18,11.0,14600.0,0.0,P014,28382.399999999998
28.07.18,11.0,14600.0,0.0,P017,28382.399999999998
28.07.18,12.0,3250.0,0.0,P013,9652.5
28.07.18,12.0,3250.0,0.0,P069,9652.5
28.07.18,13.0,127.58,0.0,P043,63.5999058
28.07.18,13.0,127.58,0.0,P027,63.5999058
28.07.18,2.0,200.0,0.0,P061,172.0
28.07.18,2.0,200.0,0.0,P016,172.0
28.07.18,3.0,1100.0,0.0,P061,
28.07.18,3.0,1100.0,0.0,P016,
28.07.18,4.0,300.0,0.0,P016,149.553
28.07.18,4.0,300.0,0.0,P061,149.553
28.07.18,5.0,42.52,0.0,P016,13.1812
28.07.18,5.0,42.52,0.0,P061,13.1812
28.07.18,6.0,1400.0,0.0,P016,314.68181780000003
28.07.18,6.0,1400.0,0.0,P024,314.68181780000003
28.07.18,6.0,1400.0,0.0,P037,314.68181780000003
28.07.18,6.0,1400.0,0.0,P018,314.68181780000003
28.07.18,6.0,1400.0,0.0,P052,314.68181780000003
28.07.18,6.0,1400.0,0.0,P008,314.68181780000003
28.07.18,6.0,1400.0,0.0,P074,314.68181780000003
28.07.18,6.0,1400.0,0.0,P070,314.68181780000003
28.07.18,6.0,1400.0,0.0,P063,314.68181780000003
28.07.18,6.0,1400.0,0.0,P061,314.68181780000003
28.07.18,7.0,800.0,0.0,P015,398.808
28.07.18,7.0,800.0,0.0,P002,398.808
28.07.18,8.0,3000.0,0.0,P071,5832.0
28.07.18,8.0,3000.0,0.0,P017,5832.0
28.07.18,9.0,9000.0,0.0,P017,17496.0
28.07.18,9.0,9000.0,0.0,P071,17496.0
28.08.18,1.0,2250.0,0.0,P073,1547.9999999999998
28.08.18,1.0,2250.0,0.0,P050,1547.9999999999998
28.08.18,2.0,2000.0,0.0,P073,2380.0
28.08.18,2.0,2000.0,0.0,P050,2380.0
28.08.18,3.0,5000.0,0.0,P016,5950.0
28.08.18,3.0,5000.0,0.0,P026,5950.0
28.08.18,4.0,14250.0,0.0,P017,27702.0
28.08.18,4.0,14250.0,0.0,P013,27702.0
28.08.18,5.0,3500.0,0.0,P013,2408.0
28.08.18,5.0,3500.0,0.0,P069,2408.0
28.08.18,6.0,3850.0,0.0,P014,4581.5
28.08.18,6.0,3850.0,0.0,P009,4581.5
28.08.18,7.0,1000.0,0.0,P009,1476.0
28.08.18,7.0,1000.0,0.0,P014,1476.0
28.08.18,8.0,750.0,0.0,P014,516.0
28.08.18,8.0,750.0,0.0,P009,516.0
29.07.18,1.0,42.52,0.0,P024,126.28440000000002
29.07.18,1.0,42.52,0.0,P052,126.28440000000002
29.07.18,1.0,42.52,0.0,P017,126.28440000000002
29.07.18,1.0,42.52,0.0,P074,126.28440000000002
29.07.18,2.0,11000.0,0.0,P059,19602.0
29.07.18,2.0,11000.0,0.0,P014,19602.0
29.07.18,2.0,11000.0,0.0,P009,19602.0
29.07.18,3.0,17750.0,0.0,P014,31630.5
29.07.18,3.0,17750.0,0.0,P059,31630.5
29.07.18,3.0,17750.0,0.0,P009,31630.5
29.07.18,4.0,1400.0,0.0,P015,1666.0
29.07.18,4.0,1400.0,0.0,P042,1666.0
29.07.18,5.0,1000.0,0.0,P069,3110.0
29.07.18,5.0,1000.0,0.0,P071,3110.0
29.07.18,5.0,1000.0,0.0,P017,3110.0
29.07.18,6.0,600.0,0.0,P059,186.0
29.07.18,6.0,600.0,0.0,P009,186.0
29.07.18,7.0,1500.0,0.0,P071,4665.0
29.07.18,7.0,1500.0,0.0,P017,4665.0
29.07.18,7.0,1500.0,0.0,P069,4665.0
29.07.18,8.0,2000.0,0.0,P009,449.545454
29.07.18,8.0,2000.0,0.0,P014,449.545454
29.07.18,8.0,2000.0,0.0,P059,449.545454
29.07.18,9.0,300.0,0.0,P061,157.5
29.07.18,9.0,300.0,0.0,P016,157.5
29.08.18,1.0,100.0,0.0,P070,52.7
29.08.18,1.0,100.0,0.0,P037,52.7
29.08.18,10.0,1500.0,0.0,P050,1785.0
29.08.18,10.0,1500.0,0.0,P028,1785.0
29.08.18,11.0,6500.0,0.0,P028,7735.0
29.08.18,11.0,6500.0,0.0,P050,7735.0
29.08.18,12.0,400.0,0.0,P050,476.0
29.08.18,12.0,400.0,0.0,P028,476.0
29.08.18,13.0,850.0,0.0,P028,584.8
29.08.18,13.0,850.0,0.0,P050,584.8
29.08.18,2.0,600.0,0.0,P051,134.8636362
29.08.18,2.0,600.0,0.0,P074,134.8636362
29.08.18,3.0,900.0,0.0,P074,619.1999999999999
29.08.18,3.0,900.0,0.0,P018,619.1999999999999
29.08.18,4.0,1000.0,0.0,P079,688.0
29.08.18,4.0,1000.0,0.0,P065,688.0
29.08.18,5.0,3300.0,0.0,P026,3927.0
29.08.18,5.0,3300.0,0.0,P042,3927.0
29.08.18,6.0,600.0,0.0,P051,316.2
29.08.18,6.0,600.0,0.0,P037,316.2
29.08.18,6.0,600.0,0.0,P024,316.2
29.08.18,6.0,600.0,0.0,P008,316.2
29.08.18,7.0,2750.0,0.0,P069,3272.5
29.08.18,7.0,2750.0,0.0,P071,3272.5
29.08.18,8.0,350.0,0.0,P014,108.5
29.08.18,8.0,350.0,0.0,P026,108.5
29.08.18,9.0,1850.0,0.0,P069,1272.8
29.08.18,9.0,1850.0,0.0,P071,1272.8
30.07.18,1.0,800.0,1.0,P028,2488.0
30.07.18,1.0,800.0,1.0,P020,2488.0
30.07.18,10.0,6650.0,0.0,P013,12927.6
30.07.18,10.0,6650.0,0.0,P074,12927.6
30.07.18,10.0,6650.0,0.0,P051,12927.6
30.07.18,10.0,6650.0,0.0,P018,12927.6
30.07.18,10.0,6650.0,0.0,P024,12927.6
30.07.18,10.0,6650.0,0.0,P057,12927.6
30.07.18,11.0,6900.0,0.0,P013,13413.6
30.07.18,11.0,6900.0,0.0,P024,13413.6
30.07.18,11.0,6900.0,0.0,P057,13413.6
30.07.18,11.0,6900.0,0.0,P018,13413.6
30.07.18,11.0,6900.0,0.0,P074,13413.6
30.07.18,11.0,6900.0,0.0,P051,13413.6
30.07.18,12.0,10125.0,0.0,P057,19683.0
30.07.18,12.0,10125.0,0.0,P051,19683.0
30.07.18,12.0,10125.0,0.0,P013,19683.0
30.07.18,12.0,10125.0,0.0,P018,19683.0
30.07.18,12.0,10125.0,0.0,P024,19683.0
30.07.18,12.0,10125.0,0.0,P074,19683.0
30.07.18,13.0,8600.0,0.0,P013,15325.2
30.07.18,13.0,8600.0,0.0,P024,15325.2
30.07.18,13.0,8600.0,0.0,P018,15325.2
30.07.18,13.0,8600.0,0.0,P074,15325.2
30.07.18,13.0,8600.0,0.0,P051,15325.2
30.07.18,13.0,8600.0,0.0,P057,15325.2
30.07.18,14.0,14500.0,0.0,P018,28188.0
30.07.18,14.0,14500.0,0.0,P024,28188.0
30.07.18,14.0,14500.0,0.0,P074,28188.0
30.07.18,14.0,14500.0,0.0,P057,28188.0
30.07.18,14.0,14500.0,0.0,P013,28188.0
30.07.18,14.0,14500.0,0.0,P051,28188.0
30.07.18,15.0,18000.0,0.0,P057,34992.0
30.07.18,15.0,18000.0,0.0,P024,34992.0
30.07.18,15.0,18000.0,0.0,P051,34992.0
30.07.18,15.0,18000.0,0.0,P013,34992.0
30.07.18,15.0,18000.0,0.0,P074,34992.0
30.07.18,15.0,18000.0,0.0,P018,34992.0
30.07.18,16.0,4100.0,0.0,P055,4879.0
30.07.18,16.0,4100.0,0.0,P015,4879.0
30.07.18,2.0,453.6,1.0,P020,1410.696
30.07.18,2.0,453.6,1.0,P028,1410.696
30.07.18,3.0,85.05,0.0,P056,19.11692043135
30.07.18,3.0,85.05,0.0,P008,19.11692043135
30.07.18,3.0,85.05,0.0,P037,19.11692043135
30.07.18,3.0,85.05,0.0,P070,19.11692043135
30.07.18,3.0,85.05,0.0,P052,19.11692043135
30.07.18,4.0,400.0,0.0,P008,89.9090908
30.07.18,4.0,400.0,0.0,P037,89.9090908
30.07.18,4.0,400.0,0.0,P070,89.9090908
30.07.18,4.0,400.0,0.0,P052,89.9090908
30.07.18,4.0,400.0,0.0,P056,89.9090908
30.07.18,5.0,1500.0,0.0,P056,4455.0
30.07.18,5.0,1500.0,0.0,P070,4455.0
30.07.18,5.0,1500.0,0.0,P063,4455.0
30.07.18,5.0,1500.0,0.0,P049,4455.0
30.07.18,6.0,4500.0,0.0,P049,8019.0
30.07.18,6.0,4500.0,0.0,P070,8019.0
30.07.18,6.0,4500.0,0.0,P063,8019.0
30.07.18,6.0,4500.0,0.0,P056,8019.0
30.07.18,7.0,500.0,1.0,P020,825.37
30.07.18,7.0,500.0,1.0,P028,825.37
30.07.18,8.0,2100.0,0.0,P042,1375.878
30.07.18,8.0,2100.0,0.0,P005,1375.878
30.07.18,9.0,3500.0,0.0,P057,6804.0
30.07.18,9.0,3500.0,0.0,P013,6804.0
30.07.18,9.0,3500.0,0.0,P024,6804.0
30.07.18,9.0,3500.0,0.0,P018,6804.0
30.07.18,9.0,3500.0,0.0,P051,6804.0
30.07.18,9.0,3500.0,0.0,P074,6804.0
30.08.18,1.0,250.0,0.0,P009,77.5
30.08.18,1.0,250.0,0.0,P014,77.5
30.08.18,2.0,1800.0,0.0,P073,1238.3999999999999
30.08.18,2.0,1800.0,0.0,P050,1238.3999999999999
30.08.18,3.0,1400.0,0.0,P072,434.0
30.08.18,3.0,1400.0,0.0,P015,434.0
30.08.18,4.0,1550.0,0.0,P031,1066.3999999999999
30.08.18,4.0,1550.0,0.0,P079,1066.3999999999999
31.07.18,1.0,28.35,0.0,P016,209.13795000000002
31.07.18,1.0,28.35,0.0,P061,209.13795000000002
31.07.18,2.0,85.05,1.0,P016,26.365499999999997
31.07.18,2.0,85.05,1.0,P061,26.365499999999997
31.07.18,3.0,1600.0,0.0,P072,196.0
31.07.18,3.0,1600.0,0.0,P057,196.0
31.07.18,3.0,1600.0,0.0,P061,196.0
31.07.18,3.0,1600.0,0.0,P014,196.0
31.07.18,4.0,2000.0,0.0,P040,6220.0
31.07.18,4.0,2000.0,0.0,P036,6220.0
31.08.18,1.0,800.0,0.5,P046,550.4
31.08.18,1.0,800.0,0.5,P018,550.4
31.08.18,2.0,2150.0,0.0,P020,6686.5
31.08.18,2.0,2150.0,0.0,P049,6686.5
31.08.18,2.0,2150.0,0.0,P043,6686.5
31.08.18,2.0,2150.0,0.0,P017,6686.5
31.08.18,3.0,1800.0,0.0,P073,1238.3999999999999
31.08.18,3.0,1800.0,0.0,P050,1238.3999999999999
31.08.18,4.0,2150.0,0.0,P049,6686.5
31.08.18,4.0,2150.0,0.0,P043,6686.5
31.08.18,4.0,2150.0,0.0,P017,6686.5
31.08.18,4.0,2150.0,0.0,P020,6686.5
31.08.18,5.0,1000.0,0.0,P020,1190.0
31.08.18,5.0,1000.0,0.0,P049,1190.0
31.08.18,5.0,1000.0,0.0,P043,1190.0
31.08.18,5.0,1000.0,0.0,P017,1190.0
31.08.18,6.0,600.0,0.0,P020,714.0
31.08.18,6.0,600.0,0.0,P017,714.0
31.08.18,6.0,600.0,0.0,P043,714.0
31.08.18,6.0,600.0,0.0,P049,714.0
31.08.18,7.0,4200.0,0.0,P009,4998.0
31.08.18,7.0,4200.0,0.0,P014,4998.0
31.08.18,8.0,2000.0,0.0,P040,2380.0
31.08.18,8.0,2000.0,0.0,P036,2380.0
23.07.18,,28.35,0.0,P027,56.34252421875
23.07.18,,42.525,1.0,P051,84.513786328125
23.07.18,,56.7,0.0,P037,112.6850484375
23.07.18,,99.225,0.0,P043,197.19883476562498
23.07.18,,184.275,0.0,P042,145.761525
23.07.18,,250.0,0.0,P067,297.5
23.07.18,,255.15,0.0,P042,308.7315
23.07.18,,255.15,0.0,P015,255.53774762775004
23.07.18,,354.375,0.0,P067,354.91353837187506
23.07.18,,500.0,0.0,P027,112.3863635
23.07.18,,609.525,0.0,P059,1211.364270703125
23.07.18,,1400.0,0.0,P079,12572.0
23.07.18,,1900.0,0.0,P067,2261.0
23.07.18,,2750.0,0.0,P079,8167.500000000001
23.07.18,,4100.0,0.0,P079,4871.496999999999
23.07.18,,8100.0,0.0,P067,24057.0
24.07.18,,99.225,0.0,P027,197.19883476562498
24.07.18,,113.4,0.0,P009,36.0360000252
24.07.18,,127.575,0.0,P009,75.087000054675
24.07.18,,198.45,0.0,P069,236.1555
24.07.18,,226.8,0.0,P027,673.5960000000001
24.07.18,,750.0,0.0,P015,232.5
24.07.18,,900.0,0.0,P059,901.3677165000001
24.07.18,,900.0,0.0,P015,1328.4
24.07.18,,1000.0,0.0,P010,5269.285714
24.07.18,,1000.0,0.0,P009,7377.0
24.07.18,,1100.0,0.0,P069,6160.0
24.07.18,,1400.0,0.0,P015,1666.0
24.07.18,,1518.825,0.0,P016,1807.40175
24.07.18,,2500.0,0.0,P067,2975.0
25.07.18,,99.225,0.0,P027,197.19883476562498
25.07.18,,212.625,0.0,P071,0.0
25.07.18,,250.0,0.0,P017,124.6275
25.07.18,,255.15,0.0,P010,127.1948265
25.07.18,,311.85,0.0,P055,2800.4130000000005
25.07.18,,326.025,0.0,P014,174.09735
25.07.18,,439.425,0.0,P014,2315.45587487445
25.07.18,,600.0,0.0,P071,320.40000000000003
25.07.18,,600.0,0.0,P027,299.106
25.07.18,,600.0,0.0,P005,299.106
25.07.18,,751.275,0.0,P067,0.0
25.07.18,,935.55,0.0,P002,493.03485
25.07.18,,1000.0,1.0,P066,550.0
25.07.18,,1100.0,1.0,P062,548.361
25.07.18,,1400.0,0.0,P042,4158.0
25.07.18,,1750.0,0.0,P013,872.3925
25.07.18,,1900.0,0.0,P014,1001.3000000000001
25.07.18,,2000.0,0.0,P071,2003.0393700000002
25.07.18,,2100.0,0.0,P071,2982.0
25.07.18,,2250.0,0.0,P049,3408.6600000000003
25.07.18,,3000.0,0.0,P071,5832.0
25.07.18,,3250.0,0.0,P010,4923.62
25.07.18,,3700.0,0.0,P069,1949.9
25.07.18,,3850.0,0.0,P002,2021.25
25.07.18,,4200.0,0.0,P010,2093.742
25.07.18,,6000.0,0.0,P055,3150.0
25.07.18,,7100.0,0.0,P014,13802.4
25.07.18,,11250.0,0.0,P067,10287.9
25.07.18,,12000.0,0.0,P002,14520.0
25.07.18,,12750.0,0.0,P055,15427.5
25.07.18,,13850.0,0.0,P067,26924.399999999998
26.07.18,,28.35,0.0,P069,28.393083069750006
26.07.18,,56.7,0.0,P037,0.0
26.07.18,,100.0,0.0,P016,100.15196850000001
26.07.18,,113.4,0.0,P013,225.370096875
26.07.18,,127.575,0.0,P061,75.087000054675
26.07.18,,198.45,0.0,P055,116.80200008505
26.07.18,,212.625,0.0,P018,661.26375
26.07.18,,250.0,0.0,P071,262.5
26.07.18,,250.0,0.0,P079,496.84765625
26.07.18,,255.15,0.0,P061,262.8045
26.07.18,,283.5,0.0,P015,292.005
26.07.18,,283.5,0.0,P002,166.8600001215
26.07.18,,340.2,0.0,P055,502.1352
26.07.18,,500.0,0.0,P074,500.75984250000005
26.07.18,,500.0,0.0,P071,294.28571450000004
26.07.18,,600.0,0.0,P069,299.106
26.07.18,,750.0,0.0,P059,1490.54296875
26.07.18,,750.0,0.0,P002,190.86206925
26.07.18,,900.0,0.0,P059,901.3677165000001
26.07.18,,1000.0,0.0,P071,498.51
26.07.18,,1000.0,0.0,P061,7377.0
26.07.18,,1250.0,0.0,P002,1845.0
26.07.18,,1300.0,0.0,P015,648.063
26.07.18,,1500.0,0.0,P031,747.765
26.07.18,,1500.0,0.0,P005,4665.0
26.07.18,,1500.0,0.0,P069,2214.0
26.07.18,,1900.0,0.0,P055,14016.3
26.07.18,,2600.0,0.0,P017,13700.142856399998
26.07.18,,2750.0,0.0,P049,4166.14
26.07.18,,5100.0,0.0,P002,1297.8620709
26.07.18,,6850.0,0.0,P069,1743.20689915
27.07.18,,28.35,0.0,P043,28.393083069750006
27.07.18,,42.525,0.0,P079,25.029000018225002
27.07.18,,42.525,0.0,P037,0.0
27.07.18,,100.0,0.0,P027,198.7390625
27.07.18,,155.925,0.0,P002,873.1800000000001
27.07.18,,200.0,0.0,P017,200.30393700000002
27.07.18,,200.0,0.0,P052,0.0
27.07.18,,250.0,0.0,P043,496.84765625
27.07.18,,250.0,0.0,P043,496.84765625
27.07.18,,300.0,0.0,P071,267.0
27.07.18,,326.025,1.0,P032,162.52672275
27.07.18,,350.0,0.0,P055,516.6
27.07.18,,400.0,0.0,P079,356.0
27.07.18,,400.0,0.0,P017,794.95625
27.07.18,,400.0,0.0,P063,0.0
27.07.18,,500.0,0.0,P024,0.0
27.07.18,,500.0,0.0,P002,738.0
27.07.18,,600.0,0.0,P043,4426.2
27.07.18,,750.0,1.0,P068,1940.2500000000002
27.07.18,,750.0,0.0,P043,751.13976375
27.07.18,,900.0,0.0,P079,823.0319999999999
27.07.18,,900.0,0.0,P002,1328.4
27.07.18,,1100.0,0.0,P027,1101.6716535
27.07.18,,1250.0,0.0,P049,623.1375
27.07.18,,1500.0,0.0,P079,787.5
27.07.18,,1850.0,0.0,P059,922.2435
27.07.18,,2000.0,1.0,P001,2430.0
27.07.18,,2000.0,0.0,P015,14754.0
27.07.18,,2000.0,0.0,P061,2380.0
27.07.18,,2100.0,0.0,P079,1106.7
27.07.18,,2500.0,0.0,P071,3690.0
27.07.18,,2750.0,0.0,P067,4059.0
27.07.18,,3900.0,0.0,P055,4641.0
27.07.18,,4000.0,0.0,P002,4760.0
27.07.18,,5500.0,0.0,P071,6545.0
27.07.18,,6350.0,0.0,P067,7556.5
28.07.18,,28.35,0.0,P067,56.34252421875
28.07.18,,42.525,0.0,P067,21.19913775
28.07.18,,42.525,0.0,P071,84.513786328125
28.07.18,,56.7,0.0,P002,33.3720000243
28.07.18,,70.875,0.0,P072,140.856310546875
28.07.18,,99.225,0.0,P067,197.19883476562498
28.07.18,,113.4,0.0,P071,836.5518000000001
28.07.18,,141.75,0.0,P071,141.96541534875
28.07.18,,170.1,0.0,P071,151.389
28.07.18,,200.0,0.0,P042,24.5
28.07.18,,212.625,0.0,P067,125.14500009112501
28.07.18,,250.0,0.0,P063,250.37992125000002
28.07.18,,250.0,0.0,P061,56.19318175
28.07.18,,283.5,0.0,P069,252.315
28.07.18,,326.025,0.0,P071,387.96975
28.07.18,,400.0,0.0,P027,794.95625
28.07.18,,400.0,0.0,P043,794.95625
28.07.18,,400.0,0.0,P013,2950.7999999999997
28.07.18,,425.25,0.0,P014,227.08350000000002
28.07.18,,436.325,0.0,P055,217.51237575
28.07.18,,500.0,0.0,P059,500.75984250000005
28.07.18,,500.0,0.0,P013,3688.5
28.07.18,,500.0,0.0,P069,2634.642857
28.07.18,,500.0,0.0,P067,595.0
28.07.18,,500.0,0.0,P069,171.55
28.07.18,,600.0,0.0,P069,1192.434375
28.07.18,,600.0,0.0,P067,885.6
28.07.18,,750.0,0.0,P069,892.5
28.07.18,,750.0,0.0,P031,751.13976375
28.07.18,,800.0,0.0,P069,248.0
28.07.18,,1100.0,0.0,P069,1101.6716535
28.07.18,,1500.0,0.0,P059,7903.9285709999995
28.07.18,,1600.0,0.0,P071,840.0
28.07.18,,1600.0,0.0,P069,539.4285712000001
28.07.18,,1700.0,0.0,P013,1702.5834645000002
28.07.18,,1800.0,1.0,P003,5598.0
28.07.18,,2000.0,0.0,P071,1195.7142860000001
28.07.18,,2100.0,0.0,P014,1102.5
28.07.18,,2200.0,1.0,P020,6842.0
28.07.18,,2700.0,0.0,P069,2704.1031495
28.07.18,,4000.0,0.0,P013,6602.96
28.07.18,,4000.0,0.0,P071,5680.0
28.07.18,,4000.0,0.0,P069,2108.0
28.07.18,,4000.0,0.0,P014,2108.0
28.07.18,,4500.0,0.0,P071,2371.5
29.07.18,,99.225,0.0,P036,118.07775
29.07.18,,212.625,0.0,P014,105.99568875
29.07.18,,250.0,0.0,P056,250.37992125000002
29.07.18,,250.0,0.0,P051,496.84765625
29.07.18,,250.0,0.0,P067,147.14285725000002
29.07.18,,300.0,0.0,P017,596.2171875
29.07.18,,300.0,0.0,P061,300.45590550000003
29.07.18,,500.0,0.0,P059,500.75984250000005
29.07.18,,700.0,0.0,P063,3688.4999998
29.07.18,,750.0,0.0,P079,907.5
29.07.18,,750.0,0.0,P036,1107.0
29.07.18,,1000.0,1.0,P011,1614.72
29.07.18,,1000.0,0.0,P015,1190.0
29.07.18,,1250.0,0.0,P036,1251.89960625
29.07.18,,1400.0,0.0,P067,824.0000006
29.07.18,,1400.0,0.0,P036,4158.0
29.07.18,,1500.0,0.0,P063,7903.9285709999995
29.07.18,,1600.0,0.0,P079,1904.0
29.07.18,,1600.0,0.0,P036,4752.0
29.07.18,,2000.0,0.0,P016,1050.0
29.07.18,,2500.0,0.0,P036,3025.0
29.07.18,,3100.0,0.0,P009,1824.5714299
29.07.18,,3250.0,0.0,P071,3254.9389762500005
29.07.18,,3500.0,0.0,P014,2060.0000015
29.07.18,,3500.0,0.0,P071,5166.0
29.07.18,,4250.0,0.0,P079,2239.75
29.07.18,,4500.0,0.0,P049,6817.320000000001
29.07.18,,7300.0,0.0,P061,6675.704
29.07.18,,8800.0,0.0,P079,4620.0
29.07.18,,9650.0,0.0,P005,18759.6
29.07.18,,11000.0,0.0,P049,21384.0
30.07.18,,28.35,0.0,P071,33.7365
30.07.18,,56.7,0.0,P055,245.35636362090003
30.07.18,,70.875,0.0,P021,21.97125
30.07.18,,200.0,0.0,P061,1475.3999999999999
30.07.18,,250.0,0.0,P036,496.84765625
30.07.18,,250.0,0.0,P071,369.0
30.07.18,,300.0,0.0,P014,300.45590550000003
30.07.18,,400.0,0.0,P061,484.0
30.07.18,,400.0,0.0,P027,794.95625
30.07.18,,400.0,1.0,P001,1197.24
30.07.18,,500.0,0.0,P017,653.6099585000001
30.07.18,,500.0,0.0,P017,993.6953125
30.07.18,,500.0,0.0,P040,2634.642857
30.07.18,,500.0,0.0,P071,155.0
30.07.18,,500.0,0.0,P071,155.0
30.07.18,,750.0,0.0,P009,393.75
30.07.18,,750.0,0.0,P069,751.13976375
30.07.18,,750.0,0.0,P071,1107.0
30.07.18,,800.0,0.0,P014,5901.599999999999
30.07.18,,800.0,0.0,P067,248.0
30.07.18,,800.0,0.0,P067,1180.8
30.07.18,,900.0,0.0,P014,480.6
30.07.18,,900.0,0.0,P055,1328.4
30.07.18,,1000.0,0.0,P014,525.0
30.07.18,,1000.0,1.0,P001,2013.76
30.07.18,,1000.0,0.0,P009,534.0
30.07.18,,1000.0,0.0,P031,3110.0
30.07.18,,1000.0,0.0,P002,1001.5196850000001
30.07.18,,1000.0,0.0,P079,1476.0
30.07.18,,1250.0,0.0,P031,3887.5
30.07.18,,1250.0,0.0,P069,1251.89960625
30.07.18,,1250.0,0.0,P015,1845.0
30.07.18,,1300.0,0.0,P002,682.5
30.07.18,,1400.0,0.0,P055,1666.0
30.07.18,,1500.0,0.0,P036,2214.0
30.07.18,,1600.0,0.0,P002,840.0
30.07.18,,1600.0,0.0,P061,843.2
30.07.18,,1750.0,1.0,P073,2117.5
30.07.18,,1750.0,0.0,P002,934.5
30.07.18,,2250.0,0.0,P036,1185.75
30.07.18,,2400.0,0.0,P009,1264.8
30.07.18,,2500.0,0.0,P069,2286.2
30.07.18,,2600.0,0.0,P057,1370.2
30.07.18,,3100.0,0.0,P071,3689.0
30.07.18,,3500.0,0.0,P031,10885.0
30.07.18,,3700.0,0.0,P067,4403.0
31.07.18,,28.35,0.0,P057,
31.07.18,,100.0,0.0,P071,58.85714290000001
31.07.18,,113.4,0.0,P071,134.946
31.07.18,,184.275,0.0,P059,184.55503995337503
31.07.18,,200.0,0.0,P014,62.0
31.07.18,,200.0,0.0,P061,62.0
31.07.18,,226.8,0.0,P063,227.14466455800004
31.07.18,,250.0,0.0,P061,496.84765625
31.07.18,,250.0,0.0,P039,147.14285725000002
31.07.18,,300.0,0.0,P014,596.2171875
31.07.18,,354.375,0.0,P009,354.91353837187506
31.07.18,,400.0,0.0,P016,49.0
31.07.18,,400.0,0.0,P067,199.404
31.07.18,,400.0,0.0,P024,2950.7999999999997
31.07.18,,500.0,0.0,P067,61.25
31.07.18,,500.0,0.0,P067,294.28571450000004
31.07.18,,500.0,0.0,P074,3688.5
31.07.18,,500.0,0.0,P039,738.0
31.07.18,,700.0,0.0,P039,701.0637795000001
31.07.18,,918.825,0.0,P071,458.04345075000003
31.07.18,,1100.0,0.0,P057,1309.0
31.07.18,,1400.0,0.0,P056,171.5
31.07.18,,1400.0,0.0,P071,1666.0
31.07.18,,1400.0,0.0,P009,1666.0
31.07.18,,1750.0,0.0,P039,5197.5
31.07.18,,2000.0,1.0,P080,1100.0
31.07.18,,2300.0,0.0,P042,2737.0
31.07.18,,2600.0,0.0,P079,1365.0
31.07.18,,2650.0,0.0,P015,3153.5
31.07.18,,3500.0,1.0,P034,4235.0
31.07.18,,6750.0,0.0,P059,10225.980000000001
01.08.18,,85.05,0.0,P018,169.02757265625
01.08.18,,100.0,0.0,P037,737.6999999999999
01.08.18,,113.4,0.0,P036,113.57233227900002
01.08.18,,127.575,0.0,P069,75.087000054675
01.08.18,,155.925,0.0,P015,91.773000066825
01.08.18,,198.45,0.0,P036,61.519499999999994
01.08.18,,212.625,0.0,P042,125.14500009112501
01.08.18,,250.0,0.0,P027,250.37992125000002
01.08.18,,250.0,0.0,P018,496.84765625
01.08.18,,250.0,0.0,P018,250.37992125000002
01.08.18,,255.15,0.0,P037,79.0965
01.08.18,,300.0,0.0,P008,158.1
01.08.18,,300.0,0.0,P036,176.5714287
01.08.18,,300.0,0.0,P009,39.96
01.08.18,,400.0,0.0,P067,590.4
01.08.18,,500.0,0.0,P052,263.5
01.08.18,,500.0,0.0,P072,61.25
01.08.18,,500.0,0.0,P069,3688.5
01.08.18,,500.0,0.0,P079,595.0
01.08.18,,600.0,0.0,P055,186.0
01.08.18,,600.0,0.0,P005,186.0
01.08.18,,800.0,0.0,P067,1589.9125
01.08.18,,900.0,0.0,P059,448.659
01.08.18,,900.0,0.0,P069,279.0
01.08.18,,1000.0,0.0,P009,890.0
01.08.18,,1100.0,0.0,P067,1623.6
01.08.18,,1600.0,0.0,P055,8430.8571424
01.08.18,,1700.0,0.0,P079,527.0
01.08.18,,1750.0,0.0,P036,2117.5
01.08.18,,1750.0,0.0,P036,3477.93359375
01.08.18,,2000.0,0.0,P079,2003.0393700000002
01.08.18,,2400.0,0.0,P016,2856.0
01.08.18,,2800.0,0.0,P009,868.0
01.08.18,,3600.0,0.0,P049,5453.856000000001
01.08.18,,3700.0,0.0,P071,4403.0
01.08.18,,3750.0,0.0,P042,4462.5
01.08.18,,5200.0,0.0,P067,6188.0
01.08.18,,12750.0,0.0,P040,24786.0
10.08.18,,56.7,0.0,P015,56.78616613950001
10.08.18,,100.0,0.0,P016,58.85714290000001
10.08.18,,100.0,0.0,P042,58.85714290000001
10.08.18,,100.0,0.0,P026,58.85714290000001
10.08.18,,100.0,0.0,P029,22.4772727
10.08.18,,113.4,0.0,P061,66.7440000486
10.08.18,,141.75,0.0,P071,72.43425
10.08.18,,170.1,0.0,P015,100.11600007290001
10.08.18,,198.45,0.0,P014,116.80200008505
10.08.18,,200.0,0.0,P016,238.0
10.08.18,,250.0,0.0,P040,172.0
10.08.18,,300.0,0.0,P071,149.553
10.08.18,,400.0,0.0,P051,49.0
10.08.18,,400.0,0.0,P026,235.42857160000003
10.08.18,,500.0,0.0,P050,993.6953125
10.08.18,,500.0,0.0,P036,294.28571450000004
10.08.18,,600.0,0.0,P074,73.5
10.08.18,,600.0,0.0,P061,1192.434375
10.08.18,,600.0,0.0,P057,353.1428574
10.08.18,,600.0,0.0,P061,353.1428574
10.08.18,,750.0,0.0,P017,168.57954525
10.08.18,,1500.0,0.0,P040,1575.0
10.08.18,,1500.0,0.0,P015,337.1590905
10.08.18,,1500.0,0.0,P016,896.7857145
10.08.18,,2500.0,0.0,P040,2350.0
10.08.18,,3750.0,0.0,P014,5535.0
10.08.18,,20150.0,0.0,P040,39171.6
11.08.18,,42.525,0.0,P025,5.6681848062
11.08.18,,42.525,0.0,P050,5.6681848062
11.08.18,,70.875,0.0,P026,41.715000030375
11.08.18,,70.875,0.0,P016,9.446974677
11.08.18,,99.225,0.0,P072,99.375790744125
11.08.18,,100.0,0.0,P071,68.8
11.08.18,,150.0,0.0,P037,190.905
11.08.18,,200.0,0.0,P025,1475.3999999999999
11.08.18,,200.0,0.0,P025,238.0
11.08.18,,200.0,0.0,P071,88.0
11.08.18,,212.625,0.0,P039,125.14500009112501
11.08.18,,250.0,0.0,P051,30.625
11.08.18,,250.0,0.0,P026,110.0
11.08.18,,300.0,0.0,P073,274.344
11.08.18,,300.0,0.0,P071,2213.1
11.08.18,,500.0,0.0,P071,595.0
11.08.18,,500.0,0.0,P036,595.0
11.08.18,,500.0,0.0,P040,993.6953125
11.08.18,,500.0,0.0,P016,3688.5
11.08.18,,750.0,0.0,P010,2332.5
11.08.18,,800.0,1.0,P054,550.4
11.08.18,,800.0,0.0,P005,2488.0
11.08.18,,800.0,0.0,P025,4215.4285712
11.08.18,,850.0,0.0,P015,500.28571465000005
11.08.18,,850.0,0.0,P073,6270.45
11.08.18,,1000.0,0.0,P069,7377.0
11.08.18,,1000.0,0.0,P067,597.8571430000001
11.08.18,,1000.0,0.0,P057,317.777778
11.08.18,,1100.0,0.0,P028,579.7
11.08.18,,1100.0,0.0,P042,1309.0
11.08.18,,1250.0,0.0,P040,280.96590875
11.08.18,,1650.0,0.0,P005,5131.5
11.08.18,,1700.0,0.0,P026,453.90000000000003
11.08.18,,2000.0,0.0,P055,1195.7142860000001
11.08.18,,2100.0,0.0,P036,2499.0
11.08.18,,2500.0,0.0,P057,2975.0
11.08.18,,2500.0,0.0,P025,2975.0
11.08.18,,2600.0,0.0,P013,584.4090902
11.08.18,,2600.0,0.0,P014,3094.0
11.08.18,,2900.0,0.0,P071,3451.0
11.08.18,,3250.0,0.0,P026,3867.5
11.08.18,,3400.0,0.0,P059,5150.8640000000005
11.08.18,,3750.0,0.0,P028,7290.0
11.08.18,,4000.0,0.0,P039,4760.0
11.08.18,,5750.0,0.0,P067,6842.5
11.08.18,,6100.0,0.0,P055,7259.0
11.08.18,,6500.0,0.0,P069,7735.0
11.08.18,,9900.0,0.0,P005,30789.0
12.08.18,,70.875,0.0,P059,89.31384
12.08.18,,100.0,0.0,P071,31.0
12.08.18,,200.0,0.0,P026,238.0
12.08.18,,200.0,0.0,P026,295.2
12.08.18,,250.0,0.0,P028,133.5
12.08.18,,300.0,0.0,P061,176.5714287
12.08.18,,400.0,0.0,P071,365.792
12.08.18,,400.0,0.0,P031,794.95625
12.08.18,,500.0,0.0,P028,344.0
12.08.18,,500.0,0.0,P067,155.0
12.08.18,,600.0,0.0,P071,630.0
12.08.18,,600.0,0.0,P059,1866.0
12.08.18,,600.0,0.0,P015,353.1428574
12.08.18,,700.0,0.0,P028,623.0
12.08.18,,750.0,0.0,P067,787.5
12.08.18,,750.0,0.0,P067,685.86
12.08.18,,750.0,0.0,P036,516.0
12.08.18,,750.0,1.0,P001,1441.965
12.08.18,,800.0,0.0,P057,968.0
12.08.18,,900.0,0.0,P071,823.0319999999999
12.08.18,,1000.0,0.0,P036,1476.0
12.08.18,,1100.0,0.0,P050,1623.6
12.08.18,,1200.0,0.0,P036,1097.376
12.08.18,,1250.0,0.0,P036,658.75
12.08.18,,1300.0,0.0,P057,685.1
12.08.18,,1400.0,0.0,P055,171.5
12.08.18,,1500.0,0.0,P057,801.0
12.08.18,,1600.0,0.0,P050,843.2
12.08.18,,1700.0,0.0,P028,1554.616
12.08.18,,1700.0,0.0,P017,1169.6
12.08.18,,1750.0,0.0,P028,922.25
12.08.18,,1750.0,0.0,P059,5442.5
12.08.18,,2250.0,0.0,P055,3321.0
12.08.18,,2600.0,0.0,P059,3938.896
12.08.18,,2750.0,0.0,P015,3272.5
12.08.18,,3100.0,0.0,P028,788.8965529
12.08.18,,3500.0,0.0,P031,3505.3188975000003
12.08.18,,3600.0,0.0,P067,1897.2
12.08.18,,3600.0,0.0,P071,1897.2
12.08.18,,4750.0,0.0,P040,14107.500000000002
13.08.18,,28.35,0.0,P071,19.5048
13.08.18,,42.525,0.0,P043,53.588303999999994
13.08.18,,56.7,0.0,P070,112.6850484375
13.08.18,,56.7,0.0,P036,33.3720000243
13.08.18,,56.7,0.0,P073,338.1021
13.08.18,,56.7,0.0,P073,19.453770000000002
13.08.18,,70.875,0.0,P027,70.982707674375
13.08.18,,70.875,0.0,P071,422.627625
13.08.18,,100.0,0.0,P055,100.15196850000001
13.08.18,,200.0,1.0,P022,236.0
13.08.18,,300.0,1.0,P022,546.0
13.08.18,,400.0,0.0,P069,2950.7999999999997
13.08.18,,400.0,0.0,P069,476.0
13.08.18,,500.0,0.0,P005,993.6953125
13.08.18,,500.0,0.0,P016,2634.642857
13.08.18,,600.0,0.0,P069,885.6
13.08.18,,600.0,0.0,P055,885.6
13.08.18,,800.0,0.0,P067,952.0
13.08.18,,1000.0,1.0,P022,2013.76
13.08.18,,1100.0,0.0,P055,2186.1296875
13.08.18,,1200.0,0.0,P079,1097.376
13.08.18,,1200.0,0.0,P069,2384.86875
13.08.18,,1300.0,0.0,P079,1365.0
13.08.18,,1500.0,0.0,P055,1032.0
13.08.18,,1500.0,0.0,P036,2214.0
13.08.18,,1600.0,0.0,P079,840.0
13.08.18,,2100.0,0.0,P014,1102.5
13.08.18,,2300.0,0.0,P069,2303.4952755000004
13.08.18,,2750.0,0.0,P079,1449.25
13.08.18,,3000.0,0.0,P079,1575.0
13.08.18,,3250.0,0.0,P010,4923.62
13.08.18,,4200.0,0.0,P005,3792.6
13.08.18,,4350.0,0.0,P071,5176.5
13.08.18,,4500.0,0.0,P042,5355.0
13.08.18,,5050.0,0.0,P015,1285.13793295
13.08.18,,5500.0,0.0,P036,6545.0
13.08.18,,8100.0,0.0,P031,8112.309448500001
14.08.18,,28.35,0.0,P017,35.725536
14.08.18,,56.7,0.0,P055,33.3720000243
14.08.18,,85.05,0.0,P059,107.17660799999999
14.08.18,,168.825,0.0,P010,525.04575
14.08.18,,200.0,0.0,P008,182.896
14.08.18,,200.0,0.0,P052,105.4
14.08.18,,200.0,0.0,P036,117.71428580000001
14.08.18,,200.0,0.0,P025,295.2
14.08.18,,300.0,0.0,P015,357.0
14.08.18,,400.0,0.0,P071,134.85714280000002
14.08.18,,500.0,1.0,P030,344.0
14.08.18,,500.0,0.0,P063,61.25
14.08.18,,500.0,0.0,P071,112.3863635
14.08.18,,600.0,0.0,P040,714.0
14.08.18,,800.0,0.0,P055,1045.7759336000001
14.08.18,,800.0,0.0,P025,952.0
14.08.18,,1250.0,1.0,P022,153.125
14.08.18,,1400.0,0.0,P059,963.1999999999999
14.08.18,,1400.0,1.0,P048,1288.0
14.08.18,,1500.0,0.0,P071,790.5
14.08.18,,1500.0,0.0,P050,790.5
14.08.18,,1600.0,0.0,P015,843.2
14.08.18,,1900.0,0.0,P067,2804.4
14.08.18,,2000.0,0.0,P069,1195.7142860000001
14.08.18,,2350.0,0.0,P057,2796.5
14.08.18,,2700.0,0.0,P016,3213.0
14.08.18,,3800.0,0.0,P061,4522.0
14.08.18,,4250.0,0.0,P014,5057.5
14.08.18,,5000.0,0.0,P036,6050.0
14.08.18,,7700.0,0.0,P067,9163.0
14.08.18,,9250.0,0.0,P017,2353.96552075
15.08.18,,28.35,0.0,P025,16.68600001215
15.08.18,,56.7,0.0,P016,33.3720000243
15.08.18,,100.0,0.0,P036,58.85714290000001
15.08.18,,200.0,0.0,P036,137.6
15.08.18,,200.0,0.0,P015,117.71428580000001
15.08.18,,200.0,0.0,P009,117.71428580000001
15.08.18,,200.0,0.0,P016,1475.3999999999999
15.08.18,,250.0,0.0,P014,56.19318175
15.08.18,,400.0,0.0,P061,356.0
15.08.18,,400.0,0.0,P027,476.0
15.08.18,,400.0,0.0,P020,1244.0
15.08.18,,400.0,0.0,P040,2950.7999999999997
15.08.18,,500.0,0.0,P061,112.3863635
15.08.18,,600.0,0.0,P036,600.9118110000001
15.08.18,,600.0,0.0,P057,134.8636362
15.08.18,,600.0,0.0,P026,186.0
15.08.18,,700.0,0.0,P009,481.59999999999997
15.08.18,,700.0,0.0,P042,833.0
15.08.18,,750.0,0.0,P052,91.875
15.08.18,,800.0,0.0,P026,1210.3771432
15.08.18,,900.0,0.0,P049,202.29545430000002
15.08.18,,950.0,0.0,P009,951.4437007500001
15.08.18,,1050.0,0.0,P026,1249.5
15.08.18,,1100.0,0.0,P079,577.5
15.08.18,,1250.0,0.0,P028,387.5
15.08.18,,1500.0,0.0,P020,4665.0
15.08.18,,1500.0,0.0,P040,2981.0859375
15.08.18,,1750.0,0.0,P073,2583.0
15.08.18,,1900.0,0.0,P009,14016.3
15.08.18,,2200.0,0.0,P028,1159.4
15.08.18,,2250.0,0.0,P013,2057.58
15.08.18,,3000.0,0.0,P079,2743.44
15.08.18,,3350.0,0.0,P071,4053.5
15.08.18,,3900.0,0.0,P049,4641.0
15.08.18,,4250.0,0.0,P020,13217.5
15.08.18,,4250.0,0.0,P079,4256.458661250001
15.08.18,,4318.825,0.0,P010,13431.54575
15.08.18,,4400.0,0.0,P020,13684.0
15.08.18,,4500.0,0.0,P061,2690.3571435000003
15.08.18,,4800.0,0.0,P040,14256.000000000002
15.08.18,,5250.0,0.0,P026,2766.75
15.08.18,,10350.0,0.0,P067,12523.5
15.08.18,,10750.0,0.0,P073,13007.5
16.08.18,,0.9,0.0,P067,0.279
16.08.18,,56.7,0.0,P015,19.453770000000002
16.08.18,,100.0,0.0,P015,119.0
16.08.18,,100.0,0.0,P005,33.714285700000005
16.08.18,,141.75,0.0,P069,180.405225
16.08.18,,141.75,0.0,P028,83.43000006075
16.08.18,,150.0,0.0,P071,103.19999999999999
16.08.18,,200.0,0.0,P036,117.71428580000001
16.08.18,,200.0,0.0,P016,1053.8571428
16.08.18,,200.0,0.0,P045,1053.8571428
16.08.18,,212.625,0.0,P039,125.14500009112501
16.08.18,,250.0,0.0,P072,30.625
16.08.18,,250.0,0.0,P025,79.4444445
16.08.18,,250.0,0.0,P042,33.322662
16.08.18,,300.0,0.0,P069,176.5714287
16.08.18,,300.0,0.0,P073,176.5714287
16.08.18,,350.0,0.0,P015,46.651726800000006
16.08.18,,400.0,0.0,P071,275.2
16.08.18,,400.0,0.0,P056,49.0
16.08.18,,400.0,0.0,P079,235.42857160000003
16.08.18,,400.0,0.0,P071,2950.7999999999997
16.08.18,,400.0,0.0,P024,127.11111120000001
16.08.18,,400.0,0.0,P016,127.11111120000001
16.08.18,,400.0,0.0,P029,127.11111120000001
16.08.18,,450.0,0.0,P074,55.125
16.08.18,,500.0,0.0,P071,263.5
16.08.18,,500.0,0.0,P050,3688.5
16.08.18,,500.0,0.0,P036,738.0
16.08.18,,600.0,0.0,P071,714.0
16.08.18,,650.0,0.0,P050,773.5
16.08.18,,700.0,0.0,P015,5163.9
16.08.18,,900.0,0.0,P050,619.1999999999999
16.08.18,,1000.0,0.0,P069,122.5
16.08.18,,1350.0,0.0,P026,711.45
16.08.18,,1400.0,0.0,P015,471.9999998
16.08.18,,1500.0,0.0,P039,1785.0
16.08.18,,1750.0,0.0,P079,3402.0
16.08.18,,2200.0,0.0,P036,2662.0
16.08.18,,2250.0,0.0,P005,572.58620775
16.08.18,,2750.0,0.0,P043,4059.0
16.08.18,,3100.0,0.0,P005,2132.7999999999997
16.08.18,,3400.0,0.0,P040,2339.2
16.08.18,,12650.0,0.0,P017,24591.6
17.08.18,,100.0,0.0,P029,22.4772727
17.08.18,,100.0,0.0,P009,31.0
17.08.18,,100.0,0.0,P061,147.6
17.08.18,,150.0,0.0,P026,74.7765
17.08.18,,150.0,0.0,P015,88.28571435
17.08.18,,150.0,0.0,P079,19.993597200000004
17.08.18,,200.0,0.0,P061,238.0
17.08.18,,200.0,0.0,P009,117.71428580000001
17.08.18,,200.0,0.0,P061,117.71428580000001
17.08.18,,250.0,0.0,P026,147.14285725000002
17.08.18,,250.0,0.0,P015,77.5
17.08.18,,300.0,0.0,P036,176.5714287
17.08.18,,500.0,0.0,P026,249.255
17.08.18,,500.0,0.0,P026,294.28571450000004
17.08.18,,600.0,0.0,P016,73.5
17.08.18,,600.0,0.0,P057,73.5
17.08.18,,600.0,0.0,P051,73.5
17.08.18,,700.0,0.0,P024,85.75
17.08.18,,700.0,0.0,P042,85.75
17.08.18,,750.0,0.0,P052,91.875
17.08.18,,900.0,0.0,P015,110.25
17.08.18,,1000.0,0.0,P079,337.142857
17.08.18,,1200.0,0.0,P026,1771.2
17.08.18,,1300.0,0.0,P079,1573.0
17.08.18,,1300.0,0.0,P074,894.4
17.08.18,,1500.0,0.0,P069,1785.0
17.08.18,,1900.0,0.0,P056,10011.6428566
17.08.18,,2750.0,0.0,P036,2514.8199999999997
17.08.18,,4300.0,0.0,P079,8359.199999999999
17.08.18,,9250.0,0.0,P079,4856.25
17.08.18,,20000.0,0.0,P040,38880.0
17.08.18,,22250.0,0.0,P005,43254.0
18.08.18,,28.35,0.0,P061,19.5048
18.08.18,,56.7,0.0,P063,39.0096
18.08.18,,56.7,0.0,P071,
18.08.18,,85.05,0.0,P014,50.058000036450004
18.08.18,,100.0,0.0,P059,216.22400000000002
18.08.18,,100.0,0.0,P063,
18.08.18,,150.0,0.0,P061,1106.55
18.08.18,,200.0,0.0,P014,105.4
18.08.18,,200.0,1.0,P006,106.80000000000001
18.08.18,,200.0,0.0,P063,200.30393700000002
18.08.18,,200.0,0.0,P074,44.9545454
18.08.18,,200.0,0.0,P063,238.0
18.08.18,,250.0,0.0,P036,297.5
18.08.18,,250.0,0.0,P024,1317.3214285
18.08.18,,300.0,0.0,P061,176.5714287
18.08.18,,400.0,0.0,P029,89.9090908
18.08.18,,400.0,0.0,P051,127.11111120000001
18.08.18,,500.0,0.0,P016,263.5
18.08.18,,500.0,0.0,P051,344.0
18.08.18,,500.0,0.0,P079,294.28571450000004
18.08.18,,500.0,0.0,P024,112.3863635
18.08.18,,500.0,0.0,P024,2634.642857
18.08.18,,500.0,0.0,P063,155.0
18.08.18,,750.0,0.0,P079,232.5
18.08.18,,900.0,0.0,P036,474.3
18.08.18,,900.0,0.0,P026,474.3
18.08.18,,900.0,1.0,P006,801.0
18.08.18,,950.0,0.0,P056,7008.15
18.08.18,,1100.0,0.0,P026,1331.0
18.08.18,,1500.0,0.0,P050,790.5
18.08.18,,2200.0,0.0,P071,1159.4
18.08.18,,2500.0,0.0,P028,4860.0
18.08.18,,4000.0,0.0,P071,12960.0
18.08.18,,4150.0,0.0,P071,8067.599999999999
18.08.18,,4750.0,0.0,P028,9234.0
18.08.18,,6350.0,0.0,P071,12344.4
18.08.18,,6850.0,0.0,P063,8151.5
19.08.18,,100.0,0.0,P071,147.6
19.08.18,,300.0,0.0,P036,784.242
19.08.18,,400.0,0.0,P057,2950.7999999999997
19.08.18,,400.0,0.0,P014,476.0
19.08.18,,500.0,0.0,P015,155.0
19.08.18,,800.0,0.0,P079,470.85714320000005
19.08.18,,1300.0,0.0,P036,9590.1
19.08.18,,2100.0,0.0,P057,2499.0
19.08.18,,2400.0,0.0,P036,2856.0
19.08.18,,2500.0,0.0,P031,2069.8
19.08.18,,2650.0,0.0,P071,3153.5
19.08.18,,2850.0,0.0,P009,3391.5
19.08.18,,3200.0,0.0,P028,3808.0
19.08.18,,3700.0,0.0,P079,3383.576
19.08.18,,4250.0,0.0,P079,2231.25
19.08.18,,5150.0,0.0,P026,2714.05
02.08.18,,28.35,0.0,P039,16.68600001215
02.08.18,,28.35,0.0,P039,8.7885
02.08.18,,42.525,0.0,P002,42.589624604625
02.08.18,,56.7,0.0,P016,33.3720000243
02.08.18,,70.875,0.0,P059,140.856310546875
02.08.18,,85.05,0.0,P015,50.058000036450004
02.08.18,,100.0,1.0,P062,89.0
02.08.18,,100.0,0.0,P036,31.0
02.08.18,,113.4,0.0,P042,56.531034000000005
02.08.18,,113.4,0.0,P073,15.115159483200003
02.08.18,,127.575,0.0,P059,127.76887381387502
02.08.18,,170.1,0.0,P059,348.96014999999994
02.08.18,,200.0,0.0,P015,238.0
02.08.18,,200.0,0.0,P067,62.0
02.08.18,,250.0,1.0,P062,133.5
02.08.18,,250.0,0.0,P036,147.14285725000002
02.08.18,,250.0,0.0,P071,77.5
02.08.18,,250.0,0.0,P055,369.0
02.08.18,,250.0,0.0,P071,369.0
02.08.18,,300.0,0.0,P061,176.5714287
02.08.18,,300.0,0.0,P061,93.0
02.08.18,,350.0,0.0,P039,350.53188975000006
02.08.18,,400.0,0.0,P015,400.60787400000004
02.08.18,,400.0,0.0,P042,2950.7999999999997
02.08.18,,500.0,1.0,P032,993.6953125
02.08.18,,500.0,0.0,P067,294.28571450000004
02.08.18,,500.0,0.0,P079,155.0
02.08.18,,600.0,1.0,P062,320.40000000000003
02.08.18,,600.0,0.0,P063,73.5
02.08.18,,600.0,0.0,P070,73.5
02.08.18,,700.0,0.0,P042,5163.9
02.08.18,,750.0,0.0,P042,1107.0
02.08.18,,800.0,0.0,P071,4215.4285712
02.08.18,,1000.0,0.0,P071,7377.0
02.08.18,,1000.0,0.0,P069,597.8571430000001
02.08.18,,1150.0,0.0,P071,1368.5
02.08.18,,1250.0,0.0,P025,1512.5
02.08.18,,1400.0,0.0,P071,7376.9999996
02.08.18,,1400.0,0.0,P039,1666.0
02.08.18,,1500.0,0.0,P024,896.7857145
02.08.18,,1500.0,0.0,P002,1785.0
02.08.18,,1500.0,1.0,P032,4455.0
02.08.18,,1500.0,0.0,P079,2214.0
02.08.18,,1700.0,1.0,P032,2057.0
02.08.18,,2250.0,0.0,P079,2362.5
02.08.18,,2250.0,0.0,P042,1185.75
02.08.18,,2600.0,0.0,P079,1365.0
02.08.18,,2750.0,0.0,P073,24695.0
02.08.18,,3018.825,0.0,P015,3592.4017499999995
02.08.18,,3900.0,0.0,P079,11583.0
02.08.18,,4000.0,0.0,P002,1017.9310360000001
02.08.18,,6250.0,0.0,P079,3281.25
02.08.18,,9750.0,0.0,P073,11797.5
02.08.18,,10100.0,0.0,P071,12221.0
02.08.18,,10850.0,0.0,P014,13128.5
02.08.18,,15250.0,0.0,P009,18452.5
02.08.18,,24600.0,0.0,P042,25830.0
02.08.18,,25250.0,0.0,P042,13256.25
20.08.18,,100.0,0.0,P005,242.315515
20.08.18,,100.0,0.0,P043,68.8
20.08.18,,100.0,0.0,P009,34.31
20.08.18,,200.0,0.0,P016,1475.3999999999999
20.08.18,,250.0,0.0,P005,295.0
20.08.18,,250.0,0.0,P057,172.0
20.08.18,,250.0,0.0,P057,1844.25
20.08.18,,300.0,0.0,P040,354.0
20.08.18,,300.0,0.0,P026,274.344
20.08.18,,500.0,0.0,P005,1020.8
20.08.18,,700.0,0.0,P029,85.75
20.08.18,,1000.0,0.0,P051,122.5
20.08.18,,1100.0,0.0,P071,579.7
20.08.18,,1250.0,0.0,P016,1487.5
20.08.18,,1250.0,0.0,P016,1487.5
20.08.18,,1400.0,0.0,P014,1666.0
20.08.18,,1500.0,0.0,P017,2476.11
20.08.18,,1500.0,0.0,P059,3339.0
20.08.18,,1500.0,0.0,P074,183.75
20.08.18,,1600.0,0.0,P039,1904.0
20.08.18,,1700.0,0.0,P043,5287.0
20.08.18,,1900.0,0.0,P031,3136.4060000000004
20.08.18,,1900.0,0.0,P057,2261.0
20.08.18,,1900.0,0.0,P014,2261.0
20.08.18,,2000.0,0.0,P039,2952.0
20.08.18,,2100.0,0.0,P040,3466.554
20.08.18,,2250.0,0.0,P049,3714.1650000000004
20.08.18,,2500.0,0.0,P074,1977.5
20.08.18,,3000.0,0.0,P071,763.448277
20.08.18,,3750.0,0.0,P059,6190.275000000001
20.08.18,,4100.0,0.0,P005,6768.034000000001
20.08.18,,4100.0,0.0,P009,4879.0
20.08.18,,5200.0,0.0,P071,6188.0
20.08.18,,5500.0,0.0,P067,6545.0
21.08.18,,85.05,0.0,P036,11.3363696124
21.08.18,,100.0,0.0,P079,91.448
21.08.18,,100.0,0.0,P037,52.7
21.08.18,,113.4,0.0,P015,
21.08.18,,150.0,0.0,P052,221.4
21.08.18,,200.0,0.0,P015,137.6
21.08.18,,200.0,0.0,P079,238.0
21.08.18,,200.0,0.0,P014,62.0
21.08.18,,250.0,0.0,P069,84.28571425
21.08.18,,250.0,0.0,P025,369.0
21.08.18,,300.0,0.0,P049,1221.0
21.08.18,,300.0,0.0,P042,596.2171875
21.08.18,,400.0,0.0,P042,2950.7999999999997
21.08.18,,400.0,0.0,P042,590.4
21.08.18,,500.0,0.0,P015,294.28571450000004
21.08.18,,500.0,0.0,P059,112.3863635
21.08.18,,500.0,0.0,P071,170.0
21.08.18,,600.0,0.0,P049,316.2
21.08.18,,600.0,0.0,P055,186.0
21.08.18,,600.0,0.0,P059,1782.0000000000002
21.08.18,,650.0,0.0,P014,341.25
21.08.18,,750.0,0.0,P015,892.5
21.08.18,,900.0,0.0,P014,210.60000000000002
21.08.18,,1000.0,0.0,P036,914.4799999999999
21.08.18,,1000.0,0.0,P040,224.772727
21.08.18,,1000.0,0.0,P031,224.772727
21.08.18,,1250.0,0.0,P026,735.7142862500001
21.08.18,,1400.0,0.0,P026,171.5
21.08.18,,1500.0,0.0,P036,790.5
21.08.18,,1600.0,0.0,P079,1904.0
21.08.18,,1750.0,0.0,P042,5197.5
21.08.18,,1850.0,0.0,P036,623.71428545
21.08.18,,2250.0,0.0,P071,758.57142825
21.08.18,,2750.0,0.0,P055,2514.8199999999997
21.08.18,,3100.0,0.0,P069,2834.888
21.08.18,,3250.0,0.0,P079,1706.25
21.08.18,,3600.0,0.0,P059,6998.4
21.08.18,,4000.0,0.0,P009,2108.0
21.08.18,,4250.0,0.0,P014,3886.54
21.08.18,,5250.0,0.0,P031,15592.500000000002
21.08.18,,11000.0,0.0,P009,21384.0
21.08.18,,11350.0,0.0,P069,5958.75
21.08.18,,15000.0,0.0,P059,26730.0
21.08.18,,21200.0,0.0,P049,41212.799999999996
21.08.18,,22250.0,0.0,P040,43254.0
22.08.18,,28.35,0.0,P037,14.940450000000002
22.08.18,,28.35,0.0,P042,19.5048
22.08.18,,42.525,0.0,P052,22.410675
22.08.18,,56.7,0.0,P057,
22.08.18,,85.05,0.0,P045,44.82135
22.08.18,,99.225,0.0,P005,13.2257645478
22.08.18,,100.0,0.0,P042,58.85714290000001
22.08.18,,100.0,0.0,P036,147.6
22.08.18,,150.0,0.0,P057,88.28571435
22.08.18,,200.0,0.0,P016,117.71428580000001
22.08.18,,250.0,0.0,P040,172.0
22.08.18,,250.0,0.0,P069,147.14285725000002
22.08.18,,250.0,0.0,P015,147.14285725000002
22.08.18,,250.0,0.0,P057,1844.25
22.08.18,,300.0,0.0,P042,442.8
22.08.18,,350.0,0.0,P026,240.79999999999998
22.08.18,,400.0,0.0,P014,275.2
22.08.18,,400.0,0.0,P017,590.4
22.08.18,,600.0,0.0,P070,73.5
22.08.18,,600.0,0.0,P072,73.5
22.08.18,,700.0,0.0,P050,481.59999999999997
22.08.18,,750.0,0.0,P014,892.5
22.08.18,,800.0,0.0,P061,550.4
22.08.18,,800.0,0.0,P067,470.85714320000005
22.08.18,,850.0,0.0,P016,584.8
22.08.18,,900.0,0.0,P057,619.1999999999999
22.08.18,,1150.0,0.0,P067,791.1999999999999
22.08.18,,1250.0,1.0,P060,656.25
22.08.18,,1400.0,0.0,P071,963.1999999999999
22.08.18,,1700.0,0.0,P020,1564.0
22.08.18,,1900.0,0.0,P015,2261.0
22.08.18,,2100.0,0.0,P042,2499.0
22.08.18,,2100.0,0.0,P036,2499.0
22.08.18,,3100.0,1.0,P060,6026.4
22.08.18,,3500.0,0.0,P040,786.7045445
22.08.18,,4200.0,0.0,P005,12474.0
23.08.18,,70.875,0.0,P016,41.715000030375
23.08.18,,100.0,0.0,P079,13.329064800000001
23.08.18,,200.0,0.0,P028,137.6
23.08.18,,200.0,0.0,P026,137.6
23.08.18,,250.0,0.0,P037,131.75
23.08.18,,250.0,0.0,P028,1844.25
23.08.18,,300.0,0.0,P072,206.39999999999998
23.08.18,,400.0,0.0,P059,53.72
23.08.18,,500.0,0.0,P016,344.0
23.08.18,,500.0,0.0,P018,344.0
23.08.18,,500.0,0.0,P051,344.0
23.08.18,,500.0,0.0,P027,249.255
23.08.18,,600.0,0.0,P063,412.79999999999995
23.08.18,,600.0,0.0,P057,412.79999999999995
23.08.18,,600.0,0.0,P050,412.79999999999995
23.08.18,,600.0,0.0,P020,714.0
23.08.18,,600.0,0.0,P079,600.9118110000001
23.08.18,,750.0,0.0,P024,516.0
23.08.18,,750.0,0.0,P074,91.875
23.08.18,,800.0,0.0,P069,420.0
23.08.18,,900.0,0.0,P036,945.0
23.08.18,,1100.0,0.0,P036,8114.7
23.08.18,,1100.0,0.0,P020,2138.4
23.08.18,,1250.0,0.0,P049,3887.5
23.08.18,,1250.0,0.0,P014,1487.5
23.08.18,,1350.0,0.0,P059,672.9885
23.08.18,,1500.0,0.0,P026,790.5
23.08.18,,1600.0,0.0,P026,840.0
23.08.18,,1700.0,0.0,P020,3304.7999999999997
23.08.18,,1800.0,0.0,P028,945.0
23.08.18,,1800.0,0.0,P071,220.5
23.08.18,,1818.825,0.0,P042,222.8060625
23.08.18,,2100.0,0.0,P017,6237.0
23.08.18,,2200.0,0.0,P071,1513.6
23.08.18,,2250.0,0.0,P049,6997.5
23.08.18,,2400.0,0.0,P026,1260.0
23.08.18,,2500.0,0.0,P020,4860.0
23.08.18,,3000.0,0.0,P036,1581.0
23.08.18,,3000.0,0.0,P067,3570.0
23.08.18,,3200.0,0.0,P079,1686.4
23.08.18,,4100.0,0.0,P079,2152.5
23.08.18,,4600.0,0.0,P017,13662.0
23.08.18,,4600.0,0.0,P020,8942.4
23.08.18,,4750.0,0.0,P036,4343.78
23.08.18,,6000.0,0.0,P014,7260.0
23.08.18,,6850.0,0.0,P067,8288.5
23.08.18,,7100.0,0.0,P042,8591.0
23.08.18,,7500.0,0.0,P059,14580.0
23.08.18,,12750.0,0.0,P069,15427.5
24.08.18,,100.0,0.0,P045,52.7
24.08.18,,100.0,0.0,P014,119.0
24.08.18,,100.0,0.0,P026,58.85714290000001
24.08.18,,150.0,0.0,P015,103.19999999999999
24.08.18,,150.0,0.0,P069,88.28571435
24.08.18,,150.0,0.0,P005,33.71590905
24.08.18,,200.0,0.0,P067,117.71428580000001
24.08.18,,200.0,0.0,P057,238.0
24.08.18,,250.0,0.0,P017,56.19318175
24.08.18,,250.0,0.0,P014,297.5
24.08.18,,250.0,0.0,P043,77.5
24.08.18,,300.0,0.0,P058,315.0
24.08.18,,300.0,0.0,P042,357.0
24.08.18,,400.0,0.0,P074,49.0
24.08.18,,400.0,0.0,P074,794.95625
24.08.18,,400.0,0.0,P009,235.42857160000003
24.08.18,,400.0,0.0,P071,124.0
24.08.18,,400.0,0.0,P014,124.0
24.08.18,,400.0,0.0,P079,127.11111120000001
24.08.18,,500.0,0.0,P016,61.25
24.08.18,,500.0,0.0,P072,61.25
24.08.18,,500.0,0.0,P028,155.0
24.08.18,,600.0,1.0,P038,1208.256
24.08.18,,600.0,0.0,P074,73.5
24.08.18,,600.0,0.0,P057,202.2857142
24.08.18,,800.0,0.0,P029,179.8181816
24.08.18,,800.0,1.0,P030,2376.0
24.08.18,,1000.0,1.0,P058,527.0
24.08.18,,1000.0,0.0,P017,224.772727
24.08.18,,1000.0,0.0,P015,310.0
24.08.18,,1100.0,0.0,P059,341.0
24.08.18,,1300.0,0.0,P057,1547.0
24.08.18,,1300.0,0.0,P079,1547.0
24.08.18,,1400.0,0.0,P067,1666.0
24.08.18,,1600.0,0.0,P059,1100.8
24.08.18,,1700.0,0.0,P058,3304.7999999999997
24.08.18,,1800.0,1.0,P022,5346.0
24.08.18,,2000.0,0.0,P069,2380.0
24.08.18,,2250.0,0.0,P055,2677.5
24.08.18,,2700.0,0.0,P036,1514.84256
24.08.18,,2850.0,0.0,P055,1501.95
24.08.18,,4000.0,0.0,P040,899.090908
24.08.18,,10100.0,0.0,P031,19634.399999999998
25.08.18,,42.525,0.0,P071,5.6681848062
25.08.18,,100.0,0.0,P010,89.0
25.08.18,,100.0,0.0,P036,58.85714290000001
25.08.18,,200.0,0.0,P039,67.42857140000001
25.08.18,,250.0,0.0,P039,228.61999999999998
25.08.18,,250.0,0.0,P073,85.775
25.08.18,,300.0,0.0,P071,315.0
25.08.18,,300.0,0.0,P069,176.5714287
25.08.18,,400.0,0.0,P026,210.8
25.08.18,,400.0,1.0,P037,275.2
25.08.18,,450.0,0.0,P014,535.5
25.08.18,,600.0,0.0,P071,630.0
25.08.18,,600.0,0.0,P079,726.0
25.08.18,,600.0,0.0,P014,885.6
25.08.18,,750.0,0.0,P069,91.875
25.08.18,,800.0,0.0,P069,550.4
25.08.18,,800.0,0.0,P056,98.0
25.08.18,,800.0,0.0,P051,98.0
25.08.18,,800.0,0.0,P024,952.0
25.08.18,,800.0,0.0,P039,952.0
25.08.18,,900.0,0.0,P016,1328.4
25.08.18,,900.0,0.0,P067,210.60000000000002
25.08.18,,950.0,0.0,P074,1130.5
25.08.18,,1000.0,0.0,P067,688.0
25.08.18,,1000.0,0.0,P073,2970.0
25.08.18,,1100.0,0.0,P055,577.5
25.08.18,,1100.0,0.0,P009,587.4
25.08.18,,1100.0,0.0,P026,1397.0
25.08.18,,1150.0,0.0,P071,603.75
25.08.18,,1200.0,0.0,P009,1068.0
25.08.18,,1200.0,0.0,P015,1428.0
25.08.18,,1250.0,0.0,P067,1312.5
25.08.18,,1250.0,0.0,P071,859.9999999999999
25.08.18,,1250.0,0.0,P071,1112.5
25.08.18,,1250.0,0.0,P051,1487.5
25.08.18,,1300.0,0.0,P071,682.5
25.08.18,,1400.0,0.0,P016,1666.0
25.08.18,,1400.0,0.0,P069,1666.0
25.08.18,,1450.0,0.0,P014,1725.5
25.08.18,,1600.0,0.0,P013,1100.8
25.08.18,,1800.0,0.0,P055,1646.0639999999999
25.08.18,,2200.0,0.0,P071,1155.0
25.08.18,,2250.0,0.0,P009,1185.75
25.08.18,,2300.0,0.0,P067,1212.1000000000001
25.08.18,,2300.0,0.0,P069,1353.7142867
25.08.18,,2500.0,0.0,P031,7425.000000000001
25.08.18,,2600.0,0.0,P071,1370.2
25.08.18,,2600.0,0.0,P073,3094.0
25.08.18,,2800.0,0.0,P079,2560.544
25.08.18,,3500.0,0.0,P079,1837.5
25.08.18,,3600.0,0.0,P059,6998.4
25.08.18,,4000.0,0.0,P036,4760.0
25.08.18,,4750.0,0.0,P079,2503.25
25.08.18,,5000.0,0.0,P010,9720.0
25.08.18,,5000.0,0.0,P059,9720.0
25.08.18,,9250.0,0.0,P017,17982.0
25.08.18,,9750.0,0.0,P031,18954.0
25.08.18,,14150.0,0.0,P017,27507.6
25.08.18,,21000.0,0.0,P040,40824.0
26.08.18,,70.875,0.0,P051,48.76199999999999
26.08.18,,100.0,0.0,P042,58.85714290000001
26.08.18,,100.0,0.0,P036,58.85714290000001
26.08.18,,100.0,0.0,P055,79.10000000000001
26.08.18,,113.4,0.0,P039,66.7440000486
26.08.18,,127.575,0.0,P008,87.77159999999999
26.08.18,,150.0,0.0,P045,103.19999999999999
26.08.18,,200.0,0.0,P017,137.6
26.08.18,,200.0,0.0,P039,137.6
26.08.18,,200.0,0.0,P009,117.71428580000001
26.08.18,,250.0,0.0,P009,369.0
26.08.18,,500.0,0.0,P055,344.0
26.08.18,,700.0,0.0,P015,217.0
26.08.18,,750.0,0.0,P073,516.0
26.08.18,,800.0,0.0,P028,420.0
26.08.18,,800.0,0.0,P042,550.4
26.08.18,,800.0,0.0,P015,550.4
26.08.18,,800.0,0.0,P013,98.0
26.08.18,,800.0,0.0,P055,952.0
26.08.18,,800.0,0.0,P055,1180.8
26.08.18,,900.0,0.0,P036,6639.3
26.08.18,,1000.0,0.0,P028,527.0
26.08.18,,1200.0,0.0,P010,825.5999999999999
26.08.18,,1400.0,0.0,P042,1666.0
26.08.18,,1500.0,0.0,P059,2272.44
26.08.18,,1500.0,0.0,P016,1032.0
26.08.18,,1600.0,0.0,P069,1100.8
26.08.18,,1600.0,0.0,P057,1904.0
26.08.18,,1668.825,0.0,P067,1148.1516
26.08.18,,1750.0,0.0,P069,2082.5
26.08.18,,1850.0,0.0,P014,2201.5
26.08.18,,2100.0,0.0,P079,2499.0
26.08.18,,2500.0,0.0,P028,1719.9999999999998
26.08.18,,3600.0,0.0,P015,4356.0
26.08.18,,4000.0,0.0,P036,2752.0
26.08.18,,4000.0,0.0,P036,4760.0
26.08.18,,4750.0,0.0,P026,5652.5
26.08.18,,5000.0,0.0,P005,15550.0
26.08.18,,6500.0,0.0,P043,12636.0
27.08.18,,85.05,0.0,P061,
27.08.18,,100.0,0.0,P045,52.7
27.08.18,,100.0,0.0,P016,58.85714290000001
27.08.18,,100.0,0.0,P014,58.85714290000001
27.08.18,,100.0,0.0,P014,119.0
27.08.18,,200.0,0.0,P010,137.6
27.08.18,,200.0,0.0,P067,117.71428580000001
27.08.18,,200.0,0.0,P061,117.71428580000001
27.08.18,,200.0,0.0,P057,238.0
27.08.18,,400.0,0.0,P026,210.8
27.08.18,,400.0,0.0,P061,199.404
27.08.18,,500.0,1.0,P041,605.0
27.08.18,,500.0,0.0,P071,294.28571450000004
27.08.18,,500.0,0.0,P036,3688.5
27.08.18,,550.0,0.0,P009,323.71428595000003
27.08.18,,600.0,0.0,P026,80.58
27.08.18,,600.0,0.0,P009,726.0
27.08.18,,700.0,0.0,P014,833.0
27.08.18,,750.0,0.0,P071,516.0
27.08.18,,750.0,0.0,P057,441.42857175
27.08.18,,800.0,1.0,P032,712.0
27.08.18,,800.0,0.0,P079,269.71428560000004
27.08.18,,900.0,0.0,P010,202.29545430000002
27.08.18,,1100.0,0.0,P015,1623.6
27.08.18,,1250.0,0.0,P009,1487.5
27.08.18,,1500.0,0.0,P036,1032.0
27.08.18,,1500.0,0.0,P010,1785.0
27.08.18,,1800.0,0.0,P016,1238.3999999999999
27.08.18,,1850.0,0.0,P014,1272.8
27.08.18,,2100.0,0.0,P057,1444.8
27.08.18,,2150.0,0.0,P061,1479.1999999999998
27.08.18,,3300.0,0.0,P071,2270.3999999999996
27.08.18,,3600.0,0.0,P067,4284.0
27.08.18,,9900.0,1.0,P007,19245.6
27.08.18,,10000.0,0.0,P079,5250.0
28.08.18,,70.875,0.0,P050,41.715000030375
28.08.18,,100.0,0.0,P014,119.0
28.08.18,,100.0,0.0,P036,58.85714290000001
28.08.18,,100.0,0.0,P013,34.31
28.08.18,,113.4,0.0,P050,134.946
28.08.18,,200.0,0.0,P014,182.896
28.08.18,,200.0,0.0,P071,238.0
28.08.18,,200.0,0.0,P024,44.9545454
28.08.18,,200.0,0.0,P014,123.648
28.08.18,,250.0,0.0,P051,56.19318175
28.08.18,,300.0,0.0,P036,206.39999999999998
28.08.18,,300.0,0.0,P042,442.8
28.08.18,,400.0,0.0,P036,275.2
28.08.18,,400.0,0.0,P051,275.2
28.08.18,,500.0,0.0,P056,344.0
28.08.18,,500.0,0.0,P015,595.0
28.08.18,,600.0,0.0,P024,412.79999999999995
28.08.18,,600.0,0.0,P063,412.79999999999995
28.08.18,,600.0,0.0,P027,412.79999999999995
28.08.18,,600.0,0.0,P070,73.5
28.08.18,,600.0,0.0,P014,762.0
28.08.18,,750.0,0.0,P057,2227.5
28.08.18,,750.0,0.0,P036,1107.0
28.08.18,,800.0,0.0,P074,550.4
28.08.18,,800.0,0.0,P037,269.71428560000004
28.08.18,,900.0,0.0,P052,120.87
28.08.18,,900.0,0.0,P045,110.25
28.08.18,,950.0,0.0,P015,1130.5
28.08.18,,1000.0,0.0,P026,1210.0
28.08.18,,1000.0,0.0,P045,122.5
28.08.18,,1000.0,0.0,P067,1476.0
28.08.18,,1000.0,0.0,P009,234.0
28.08.18,,1250.0,0.0,P036,658.75
28.08.18,,1500.0,0.0,P069,1785.0
28.08.18,,1518.825,0.0,P005,4510.910250000001
28.08.18,,1550.0,0.0,P031,480.5
28.08.18,,1900.0,1.0,P022,3693.6
28.08.18,,1950.0,0.0,P067,1341.6
28.08.18,,2100.0,0.0,P069,707.9999997
28.08.18,,2250.0,0.0,P055,572.58620775
28.08.18,,2300.0,0.0,P055,1582.3999999999999
28.08.18,,2400.0,0.0,P057,2856.0
28.08.18,,2600.0,0.0,P059,3938.896
28.08.18,,2850.0,0.0,P055,3391.5
28.08.18,,3100.0,0.0,P061,3689.0
28.08.18,,3350.0,0.0,P036,3986.5
28.08.18,,3350.0,0.0,P079,3986.5
28.08.18,,3700.0,0.0,P071,4403.0
28.08.18,,4050.0,0.0,P042,4819.5
28.08.18,,4250.0,0.0,P051,2923.9999999999995
28.08.18,,5100.0,0.0,P028,6069.0
28.08.18,,5300.0,0.0,P067,6307.0
28.08.18,,8450.0,0.0,P017,16426.8
29.08.18,,100.0,0.0,P055,105.0
29.08.18,,100.0,0.0,P014,68.8
29.08.18,,100.0,0.0,P067,58.85714290000001
29.08.18,,100.0,0.0,P055,58.85714290000001
29.08.18,,150.0,0.0,P067,103.19999999999999
29.08.18,,200.0,0.0,P026,1475.3999999999999
29.08.18,,200.0,0.0,P069,26.658129600000002
29.08.18,,250.0,0.0,P026,302.5
29.08.18,,250.0,0.0,P056,172.0
29.08.18,,400.0,0.0,P072,275.2
29.08.18,,400.0,0.0,P036,275.2
29.08.18,,500.0,0.0,P016,344.0
29.08.18,,500.0,0.0,P057,344.0
29.08.18,,500.0,0.0,P057,112.3863635
29.08.18,,500.0,0.0,P055,155.0
29.08.18,,500.0,0.0,P063,158.888889
29.08.18,,500.0,0.0,P067,295.0
29.08.18,,600.0,0.0,P026,80.58
29.08.18,,600.0,0.0,P071,412.79999999999995
29.08.18,,600.0,0.0,P051,412.79999999999995
29.08.18,,600.0,0.0,P073,412.79999999999995
29.08.18,,600.0,1.0,P076,412.79999999999995
29.08.18,,600.0,0.0,P071,714.0
29.08.18,,700.0,0.0,P071,235.9999999
29.08.18,,750.0,0.0,P039,516.0
29.08.18,,850.0,0.0,P067,6270.45
29.08.18,,900.0,0.0,P071,1071.0
29.08.18,,1100.0,0.0,P063,756.8
29.08.18,,1100.0,0.0,P010,1309.0
29.08.18,,1168.825,0.0,P055,804.1515999999999
29.08.18,,1300.0,0.0,P039,1547.0
29.08.18,,1400.0,0.0,P026,963.1999999999999
29.08.18,,1500.0,0.0,P071,4455.0
29.08.18,,1500.0,0.0,P071,505.7142855
29.08.18,,1550.0,0.0,P042,1066.3999999999999
29.08.18,,1600.0,0.0,P071,4752.0
29.08.18,,1750.0,0.0,P055,2082.5
29.08.18,,1750.0,0.0,P071,5670.0
29.08.18,,2950.0,0.0,P074,5256.9
29.08.18,,3700.0,0.0,P020,7192.8
29.08.18,,4100.0,0.0,P067,4879.0
29.08.18,,4850.0,0.0,P005,14404.500000000002
29.08.18,,5850.0,0.0,P009,6961.5
29.08.18,,6750.0,0.0,P071,8032.5
03.08.18,,14.175,0.0,P042,16.86825
03.08.18,,28.35,0.0,P008,209.13795000000002
03.08.18,,42.525,0.0,P008,25.029000018225002
03.08.18,,56.7,0.0,P037,33.3720000243
03.08.18,,70.875,0.0,P042,84.34125
03.08.18,,100.0,0.0,P017,198.7390625
03.08.18,,100.0,0.0,P014,198.7390625
03.08.18,,100.0,0.0,P061,198.7390625
03.08.18,,100.0,0.0,P071,58.85714290000001
03.08.18,,100.0,0.0,P014,119.0
03.08.18,,113.4,0.0,P014,35.154
03.08.18,,127.575,0.0,P040,17.0045544186
03.08.18,,141.75,0.0,P042,281.71262109375
03.08.18,,200.0,0.0,P014,182.896
03.08.18,,200.0,0.0,P016,117.71428580000001
03.08.18,,200.0,0.0,P042,117.71428580000001
03.08.18,,200.0,0.0,P025,117.71428580000001
03.08.18,,240.975,0.0,P014,74.70224999999999
03.08.18,,250.0,0.0,P040,250.37992125000002
03.08.18,,250.0,0.0,P071,369.0
03.08.18,,250.0,0.0,P079,369.0
03.08.18,,250.0,0.0,P014,58.5
03.08.18,,300.0,0.0,P014,357.0
03.08.18,,400.0,0.0,P057,124.0
03.08.18,,500.0,0.0,P045,263.5
03.08.18,,500.0,0.0,P061,294.28571450000004
03.08.18,,500.0,0.0,P042,3688.5
03.08.18,,500.0,0.0,P015,2634.642857
03.08.18,,500.0,0.0,P071,3688.5
03.08.18,,500.0,0.0,P014,2634.642857
03.08.18,,500.0,0.0,P071,155.0
03.08.18,,600.0,0.0,P036,630.0
03.08.18,,600.0,0.0,P015,186.0
03.08.18,,750.0,0.0,P067,232.5
03.08.18,,1100.0,0.0,P039,579.7
03.08.18,,1150.0,0.0,P057,1368.5
03.08.18,,1250.0,0.0,P061,153.125
03.08.18,,1300.0,0.0,P059,292.2045451
03.08.18,,1400.0,0.0,P040,1402.1275590000002
03.08.18,,1500.0,0.0,P071,183.75
03.08.18,,1600.0,0.0,P036,2272.0
03.08.18,,1850.0,0.0,P036,974.95
03.08.18,,1850.0,0.0,P014,2201.5
03.08.18,,2000.0,0.0,P036,1050.0
03.08.18,,2000.0,0.0,P073,2952.0
03.08.18,,2300.0,0.0,P061,516.9772721
03.08.18,,2500.0,0.0,P014,1317.5
03.08.18,,2900.0,0.0,P069,3451.0
03.08.18,,3850.0,0.0,P067,4581.5
03.08.18,,3850.0,0.0,P015,4581.5
03.08.18,,4000.0,0.0,P005,6059.84
03.08.18,,4180.0,0.0,P069,1063.73793262
03.08.18,,7400.0,0.0,P040,14385.6
30.08.18,,56.7,0.0,P070,29.880900000000004
30.08.18,,56.7,0.0,P037,58.401
30.08.18,,85.05,0.0,P052,44.82135
30.08.18,,100.0,0.0,P008,52.7
30.08.18,,100.0,0.0,P045,52.7
30.08.18,,100.0,0.0,P024,68.8
30.08.18,,100.0,0.0,P072,68.8
30.08.18,,100.0,0.0,P014,119.0
30.08.18,,150.0,0.0,P074,103.19999999999999
30.08.18,,150.0,0.0,P014,103.19999999999999
30.08.18,,150.0,0.0,P070,190.905
30.08.18,,200.0,0.0,P063,137.6
30.08.18,,200.0,0.0,P051,137.6
30.08.18,,250.0,0.0,P071,172.0
30.08.18,,250.0,0.0,P051,172.0
30.08.18,,350.0,0.0,P016,240.79999999999998
30.08.18,,400.0,0.0,P024,275.2
30.08.18,,400.0,0.0,P016,275.2
30.08.18,,400.0,0.0,P026,275.2
30.08.18,,400.0,0.0,P061,275.2
30.08.18,,450.0,0.0,P074,309.59999999999997
30.08.18,,500.0,0.0,P072,294.28571450000004
30.08.18,,500.0,0.0,P067,738.0
30.08.18,,600.0,0.0,P051,412.79999999999995
30.08.18,,1000.0,0.0,P036,688.0
30.08.18,,1100.0,0.0,P067,579.7
30.08.18,,1250.0,0.0,P061,167.875
30.08.18,,1300.0,0.0,P071,1573.0
30.08.18,,1400.0,0.0,P036,737.8000000000001
30.08.18,,1400.0,1.0,P012,4354.0
30.08.18,,1550.0,0.0,P026,208.165
30.08.18,,1600.0,0.0,P067,1100.8
30.08.18,,2250.0,0.0,P005,771.975
30.08.18,,2300.0,0.0,P059,4888.0395064
30.08.18,,3000.0,0.0,P061,1581.0
30.08.18,,3100.0,0.0,P026,1633.7
30.08.18,,5000.0,0.0,P028,6050.0
30.08.18,,8650.0,0.0,P010,16815.6
31.08.18,,100.0,0.0,P009,68.8
31.08.18,,100.0,0.0,P061,119.0
31.08.18,,100.0,0.0,P028,198.7390625
31.08.18,,100.0,0.0,P071,103.0
31.08.18,,200.0,0.0,P039,284.0
31.08.18,,200.0,0.0,P039,117.71428580000001
31.08.18,,250.0,0.0,P014,1844.25
31.08.18,,300.0,0.0,P028,176.5714287
31.08.18,,500.0,0.0,P042,3688.5
31.08.18,,500.0,0.0,P050,3688.5
31.08.18,,550.0,0.0,P074,378.4
31.08.18,,600.0,0.0,P037,73.5
31.08.18,,600.0,0.0,P061,4426.2
31.08.18,,600.0,0.0,P015,714.0
31.08.18,,700.0,0.0,P024,481.59999999999997
31.08.18,,700.0,0.0,P036,5163.9
31.08.18,,750.0,0.0,P051,516.0
31.08.18,,800.0,0.0,P072,550.4
31.08.18,,850.0,0.0,P015,1011.5
31.08.18,,1000.0,0.0,P016,688.0
31.08.18,,1700.0,1.0,P075,3304.7999999999997
31.08.18,,1750.0,0.0,P079,1600.34
31.08.18,,1750.0,0.0,P067,2082.5
31.08.18,,1800.0,0.0,P013,1238.3999999999999
31.08.18,,1950.0,0.0,P026,1341.6
31.08.18,,2000.0,0.0,P036,1828.9599999999998
31.08.18,,2000.0,0.0,P079,2540.0
31.08.18,,2200.0,0.0,P057,2618.0
31.08.18,,2350.0,0.0,P036,2796.5
31.08.18,,2500.0,0.0,P042,2975.0
31.08.18,,2850.0,0.0,P061,3391.5
31.08.18,,3200.0,0.0,P016,3808.0
31.08.18,,3300.0,0.0,P042,839.7931047
31.08.18,,3750.0,0.0,P071,4462.5
31.08.18,,4100.0,0.0,P039,2820.7999999999997
31.08.18,,4500.0,0.0,P028,5355.0
31.08.18,,4700.0,0.0,P013,13959.000000000002
31.08.18,,6450.0,0.0,P079,3399.15
31.08.18,,7100.0,0.0,P013,21087.0
31.08.18,,12600.0,0.0,P005,24494.399999999998
31.08.18,,12750.0,0.0,P079,6693.75
31.08.18,,12800.0,0.0,P005,24883.2
04.08.18,,42.525,0.0,P014,54.1215675
04.08.18,,42.525,0.0,P014,42.589624604625
04.08.18,,56.7,0.0,P069,166.698
04.08.18,,155.925,0.0,P061,309.88388320312504
04.08.18,,200.0,0.0,P014,99.702
04.08.18,,250.0,0.0,P014,30.625
04.08.18,,250.0,0.0,P042,496.84765625
04.08.18,,250.0,0.0,P036,147.14285725000002
04.08.18,,300.0,0.0,P040,2213.1
04.08.18,,500.0,0.0,P071,249.255
04.08.18,,500.0,0.0,P027,993.6953125
04.08.18,,500.0,0.0,P079,155.0
04.08.18,,600.0,0.0,P015,73.5
04.08.18,,600.0,0.0,P049,299.106
04.08.18,,750.0,0.0,P009,373.8825
04.08.18,,900.0,0.0,P067,1089.0
04.08.18,,900.0,0.0,P040,448.659
04.08.18,,1250.0,0.0,P067,9221.25
04.08.18,,1250.0,0.0,P069,9221.25
04.08.18,,1250.0,0.0,P042,9221.25
04.08.18,,1400.0,0.0,P027,2120.944
04.08.18,,1400.0,0.0,P005,697.914
04.08.18,,1500.0,1.0,P011,1815.0
04.08.18,,1500.0,0.0,P005,4665.0
04.08.18,,1900.0,0.0,P015,2261.0
04.08.18,,2000.0,0.0,P010,997.02
04.08.18,,2000.0,0.0,P040,3974.78125
04.08.18,,2100.0,0.0,P031,6237.0
04.08.18,,2750.0,0.0,P059,5346.0
04.08.18,,2800.0,1.0,P053,1470.0
04.08.18,,3000.0,0.0,P067,1581.0
04.08.18,,3600.0,0.0,P069,1897.2
04.08.18,,9500.0,0.0,P017,18468.0
04.08.18,,12100.0,0.0,P069,23522.399999999998
04.08.18,,12200.0,0.0,P067,23716.8
04.08.18,,20625.0,0.0,P010,40095.0
05.08.18,,70.875,0.0,P028,9.446974677
05.08.18,,85.05,0.0,P014,50.058000036450004
05.08.18,,100.0,1.0,P007,212.52345680000002
05.08.18,,100.0,0.0,P015,13.329064800000001
05.08.18,,200.0,0.0,P027,44.9545454
05.08.18,,200.0,0.0,P043,44.9545454
05.08.18,,200.0,0.0,P061,1475.3999999999999
05.08.18,,200.0,0.0,P014,238.0
05.08.18,,200.0,0.0,P015,254.0
05.08.18,,250.0,0.0,P061,297.5
05.08.18,,250.0,0.0,P028,147.14285725000002
05.08.18,,250.0,0.0,P015,147.14285725000002
05.08.18,,250.0,0.0,P028,33.300000000000004
05.08.18,,250.0,0.0,P042,1317.3214285
05.08.18,,300.0,0.0,P042,39.98719440000001
05.08.18,,400.0,0.0,P015,210.8
05.08.18,,400.0,0.0,P039,210.8
05.08.18,,400.0,0.0,P067,794.95625
05.08.18,,500.0,0.0,P036,263.5
05.08.18,,500.0,0.0,P025,61.25
05.08.18,,600.0,0.0,P017,714.0
05.08.18,,600.0,0.0,P059,1866.0
05.08.18,,900.0,0.0,P067,1071.0
05.08.18,,1000.0,0.0,P028,1650.74
05.08.18,,1000.0,0.0,P067,1987.390625
05.08.18,,1200.0,0.0,P017,3732.0
05.08.18,,1218.825,0.0,P059,3790.5457499999998
05.08.18,,1850.0,0.0,P073,2201.5
05.08.18,,1900.0,0.0,P014,2804.4
05.08.18,,2100.0,0.0,P079,2499.0
05.08.18,,2500.0,0.0,P042,1317.5
05.08.18,,3600.0,0.0,P013,5453.856000000001
05.08.18,,4500.0,0.0,P069,5355.0
05.08.18,,5800.0,0.0,P067,6902.0
05.08.18,,7600.0,0.0,P073,7611.5496060000005
05.08.18,,7700.0,0.0,P069,7711.701574500001
05.08.18,,7750.0,0.0,P039,23017.5
06.08.18,,56.7,0.0,P073,39.0096
06.08.18,,100.0,0.0,P061,49.851
06.08.18,,100.0,0.0,P079,58.85714290000001
06.08.18,,113.4,0.0,P073,0.0
06.08.18,,200.0,0.0,P026,99.702
06.08.18,,250.0,0.0,P067,124.6275
06.08.18,,250.0,0.0,P067,147.14285725000002
06.08.18,,300.0,0.0,P026,149.553
06.08.18,,300.0,0.0,P016,357.0
06.08.18,,400.0,0.0,P027,199.404
06.08.18,,400.0,0.0,P071,199.404
06.08.18,,400.0,0.0,P015,235.42857160000003
06.08.18,,400.0,0.0,P036,235.42857160000003
06.08.18,,400.0,0.0,P014,476.0
06.08.18,,500.0,0.0,P061,249.255
06.08.18,,500.0,0.0,P067,993.6953125
06.08.18,,600.0,0.0,P059,726.0
06.08.18,,600.0,0.0,P040,4426.2
06.08.18,,700.0,0.0,P073,3688.4999998
06.08.18,,700.0,1.0,P023,2079.0
06.08.18,,750.0,0.0,P040,168.57954525
06.08.18,,800.0,0.0,P069,98.0
06.08.18,,900.0,0.0,P057,1071.0
06.08.18,,900.0,0.0,P010,279.0
06.08.18,,1250.0,0.0,P067,1512.5
06.08.18,,1300.0,1.0,P078,1573.0
06.08.18,,1750.0,0.0,P013,542.5
06.08.18,,1850.0,0.0,P069,974.95
06.08.18,,1900.0,0.0,P042,2261.0
06.08.18,,2000.0,0.0,P079,5228.28
06.08.18,,2000.0,0.0,P040,3974.78125
06.08.18,,2100.0,0.0,P005,1046.871
06.08.18,,2250.0,0.0,P049,1121.6475
06.08.18,,2500.0,0.0,P073,1494.6428575
06.08.18,,2600.0,0.0,P013,4291.924
06.08.18,,2750.0,0.0,P059,1370.9025
06.08.18,,2750.0,0.0,P013,852.5
06.08.18,,4100.0,0.0,P010,2043.891
06.08.18,,6600.0,0.0,P079,7854.0
07.08.18,,99.225,0.0,P055,34.0440975
07.08.18,,100.0,0.0,P027,49.851
07.08.18,,100.0,0.0,P015,58.85714290000001
07.08.18,,200.0,0.0,P039,117.71428580000001
07.08.18,,250.0,0.0,P043,147.14285725000002
07.08.18,,250.0,0.0,P028,56.19318175
07.08.18,,250.0,0.0,P027,1317.3214285
07.08.18,,250.0,0.0,P050,1844.25
07.08.18,,250.0,0.0,P061,297.5
07.08.18,,300.0,0.0,P042,300.45590550000003
07.08.18,,300.0,0.0,P028,1580.7857141999998
07.08.18,,300.0,0.0,P069,93.0
07.08.18,,400.0,1.0,P079,645.8879999999999
07.08.18,,400.0,0.0,P028,476.0
07.08.18,,400.0,0.0,P039,400.60787400000004
07.08.18,,400.0,0.0,P057,235.42857160000003
07.08.18,,400.0,0.0,P061,2950.7999999999997
07.08.18,,400.0,0.0,P055,127.11111120000001
07.08.18,,500.0,0.0,P002,263.5
07.08.18,,500.0,0.0,P017,249.255
07.08.18,,500.0,0.0,P074,249.255
07.08.18,,500.0,0.0,P043,249.255
07.08.18,,500.0,0.0,P061,294.28571450000004
07.08.18,,500.0,0.0,P055,3688.5
07.08.18,,500.0,0.0,P002,158.888889
07.08.18,,518.825,0.0,P063,617.40175
07.08.18,,600.0,0.0,P005,1866.0
07.08.18,,600.0,0.0,P040,1192.434375
07.08.18,,600.0,0.0,P042,4426.2
07.08.18,,600.0,0.0,P015,714.0
07.08.18,,600.0,0.0,P028,885.6
07.08.18,,600.0,0.0,P015,885.6
07.08.18,,650.0,0.0,P040,773.5
07.08.18,,750.0,0.0,P043,3951.9642854999997
07.08.18,,900.0,0.0,P079,823.0319999999999
07.08.18,,900.0,0.0,P027,1788.6515625
07.08.18,,1000.0,1.0,P022,224.772727
07.08.18,,1000.0,0.0,P039,1190.0
07.08.18,,1100.0,0.0,P067,2186.1296875
07.08.18,,1200.0,0.0,P020,598.212
07.08.18,,1250.0,0.0,P020,3887.5
07.08.18,,1250.0,0.0,P043,2484.23828125
07.08.18,,1500.0,0.0,P059,3187.8518520000002
07.08.18,,2000.0,0.0,P069,2003.0393700000002
07.08.18,,2100.0,0.0,P010,1046.871
07.08.18,,2500.0,0.0,P002,333.22662
07.08.18,,2750.0,0.0,P040,4166.14
07.08.18,,5250.0,0.0,P039,15592.500000000002
07.08.18,,6100.0,0.0,P067,7259.0
07.08.18,,8250.0,0.0,P069,9817.5
07.08.18,,10100.0,0.0,P055,19634.399999999998
07.08.18,,10375.0,0.0,P059,20169.0
07.08.18,,11250.0,0.0,P002,21870.0
07.08.18,,11600.0,0.0,P017,22550.399999999998
07.08.18,,14100.0,0.0,P031,27410.399999999998
08.08.18,,150.0,0.0,P025,181.5
08.08.18,,200.0,0.0,P015,117.71428580000001
08.08.18,,200.0,0.0,P025,26.640000000000004
08.08.18,,200.0,0.0,P026,1475.3999999999999
08.08.18,,250.0,0.0,P071,297.5
08.08.18,,250.0,0.0,P026,369.0
08.08.18,,250.0,0.0,P061,369.0
08.08.18,,300.0,0.0,P016,36.75
08.08.18,,500.0,0.0,P042,294.28571450000004
08.08.18,,1400.0,0.0,P067,737.8000000000001
08.08.18,,1600.0,1.0,P034,1424.0
08.08.18,,1700.0,0.0,P026,2023.0
08.08.18,,1900.0,0.0,P061,2261.0
08.08.18,,3100.0,0.0,P031,696.7954537
09.08.18,,28.35,0.0,P037,14.940450000000002
09.08.18,,100.0,0.0,P055,52.5
09.08.18,,100.0,0.0,P056,100.15196850000001
09.08.18,,100.0,0.0,P015,58.85714290000001
09.08.18,,100.0,0.0,P050,22.4772727
09.08.18,,100.0,0.0,P008,147.6
09.08.18,,200.0,0.0,P026,117.71428580000001
09.08.18,,200.0,0.0,P069,26.640000000000004
09.08.18,,200.0,0.0,P036,
09.08.18,,250.0,0.0,P025,131.75
09.08.18,,250.0,0.0,P061,124.6275
09.08.18,,250.0,0.0,P015,250.37992125000002
09.08.18,,250.0,0.0,P050,33.300000000000004
09.08.18,,250.0,0.0,P008,1844.25
09.08.18,,250.0,0.0,P039,297.5
09.08.18,,250.0,0.0,P069,33.322662
09.08.18,,300.0,0.0,P069,274.344
09.08.18,,300.0,1.0,P001,160.20000000000002
09.08.18,,400.0,0.0,P013,794.95625
09.08.18,,400.0,0.0,P039,476.0
09.08.18,,400.0,0.0,P027,89.9090908
09.08.18,,400.0,0.0,P061,2107.7142856
09.08.18,,400.0,0.0,P015,124.0
09.08.18,,500.0,0.0,P039,263.5
09.08.18,,500.0,1.0,P058,267.0
09.08.18,,500.0,0.0,P015,294.28571450000004
09.08.18,,500.0,0.0,P028,2634.642857
09.08.18,,500.0,0.0,P074,595.0
09.08.18,,600.0,0.0,P079,548.688
09.08.18,,600.0,0.0,P040,600.9118110000001
09.08.18,,750.0,0.0,P074,91.875
09.08.18,,750.0,0.0,P051,91.875
09.08.18,,750.0,0.0,P071,3951.9642854999997
09.08.18,,900.0,1.0,P058,801.0
09.08.18,,900.0,0.0,P010,4742.3571426
09.08.18,,900.0,0.0,P020,4742.3571426
09.08.18,,1000.0,1.0,P058,688.0
09.08.18,,1300.0,1.0,P011,1092.0
09.08.18,,1450.0,0.0,P039,2140.2
09.08.18,,1500.0,0.0,P069,1575.0
09.08.18,,1500.0,1.0,P001,1640.2499999999998
09.08.18,,1500.0,0.0,P055,4455.0
09.08.18,,2100.0,0.0,P055,1106.7
09.08.18,,2400.0,0.0,P040,539.4545448
09.08.18,,2750.0,1.0,P034,3327.5
09.08.18,,3150.0,0.0,P031,6123.599999999999
09.08.18,,3150.0,0.0,P015,4649.4
09.08.18,,3450.0,1.0,P001,3772.575
09.08.18,,3600.0,0.0,P036,4284.0
09.08.18,,3600.0,0.0,P061,4284.0
09.08.18,,4100.0,0.0,P031,7970.4
09.08.18,,4200.0,0.0,P069,2213.4
09.08.18,,4350.0,0.0,P028,5176.5
09.08.18,,5000.0,0.0,P071,5950.0
09.08.18,,8500.0,0.0,P067,10115.0
09.08.18,,9050.0,0.0,P057,17593.2
09.08.18,,13350.0,0.0,P031,25952.399999999998
09.08.18,,17700.0,0.0,P055,34408.799999999996
01.09.18,,100.0,0.0,P018,68.8
01.09.18,,100.0,0.0,P069,58.85714290000001
01.09.18,,100.0,0.0,P016,119.0
01.09.18,,150.0,0.0,P024,103.19999999999999
01.09.18,,150.0,0.0,P057,103.19999999999999
01.09.18,,200.0,0.0,P055,137.6
01.09.18,,200.0,0.0,P042,117.71428580000001
01.09.18,,200.0,0.0,P036,117.71428580000001
01.09.18,,200.0,0.0,P074,117.71428580000001
01.09.18,,250.0,0.0,P024,172.0
01.09.18,,250.0,0.0,P063,172.0
01.09.18,,250.0,0.0,P018,172.0
01.09.18,,250.0,0.0,P057,297.5
01.09.18,,300.0,0.0,P010,2213.1
01.09.18,,300.0,0.0,P014,357.0
01.09.18,,350.0,0.0,P016,240.79999999999998
01.09.18,,350.0,0.0,P051,240.79999999999998
01.09.18,,400.0,0.0,P009,275.2
01.09.18,,450.0,0.0,P026,264.85714305
01.09.18,,500.0,0.0,P005,630.0799999999999
01.09.18,,500.0,0.0,P015,344.0
01.09.18,,500.0,0.0,P069,3688.5
01.09.18,,500.0,0.0,P009,738.0
01.09.18,,600.0,0.0,P016,412.79999999999995
01.09.18,,600.0,0.0,P028,412.79999999999995
01.09.18,,600.0,0.0,P067,412.79999999999995
01.09.18,,600.0,0.0,P067,353.1428574
01.09.18,,600.0,0.0,P071,353.1428574
01.09.18,,600.0,0.0,P026,714.0
01.09.18,,750.0,0.0,P018,516.0
01.09.18,,800.0,0.0,P024,550.4
01.09.18,,800.0,0.0,P063,550.4
01.09.18,,800.0,0.0,P071,550.4
01.09.18,,800.0,0.0,P051,550.4
01.09.18,,900.0,0.0,P074,619.1999999999999
01.09.18,,950.0,0.0,P026,653.5999999999999
01.09.18,,1000.0,0.0,P036,688.0
01.09.18,,1250.0,0.0,P042,859.9999999999999
01.09.18,,2000.0,0.0,P074,2380.0
01.09.18,,2250.0,0.0,P069,2677.5
01.09.18,,3250.0,0.0,P020,6318.0
01.09.18,,8500.0,0.0,P005,16524.0
02.09.18,,99.225,0.0,P008,58.401000042525
02.09.18,,100.0,0.0,P055,58.85714290000001
02.09.18,,100.0,0.0,P013,34.31
02.09.18,,100.0,0.0,P015,13.329064800000001
02.09.18,,150.0,0.0,P045,88.28571435
02.09.18,,200.0,0.0,P079,26.658129600000002
02.09.18,,300.0,0.0,P074,206.39999999999998
02.09.18,,300.0,0.0,P056,206.39999999999998
02.09.18,,350.0,0.0,P063,240.79999999999998
02.09.18,,500.0,0.0,P045,344.0
02.09.18,,600.0,0.0,P061,134.8636362
02.09.18,,650.0,0.0,P016,447.2
02.09.18,,750.0,0.0,P072,91.875
02.09.18,,900.0,0.0,P039,619.1999999999999
02.09.18,,1250.0,0.0,P049,1512.5
02.09.18,,1600.0,0.0,P013,1100.8
02.09.18,,1900.0,0.0,P013,947.169
02.09.18,,2500.0,0.0,P061,2975.0
02.09.18,,3000.0,0.0,P040,2064.0
02.09.18,,3000.0,0.0,P018,5346.0
02.09.18,,3900.0,0.0,P057,4641.0
02.09.18,,4300.0,0.0,P026,5117.0
02.09.18,,6100.0,0.0,P067,7259.0
02.09.18,,6500.0,0.0,P079,7735.0
02.09.18,,7100.0,0.0,P055,8449.0
02.09.18,,8000.0,0.0,P042,9520.0
02.09.18,,9375.0,0.0,P031,18225.0
02.09.18,,9500.0,0.0,P015,11305.0
02.09.18,,12000.0,0.0,P040,23328.0
